tipe,shapeID,shapeName,d_mbps,u_mbps,lat_ms,tests,n_tiles,data_cukup
fixed,22746128B65593111718524,Aceh Barat,46.070078182487116,27.342507542310532,25.27299484915379,5436,263,true
fixed,22746128B227561513795,Aceh Barat Daya,46.071287210172031,21.147531039640988,31.902019446522065,1337,105,true
fixed,22746128B90547447297479,Aceh Besar,88.332520699852154,82.479302735337583,10.934542878265155,32464,1114,true
fixed,22746128B21424895456858,Aceh Jaya,53.771243498817981,18.94570449172577,30.8983451536643,846,62,true
fixed,22746128B12428400263117,Aceh Selatan,50.771654512306277,29.138116681859621,36.965815861440291,2194,120,true
fixed,22746128B17710719872214,Aceh Singkil,26.359854256233877,15.265284178847807,42.742046431642308,2326,108,true
fixed,22746128B57620394058931,Aceh Tamiang,45.896935714285732,21.251328078817739,35.451847290640394,8120,314,true
fixed,22746128B89023327523654,Aceh Tengah,45.427799687010967,25.315703798548867,22.496941243420117,7029,214,true
fixed,22746128B65780821536148,Aceh Tenggara,40.248776938078983,23.352452218430027,26.927596294490492,4102,278,true
fixed,22746128B94735591859977,Aceh Timur,40.931046195319205,24.871934934444305,27.155863252052445,8161,465,true
fixed,22746128B43339434023645,Aceh Utara,36.449272804412388,23.978721316443423,27.414570580035154,16499,751,true
fixed,22746128B89220130199878,Agam,86.534321567211336,58.115571634919192,27.635460864855105,11077,591,true
fixed,22746128B1117135414899,Alor,54.866676575505331,18.939011890606416,38.8359096313912,841,54,true
fixed,22746128B26461090721788,Asahan,28.267454121957602,21.460925830934308,19.63093431038995,19105,1020,true
fixed,22746128B62198228854475,Asmat,91.504209302325549,20.7146011627907,76.567441860465109,2580,74,true
fixed,22746128B76986430159502,Badung,107.40915423644293,95.957295797725109,10.599893406225181,379009,2732,true
fixed,22746128B67876608948387,Balangan,38.76716147859922,24.897388975356677,19.598962386511026,7710,358,true
fixed,22746128B73297609500416,Bandung,55.72574960631821,48.566883337456183,7.58083297635496,331486,5835,true
fixed,22746128B79756617117888,Bandung Barat,64.145454710603843,52.883323702475991,8.0405378997879371,138167,3000,true
fixed,22746128B48169474795911,Banggai,41.653145265979965,15.719428390009876,38.332862988570625,14174,630,true
fixed,22746128B2571336805106,Banggai Kepulauan,35.397306215857078,11.820164624243318,51.275653329396128,6773,203,true
fixed,22746128B78411617556279,Banggai Laut,52.848145974416859,16.766968397291198,38.398043641835969,1329,68,true
fixed,22746128B27585215741432,Bangka,47.363428452732641,41.424320254800591,18.137093796159526,10832,583,true
fixed,22746128B47433230053131,Bangka Barat,50.028562888570058,36.469769010043038,21.647297943567672,4182,251,true
fixed,22746128B19321376976921,Bangka Selatan,41.405784172661861,20.79848201438849,31.520863309352517,1390,109,true
fixed,22746128B66707258567489,Bangka Tengah,62.970552021290089,45.796003041439612,18.887086554302371,7891,307,true
fixed,22746128B23347682239441,Bangkalan,45.395880906932355,34.045902881884622,13.938265282368825,21479,836,true
fixed,22746128B25936754669599,Bangli,42.414093409941664,36.317128231914346,16.371202228606251,11487,709,true
fixed,22746128B79736905882971,Banjar,76.56775039543227,56.175665869372324,21.471085220477605,51842,1462,true
fixed,22746128B31481808975183,Banjarnegara,29.256189275990586,24.808492717612541,15.436969680949487,75662,3166,true
fixed,22746128B71175962379658,Bantaeng,50.488257414170924,32.10906428049671,25.020891161431702,6845,233,true
fixed,22746128B15956982783625,Bantul,47.787122640459543,40.174371516868838,11.12619314631077,116813,3093,true
fixed,22746128B71070720422540,Banyu Asin,71.23720890018285,58.552921007778359,17.710372183829683,32269,1422,true
fixed,22746128B18933963724988,Banyumas,62.829438097440246,59.401430640440182,13.246806207335082,190291,4835,true
fixed,22746128B51270543903443,Banyuwangi,31.61053909280686,27.210635212684132,22.420922744060647,118321,4213,true
fixed,22746128B88870484763637,Barito Kuala,64.969246669310053,52.002893457573336,20.755154639175259,25220,763,true
fixed,22746128B74191069780867,Barito Selatan,38.749376063591583,17.362531291983885,32.888210927004032,17864,484,true
fixed,22746128B29529230943245,Barito Timur,30.916094977007436,14.882875751680228,28.094534842589319,11308,425,true
fixed,22746128B89680104320053,Barito Utara,47.762327592246614,19.083772477814104,38.356433909388137,17128,518,true
fixed,22746128B81694843903641,Barru,45.949035671342692,23.45790681362725,32.201202404809621,4990,231,true
fixed,22746128B4894534477686,Batang,35.997975459550254,31.544632282044105,13.013343286367453,64302,2256,true
fixed,22746128B80000441774097,Batang Hari,91.957369263157872,67.631602631578929,36.588315789473683,9500,472,true
fixed,22746128B96384374000902,Batu Bara,23.687440158377829,19.473906833043383,22.109184714140021,16669,877,true
fixed,22746128B74302729610221,Bekasi,65.009376781266241,55.129985858069638,7.4303078856858713,434382,5791,true
fixed,22746128B80009106787015,Belitung,50.154039687848368,26.949489632107021,30.041694537346711,4485,240,true
fixed,22746128B98690900191937,Belitung Timur,50.979732970027257,21.20161852861035,31.961852861035421,1101,81,true
fixed,22746128B36840991830224,Belu,69.434620961952618,29.818702081837763,33.980617372577171,1393,70,true
fixed,22746128B4257100474226,Bener Meriah,35.282964648437506,26.290073632812504,29.03359375,5120,163,true
fixed,22746128B45456061674897,Bengkalis,41.621718643316349,26.374502460651733,18.352205719352693,22555,982,true
fixed,22746128B96004883426087,Bengkayang,44.273530943595148,26.8056425935688,25.946441750131786,9485,476,true
fixed,22746128B78254403614329,Bengkulu Selatan,77.630601368301015,68.89655165336373,24.337286202964652,4385,189,true
fixed,22746128B16836972822517,Bengkulu Tengah,94.32870903361345,83.695839985994382,16.421568627450981,2856,182,true
fixed,22746128B39887218554518,Bengkulu Utara,42.810374044533077,29.377972416085075,23.205882352941178,6018,310,true
fixed,22746128B34069275840087,Berau,54.476387325159727,21.697098773959596,45.759799689172851,17373,869,true
fixed,22746128B19254678251292,Biak Numfor,49.863093702922569,22.057649593250979,40.016571256402528,3319,135,true
fixed,22746128B14082340634491,Bima,41.953697753679322,18.347555693261036,51.059798605731991,6455,315,true
fixed,22746128B62804497316712,Bintan,54.093835472666861,41.521290924192087,11.191331923890063,13244,668,true
fixed,22746128B71427834061478,Bireuen,47.764389166250623,25.217567898152758,23.026959560659012,12018,558,true
fixed,22746128B45235083091424,Blitar,27.718777768177009,25.276965769586102,14.093778040690989,150451,5732,true
fixed,22746128B85780086903212,Blora,38.959052617784906,33.97199244573261,19.187191662555502,64864,2472,true
fixed,22746128B1718153682633,Boalemo,34.314495824828356,17.427169233624056,28.731675635553906,5389,303,true
fixed,22746128B99423643145371,Bogor,76.109764239212126,64.245298622757957,6.4345541519675473,484156,10086,true
fixed,22746128B62232019301027,Bojonegoro,41.959616754380242,37.159391548444034,16.92521737709205,122368,4415,true
fixed,22746128B99982169683342,Bolaang Mongondow,38.661810088495564,17.434085486725657,31.05858407079646,5650,273,true
fixed,22746128B14720240696101,Bolaang Mongondow Selatan,24.835364864864868,12.450306306306306,52.258558558558562,2220,137,true
fixed,22746128B26195600949416,Bolaang Mongondow Timur,35.28857320767419,15.016679569168623,43.186469202288791,2971,152,true
fixed,22746128B96389329417801,Bolaang Mongondow Utara,40.000168539325841,14.076816479400751,41.778585591539986,4539,164,true
fixed,22746128B28760414544557,Bombana,45.260632870565132,18.524219885009114,48.596129575094658,7131,312,true
fixed,22746128B61555758059649,Bondowoso,20.535724432508108,21.028118941157992,19.617991171554692,70001,2757,true
fixed,22746128B25468135680533,Bone,52.089378506989206,35.552015118469313,23.147566174283732,20174,788,true
fixed,22746128B41707288718561,Bone Bolango,57.554576075326366,46.7566098865825,25.175476139524932,9346,412,true
fixed,22746128B21273779065212,Boven Digoel,55.096562004568035,19.075134354426975,78.243853284965738,7443,200,true
fixed,22746128B51975137382727,Boyolali,59.63768197409005,56.08635428336418,13.243800123380629,121575,3918,true
fixed,22746128B82312103386068,Brebes,44.113487476823487,40.220810463216111,15.285605417805851,127284,3647,true
fixed,22746128B19337828575841,Buleleng,47.7092820810267,43.454926682427583,26.033347527936446,68101,2614,true
fixed,22746128B72639885395673,Bulukumba,39.90948052057805,19.739987661624269,27.443674469703371,11833,469,true
fixed,22746128B10941975158621,Bulungan,57.984165135559039,22.970846403764291,50.690566883262377,8926,419,true
fixed,22746128B28569646979400,Bungo,37.883377044784119,20.876722311611687,33.647894877983376,7458,415,true
fixed,22746128B60636029206407,Buol,42.164861413043475,20.583899796195649,49.403872282608695,5888,291,true
fixed,22746128B29167244459072,Buru,51.619651065357907,15.849078046444818,50.431888915489587,8354,259,true
fixed,22746128B90083339512512,Buru Selatan,31.057159002516588,12.066054221002062,57.895904827270648,4371,109,true
fixed,22746128B86741169633217,Buton,52.499401952085179,15.654122670807455,51.519299023957409,4508,198,true
fixed,22746128B94245100908076,Buton Selatan,37.900760229132565,15.304990998363339,56.762956901254775,3666,88,true
fixed,22746128B6718763508294,Buton Tengah,41.235759043531587,14.27405487431024,53.494481912936848,3262,119,true
fixed,22746128B51044624823813,Buton Utara,49.876274730656228,15.101612389813909,48.489960822722821,4084,140,true
fixed,22746128B17121530580660,Ciamis,35.152724944143,32.637125984147254,12.362166187892329,75192,3119,true
fixed,22746128B34542084533901,Cianjur,51.7963272612614,47.096075355423743,10.894518371875824,125273,4009,true
fixed,22746128B37209370352000,Cilacap,46.831932554199518,41.972141908303087,14.648632642657951,133396,4768,true
fixed,22746128B77544549346240,Cirebon,56.458126533039824,52.511161657939,9.6663202942342661,146278,3687,true
fixed,22746128B7455670127099,Dairi,59.686793650793653,22.2786821219716,39.261904761904759,2394,143,true
fixed,22746128B15758871990616,Danau,31.294990963855419,15.988920682730926,14.273092369477911,996,41,true
fixed,22746128B58041142516585,Danau Toba,31.446002359603586,24.751595092024537,24.25106182161397,2119,84,true
fixed,22746128B51921656212420,Deiyai,98.166550138504135,15.638174515235461,95.29085872576178,1805,29,true
fixed,22746128B17104196518473,Deli Serdang,70.293146503134452,63.477435540977112,14.599976437469385,161273,4396,true
fixed,22746128B71519500232359,Demak,39.761264311061311,35.512363227809679,13.17042536302937,85668,2514,true
fixed,22746128B7219534805401,Dharmasraya,32.832275588145443,17.991893064466851,19.828292086770546,3273,235,true
fixed,22746128B76462588476684,Dogiyai,77.970424028268553,17.036267373380447,93.379858657243815,1698,9,true
fixed,22746128B31420255543838,Dompu,42.730538210624417,19.381573858341103,27.344361602982293,4292,191,true
fixed,22746128B11403753934380,Donggala,33.745782813551713,17.237696432577962,42.511554857527486,4457,218,true
fixed,22746128B47089116764549,Empat Lawang,46.004957671957669,22.923625966625963,27.333333333333332,2457,121,true
fixed,22746128B46201528673681,Ende,49.34753849480969,22.380509948096883,25.827422145328718,2312,90,true
fixed,22746128B73854324401708,Enrekang,27.533905599483628,16.326339519122158,31.363078909149589,6197,260,true
fixed,22746128B79106566109504,Fakfak,57.272548387096769,17.459336405529957,60.159242191500255,1953,88,true
fixed,22746128B68993103553012,Flores Timur,37.387680446194231,16.196622047244087,49.664698162729657,1524,89,true
fixed,22746128B66421464971893,Garut,51.5902190416972,48.458521788693709,13.289474658198426,135093,4048,true
fixed,22746128B71384327775718,Gayo Lues,42.917114960629917,19.685392755905514,41.640944881889766,3175,113,true
fixed,22746128B44616450347238,Gianyar,80.391457731368888,73.1234847035474,14.077832212845086,111856,2455,true
fixed,22746128B1660874628525,Gorontalo,54.863706672443669,54.02323844598498,33.950577700751012,34620,1173,true
fixed,22746128B78667545948550,Gorontalo Utara,32.50478592067244,14.609468085106386,42.328867874967166,3807,223,true
fixed,22746128B57887954309635,Gowa,99.434761834747945,82.500018846487976,17.296375504021029,44889,1601,true
fixed,22746128B46933486274006,Gresik,55.889955728308,49.531986874476893,12.029047353336546,157708,3841,true
fixed,22746128B71964042918672,Grobogan,41.143728165738075,38.978396343376431,15.506009628387515,92435,3670,true
fixed,22746128B54859500646728,Gunung Kidul,25.971150372870706,25.768513070099694,13.043818196090745,63695,3254,true
fixed,22746128B12491014044373,Gunung Mas,57.223413137829908,19.857210205278594,30.930205278592375,8525,279,true
fixed,22746128B52341022582766,Halmahera Barat,50.887200290275757,23.711107402031924,42.989840348330915,2067,132,true
fixed,22746128B2838702785556,Halmahera Selatan,46.737303038674028,19.546294613259665,48.951864640883976,14480,448,true
fixed,22746128B46636453933041,Halmahera Tengah,50.802751114827196,16.205620261984389,58.82810758082497,14352,322,true
fixed,22746128B70343351071090,Halmahera Timur,56.758807628062357,16.170369988864145,54.604677060133632,3592,210,true
fixed,22746128B41252486574655,Halmahera Utara,59.784065526239509,25.565289939112791,39.416352565961148,3449,213,true
fixed,22746128B37889128386884,Hulu Sungai Selatan,44.181442607174105,29.84421443569553,19.767585301837272,22860,678,true
fixed,22746128B20472072190374,Hulu Sungai Tengah,40.42215102074281,22.431764122325159,21.055915389030091,12197,567,true
fixed,22746128B21492383155838,Hulu Sungai Utara,34.6760387847053,24.89136659766195,17.361909400876765,16424,554,true
fixed,22746128B305851071948,Humbang Hasundutan,51.79981481481483,19.443085978835978,44.525132275132272,756,44,true
fixed,22746128B36468792556341,Indragiri Hilir,33.838313429240088,19.05060331773128,28.211212830396477,29056,1054,true
fixed,22746128B72920479258091,Indragiri Hulu,30.522993761397441,16.718820616181976,25.396919090123813,20838,1153,true
fixed,22746128B59462811669242,Indramayu,39.628663832238544,35.367376861436867,11.218901537297521,116308,3682,true
fixed,22746128B83440404091664,Intan Jaya,68.409556074766357,15.934184579439249,92.954439252336442,856,26,true
fixed,22746128B71103770185906,Jayapura,56.032989917849143,22.078271284540694,42.173823749066464,5356,219,true
fixed,22746128B40741333574981,Jayawijaya,41.478521402673309,10.035500622328049,107.53871962768548,18479,123,true
fixed,22746128B56085237319005,Jember,36.095365852820983,29.117418581092675,18.848105033023135,174726,5276,true
fixed,22746128B85592790675198,Jembrana,40.941165119517287,37.77899736984606,23.334725767772877,25854,1127,true
fixed,22746128B64050318598962,Jeneponto,37.685028646656136,22.672701843075309,26.051079515534493,9495,469,true
fixed,22746128B68650893607060,Jepara,53.395551456325386,51.108707242225869,14.259857852942959,131976,3671,true
fixed,22746128B39847330151566,Jombang,42.5053058628441,37.539700372185585,13.492007222611194,135685,4035,true
fixed,22746128B93097528927367,Kaimana,62.692722099039194,18.179505543237251,62.426459719142649,1353,59,true
fixed,22746128B8837306932395,Kampar,81.203990277677249,70.982516802972171,21.049069986248824,41451,1714,true
fixed,22746128B40136746216216,Kapuas,41.138777314814817,19.239742335390943,28.180298353909464,19440,687,true
fixed,22746128B82886709098386,Kapuas Hulu,47.689092348284966,17.345242911588556,34.096703941031116,23877,910,true
fixed,22746128B60715781377305,Karang Asem,55.464602696031868,50.361701537877366,19.51984051642301,26335,1124,true
fixed,22746128B38192287274107,Karanganyar,47.85101097782303,43.943930343942284,12.742038865034749,112955,3377,true
fixed,22746128B53840275251202,Karawang,57.55740189673007,50.331315229781936,8.6981592113318271,189484,4259,true
fixed,22746128B38340908247842,Karimun,43.96160690184891,30.406656443737305,11.471992099632413,18227,545,true
fixed,22746128B49947212525753,Karo,38.898406308770724,22.623421354077614,30.304240041032656,11698,547,true
fixed,22746128B40819362853427,Katingan,46.927879379602771,17.186543405489846,29.76311091274269,8962,392,true
fixed,22746128B79405855452274,Kaur,36.90091273821465,23.035737211634906,31.489468405215646,997,59,true
fixed,22746128B56151469580770,Kayong Utara,43.1402120771542,24.119206455364925,26.071726277018513,10317,441,true
fixed,22746128B26305825050369,Kebumen,43.314081306903745,40.421722894513536,13.505714263872857,130813,4267,true
fixed,22746128B82286187836997,Kediri,39.174821859844045,36.135243414473415,15.410987727827138,172993,5757,true
fixed,22746128B17774751253690,Keerom,80.1767651901215,17.597805566444539,65.629557036456291,2551,58,true
fixed,22746128B21241240008354,Kendal,53.287800372480689,52.005961184562345,13.049814681639653,108462,3400,true
fixed,22746128B30869437307727,Kepahiang,49.792338962605548,42.192596300763967,25.348612786489745,2487,120,true
fixed,22746128B99951880476592,Kepulauan Anambas,41.876322479291638,20.830349614395889,45.669808626106828,3501,127,true
fixed,22746128B17511076551422,Kepulauan Aru,54.617175743707094,17.230962471395873,58.527688787185355,2185,67,true
fixed,22746128B86355072671334,Kepulauan Mentawai,44.318179270462622,15.635842526690389,37.77535587188612,2248,92,true
fixed,22746128B32802105420608,Kepulauan Meranti,30.606686900652086,18.342986478711161,28.371020329881091,10428,402,true
fixed,22746128B28296608330436,Kepulauan Sangihe,40.8175969833662,16.90835311530871,45.054694107696648,7094,267,true
fixed,22746128B1615833901652,Kepulauan Selayar,38.281117258464086,17.908746490503713,42.234104046242777,4844,207,true
fixed,22746128B63742079715926,Kepulauan Seribu,42.511383529411766,15.633510588235294,24.628235294117648,425,21,true
fixed,22746128B81791072961966,Kepulauan Sula,44.177506124335565,13.889762653108388,54.093829443032121,4327,152,true
fixed,22746128B45484540858108,Kepulauan Talaud,31.628387936376779,11.168103077876472,84.874819252220618,4841,160,true
fixed,22746128B96094928872069,Kepulauan Yapen,61.298831508515789,22.331316707218161,71.533454987834546,4932,114,true
fixed,22746128B64633952285861,Kerinci,35.089048815412653,17.726699166883623,35.244337412132261,7682,367,true
fixed,22746128B56277764926455,Ketapang,42.517514944234939,18.610749819465621,28.46828612693573,49852,2055,true
fixed,22746128B24447956326165,Klaten,47.650237241284465,42.310593502028475,13.823447706800522,145430,4392,true
fixed,22746128B73073409478343,Klungkung,61.101325698241467,50.6233583567312,19.480567459731049,13534,588,true
fixed,22746128B69202393010200,Kolaka,43.550776222505007,27.372811307035082,33.317851299763682,11002,441,true
fixed,22746128B88028223529334,Kolaka Timur,37.547033979219314,16.923597865768041,40.501544509969108,3561,219,true
fixed,22746128B11198700179718,Kolaka Utara,33.303731266552425,14.562365944851226,39.557407695902789,6419,298,true
fixed,22746128B78249855862414,Konawe,46.02681853146855,21.048445221445224,40.061888111888109,8580,402,true
fixed,22746128B22870517920414,Konawe Kepulauan,35.446912429378536,14.825822033898309,52.3319209039548,708,53,true
fixed,22746128B90195550492320,Konawe Selatan,51.307037460148784,20.822158740701383,44.585015940488844,7528,321,true
fixed,22746128B68991025063444,Konawe Utara,51.456887502228554,24.153165804956313,52.180780887858795,5609,236,true
fixed,22746128B58388026658287,Kota Ambon,45.838071088746567,24.009422049405305,19.487831655992682,10930,317,true
fixed,22746128B66626446070966,Kota Balikpapan,74.999944871972758,63.497846527414595,22.815681335453778,93691,1493,true
fixed,22746128B56363132836699,Kota Banda Aceh,72.168715772035824,60.51652241459422,11.322026707610254,49499,552,true
fixed,22746128B13880384963573,Kota Bandar Lampung,78.862840872148411,73.409450946322139,10.080180483156774,107046,1422,true
fixed,22746128B71762235135177,Kota Bandung,71.204868196046462,61.591644903577112,6.5609436962779553,397416,1795,true
fixed,22746128B64728543729693,Kota Banjar,59.587971059602644,52.772515695364234,11.481324503311258,15100,442,true
fixed,22746128B6711072078761,Kota Banjar Baru,75.147887095415413,56.321150005897124,17.500513891931053,59351,1139,true
fixed,22746128B37126944555810,Kota Banjarmasin,76.551769589710119,61.42122869369696,13.650564541476269,82722,769,true
fixed,22746128B85816588264471,Kota Baru,44.795700229443469,20.416382743716984,32.652153033456059,18741,803,true
fixed,22746128B16651418017337,Kota Batam,58.109795736166532,51.922870733533813,11.316125106771352,170926,2107,true
fixed,22746128B69457994360094,Kota Batu,41.994035875824238,35.178714028809651,13.71764363953425,55051,740,true
fixed,22746128B66779214231616,Kota Baubau,37.978555205047321,20.383996094336787,21.867808322066995,6657,194,true
fixed,22746128B54763839112631,Kota Bekasi,77.528912188296815,63.516495980811619,7.8166164268118763,370224,2265,true
fixed,22746128B322693337562,Kota Bengkulu,77.969884786540135,79.526237416942664,20.212789303639283,49213,1029,true
fixed,22746128B33789977192923,Kota Bima,35.718950664136635,17.67633870967742,16.604364326375713,3162,154,true
fixed,22746128B66679629138785,Kota Binjai,83.18396565670902,90.041360249769411,12.920208614205634,28186,628,true
fixed,22746128B20507278995893,Kota Bitung,45.136180615568691,25.340371468457096,20.96018081499701,15043,361,true
fixed,22746128B15123001204790,Kota Blitar,50.437065345640335,43.033815620854163,16.143703954610888,35427,365,true
fixed,22746128B63896883204987,Kota Bogor,77.9354260083835,65.066182340852379,5.1503890003425159,122622,1185,true
fixed,22746128B2679722836886,Kota Bontang,47.650130229353294,23.9996498671129,19.415985825376513,10159,317,true
fixed,22746128B12322141134935,Kota Bukittinggi,109.57138363780778,75.699592831612378,24.779388403494838,10072,196,true
fixed,22746128B25933583546422,Kota Cilegon,76.223353588841832,62.89236575813284,8.5360482775157855,50044,926,true
fixed,22746128B53430054982428,Kota Cimahi,65.901132646057178,56.496894888988628,5.9416959265028115,75758,442,true
fixed,22746128B80288264799633,Kota Cirebon,78.4052952722063,73.6748206661891,9.3931232091690546,27920,369,true
fixed,22746128B89164850776530,Kota Denpasar,100.43655683953055,90.255599687570637,13.142911759264969,243255,1232,true
fixed,22746128B73481124779947,Kota Depok,85.414728867201831,71.089621426038846,6.3573903035868939,344086,2105,true
fixed,22746128B18875576502901,Kota Dumai,39.913913286130779,24.994235485214492,17.822324031653476,12005,482,true
fixed,22746128B66202348563483,Kota Gorontalo,69.658173508569291,58.859709393438017,29.170449224237505,32033,405,true
fixed,22746128B74256869593133,Kota Gunungsitoli,52.279899266503676,23.011584352078234,38.147188264058677,2045,90,true
fixed,22746128B58252967349746,Kota Jakarta Barat,93.529977531594412,75.410478939911187,6.7832599537851488,525805,1386,true
fixed,22746128B21128962092426,Kota Jakarta Pusat,84.8726789718249,72.100894582581418,6.1465718749621523,247701,524,true
fixed,22746128B93686700937380,Kota Jakarta Selatan,95.050678136923182,78.0051554805621,6.0745894428924849,569531,1552,true
fixed,22746128B5353616278909,Kota Jakarta Timur,89.761063705471685,73.339074222568456,6.9995782244738969,403058,1957,true
fixed,22746128B85966169947265,Kota Jakarta Utara,94.750311937168874,77.509065980123339,6.6561038252044122,402985,1418,true
fixed,22746128B99667418524197,Kota Jambi,67.572372105370633,59.971911762303449,16.174862160506432,48970,1221,true
fixed,22746128B85346986276333,Kota Jayapura,57.3115870868438,26.856021953985756,24.427252106286456,12344,423,true
fixed,22746128B79918158306090,Kota Kediri,59.091221235396148,54.019378032743134,16.964417084373629,52469,576,true
fixed,22746128B80961359079738,Kota Kendari,76.423702335962659,68.970016410074322,31.522307048469322,39427,1040,true
fixed,22746128B93986330379000,Kota Kotamobagu,37.734898316808859,16.883624971178236,19.058104680654832,8674,248,true
fixed,22746128B56606429525327,Kota Kupang,92.093315967994428,69.745077970081752,40.751782918768484,22996,635,true
fixed,22746128B69628984727954,Kota Langsa,57.158711237833053,39.886845836200969,17.102153180611541,10171,294,true
fixed,22746128B88010078110453,Kota Lhokseumawe,58.167269553541459,45.409432192010733,15.157771064115474,11916,334,true
fixed,22746128B74548717001691,Kota Lubuklinggau,131.76019836486557,119.72286190451238,13.714847230229024,19081,419,true
fixed,22746128B30166819315055,Kota Madiun,67.791312428734315,60.338215556987763,24.155768182043527,20171,325,true
fixed,22746128B66141272433758,Kota Magelang,52.748661683997696,46.967812102830727,10.497978047371461,13848,179,true
fixed,22746128B73854317646589,Kota Makassar,72.097101339362,54.695414499020785,15.214955113628896,152162,1506,true
fixed,22746128B9724218643478,Kota Malang,65.599101986922577,57.198590635994819,10.259042783324217,245002,1153,true
fixed,22746128B83673204362612,Kota Manado,76.5766853723129,62.723796466985256,30.083339497862141,67591,958,true
fixed,22746128B34810169298981,Kota Mataram,83.558439790170539,71.589548847292917,26.289793074079093,51661,638,true
fixed,22746128B40654739963843,Kota Medan,75.874064082191907,68.805969755866926,14.348081123791264,228441,2399,true
fixed,22746128B64737377738458,Kota Metro,73.66872470678716,67.257600499903859,11.138088829071332,26005,561,true
fixed,22746128B53956788697299,Kota Mojokerto,68.758671072678624,58.984209306156053,15.610335598105827,24285,214,true
fixed,22746128B51925287869213,Kota Padang,91.590683888363273,93.29531600756863,23.4542573320719,105700,1751,true
fixed,22746128B34977061629525,Kota Padang Panjang,45.0471134969325,25.330974693251534,14.661042944785276,1304,62,true
fixed,22746128B81378642761445,Kota Padangsidimpuan,41.066221455277542,25.615114466494106,23.742881794650561,3477,177,true
fixed,22746128B19740076763731,Kota Pagar Alam,29.985200660180681,25.696187804030568,26.866574009728978,5756,224,true
fixed,22746128B5087893857208,Kota Palangka Raya,97.126900644602472,81.760017589153392,21.799790129420192,60037,1244,true
fixed,22746128B87825164980488,Kota Palembang,75.139400411581292,68.858760148516382,12.201817404186476,161329,2618,true
fixed,22746128B54354608226928,Kota Palopo,44.930730589207052,26.85432736784141,19.080396475770925,7264,257,true
fixed,22746128B23229204425516,Kota Palu,86.2457388667433,76.169721381233018,28.617519747621728,40891,827,true
fixed,22746128B92282941938888,Kota Pangkal Pinang,44.120432151621152,38.555231086513864,9.8388242050853645,19153,602,true
fixed,22746128B37987509465042,Kota Parepare,51.460044653349,30.578627497062282,14.466705836271053,5106,184,true
fixed,22746128B94413576870843,Kota Pariaman,27.282693256941382,21.296502864698105,26.687086822388718,2269,93,true
fixed,22746128B86769429493629,Kota Pasuruan,47.474461785668836,37.666049350897289,12.567296678121421,31428,315,true
fixed,22746128B75816793285642,Kota Payakumbuh,37.755086132644287,21.648241171403971,16.057278208440998,4644,242,true
fixed,22746128B98453198956040,Kota Pekalongan,55.146895818436178,50.6377695942795,11.658417534587285,32165,389,true
fixed,22746128B3549150233660,Kota Pekanbaru,87.956863771568933,75.737877808032678,17.601695918548554,135148,2416,true
fixed,22746128B46755595316405,Kota Pematang Siantar,61.15758917337822,49.913418399647391,12.385743478783507,24957,488,true
fixed,22746128B68403360613456,Kota Pontianak,65.063655372427,52.50349968168635,17.404588432246353,84822,874,true
fixed,22746128B13695709263199,Kota Prabumulih,105.86437785323521,84.559941834873911,16.291517323775388,15903,430,true
fixed,22746128B48742890195125,Kota Probolinggo,49.700706301290623,39.926413289468933,18.104298470771123,27661,456,true
fixed,22746128B78398648082643,Kota Sabang,42.801735182849932,22.314660781841106,21.827238335435055,793,43,true
fixed,22746128B99456803569608,Kota Salatiga,75.36374374104841,68.878913749641953,11.345832139788026,34910,515,true
fixed,22746128B87893249930832,Kota Samarinda,74.516459921971972,61.564308388012073,25.143916555159684,124058,2033,true
fixed,22746128B93370341632229,Kota Sawah Lunto,38.172566105338596,24.695683267646007,15.558581153708348,2791,107,true
fixed,22746128B5783483209745,Kota Semarang,66.942414761785145,61.686895916715514,8.2570989980183658,358290,3202,true
fixed,22746128B38845978082923,Kota Serang,56.928705108734285,50.4204683814263,7.75440268846738,61894,1417,true
fixed,22746128B47009036461165,Kota Sibolga,43.2235601141634,22.56803032465216,17.097752408134141,2803,54,true
fixed,22746128B18670307275317,Kota Singkawang,106.38735707567874,86.388087027399877,18.088751645871213,31898,640,true
fixed,22746128B30699524960223,Kota Solok,34.470895801526716,22.667138931297714,21.44618320610687,2620,148,true
fixed,22746128B11366688050704,Kota Sorong,48.115064543576025,25.301058101373528,19.056521210647865,8227,264,true
fixed,22746128B20185680371825,Kota Subulussalam,38.353509620128278,20.518326097681296,29.762703502713368,2027,101,true
fixed,22746128B82825120895999,Kota Sukabumi,71.296991005699368,65.724432973165534,8.7261042507717885,33688,477,true
fixed,22746128B31453944142504,Kota Sungai Penuh,30.277489761664992,15.583168177240683,28.513259483048003,2979,118,true
fixed,22746128B68603538827891,Kota Surabaya,77.4238334036901,64.479641862555482,9.9253677680312666,623015,2966,true
fixed,22746128B33460906687482,Kota Surakarta,69.660577766898214,60.692557326887176,11.983507236620666,98043,508,true
fixed,22746128B7613374511026,Kota Tangerang,76.124362661968775,61.7638879967848,6.8917377798191755,330928,1837,true
fixed,22746128B62533997811788,Kota Tangerang Selatan,96.20489233181604,77.388445857856624,6.1373933296608776,413892,1769,true
fixed,22746128B91306693093612,Kota Tanjung Balai,31.236647713085915,23.320599704914311,13.166155941436839,8811,257,true
fixed,22746128B73074683492420,Kota Tanjung Pinang,42.420053758912182,36.579210974399089,9.6197767816852675,33241,632,true
fixed,22746128B97983454808676,Kota Tarakan,51.216049184538335,23.336822524720681,27.921150635674842,7787,304,true
fixed,22746128B57000549481658,Kota Tasikmalaya,55.695357255472679,51.666503880904735,11.002122369777455,65964,1229,true
fixed,22746128B29639616204280,Kota Tebing Tinggi,74.5042808474091,74.572152991697678,9.3658746063555682,17465,314,true
fixed,22746128B85080883644541,Kota Tegal,70.534221808540607,66.055101342584734,11.345066847182265,35454,340,true
fixed,22746128B36781349389855,Kota Ternate,47.1644150384369,24.889025704676484,19.129484304932735,12488,284,true
fixed,22746128B24002479708791,Kota Tidore Kepulauan,48.335095596891932,22.2997459383094,23.698610784082881,4247,169,true
fixed,22746128B12552284418793,Kota Tomohon,71.241326830249392,45.415693081255029,21.942679002413517,9944,290,true
fixed,22746128B79752231805890,Kota Tual,29.222376251788273,13.425543633762517,71.147353361945633,699,25,true
fixed,22746128B9761158776103,Kota Yogyakarta,74.9348166695137,62.807183895510015,9.6207376844539638,76103,380,true
fixed,22746128B93777795819955,Kotawaringin Barat,56.260205364868746,35.067313094894722,20.087155081242187,20802,828,true
fixed,22746128B94284518008212,Kotawaringin Timur,39.991743288687879,21.149846524033165,27.23696874818809,34494,1158,true
fixed,22746128B8182037452639,Kuantan Singingi,33.110239698200814,21.959019616947188,20.811839814277423,8615,529,true
fixed,22746128B69090577702614,Kubu Raya,62.068963955370556,41.148196554514982,19.424297606659728,34596,1487,true
fixed,22746128B61967707401144,Kudus,44.311005760167575,40.900411076771427,12.833940837637202,97393,1986,true
fixed,22746128B43033686501526,Kulon Progo,26.90308495750293,24.612205927608443,10.973494284876905,54592,2363,true
fixed,22746128B44289127403365,Kuningan,49.711596820502656,46.716862679094248,10.693379347411001,70703,2268,true
fixed,22746128B27765258797580,Kupang,117.77044338198293,84.806064921992927,50.584801207851029,3974,161,true
fixed,22746128B93368126922918,Kutai Barat,52.10445473942498,18.381658772070196,47.074571931509041,18747,802,true
fixed,22746128B55621143702768,Kutai Kartanegara,47.9178473229035,22.476966456126711,39.70858031289476,51455,2115,true
fixed,22746128B75924443266043,Kutai Timur,50.99569780051597,17.931910337137616,53.6751060387424,45738,1767,true
fixed,22746128B75065966155231,Labuhan Batu,39.260930514767,24.457274782512329,24.665041281099352,18047,699,true
fixed,22746128B23995987640193,Labuhan Batu Selatan,41.043847162389966,20.107884809889494,40.583255291253046,5339,322,true
fixed,22746128B7095356521044,Labuhan Batu Utara,32.786519185154191,18.272446072275702,34.815403934700711,7167,361,true
fixed,22746128B84107388414918,Lahat,54.487007898320492,71.313997276441214,35.872945982750792,22030,612,true
fixed,22746128B62127435888540,Lamandau,42.005016036655206,19.385490836197022,29.926403207331042,6984,354,true
fixed,22746128B62762388436916,Lamongan,47.926039544823759,41.682396203164025,14.076369691923396,90075,3271,true
fixed,22746128B74428971192525,Lampung Barat,31.694820610324179,24.469511170263335,22.073961403175208,10519,575,true
fixed,22746128B4401734887211,Lampung Selatan,59.978425099181436,55.132277189105928,11.656455581780746,59739,2730,true
fixed,22746128B57273633041967,Lampung Tengah,30.788659391074646,29.109904003892677,11.777596274155428,57544,3020,true
fixed,22746128B49036162018248,Lampung Timur,35.15046293977985,33.415910015109006,11.521152600906539,46330,2288,true
fixed,22746128B16659764843822,Lampung Utara,32.996615045254011,25.141290717242011,17.641242552417339,21987,1015,true
fixed,22746128B55433427549228,Landak,44.251066348370117,21.748293299308532,27.77074415541653,12148,655,true
fixed,22746128B45262154134474,Langkat,35.872826602325347,29.0656047543479,17.690546361369304,30877,1804,true
fixed,22746128B21145180666794,Lanny Jaya,88.134779005524862,16.321331491712709,87.02209944751381,181,10,true
fixed,22746128B73767534141998,Lebak,31.031705560753664,27.723655457097255,12.893793457721026,54507,2284,true
fixed,22746128B6914990948320,Lebong,28.017987542468855,22.931707248018117,22.986409966024915,1766,115,true
fixed,22746128B62947944336237,Lembata,42.565437994722949,17.679265171503957,54.922163588390504,758,43,true
fixed,22746128B97954273808268,Lima Puluh Kota,41.579874154915977,22.847201178288586,21.836295151632218,10354,541,true
fixed,22746128B41866695352092,Lingga,38.551935860058308,18.90844314868804,22.537900874635568,1372,91,true
fixed,22746128B38668827904245,Lombok Barat,64.976086845206623,56.972939102694369,24.840431584508472,49214,1465,true
fixed,22746128B98880758851169,Lombok Tengah,45.837213030989332,39.167869110092262,19.065099707230846,36206,1349,true
fixed,22746128B55307338459902,Lombok Timur,39.669955979867389,39.650178796836308,24.884117600063913,50068,1883,true
fixed,22746128B90862663975631,Lombok Utara,35.855870928729317,26.608521497977396,24.540514616956504,23979,751,true
fixed,22746128B76070527787319,Lumajang,26.123646314871344,24.638951576225779,14.939692231013645,64204,2721,true
fixed,22746128B94521952332625,Luwu,48.413827215574933,22.659940377205441,31.298316771445954,9862,377,true
fixed,22746128B1110744719374,Luwu Timur,44.189371532116965,23.123931517120713,27.96763309172707,8002,429,true
fixed,22746128B26232805086319,Luwu Utara,34.914335625199875,21.606762711864405,31.9541093700032,6254,330,true
fixed,22746128B56340035124164,Madiun,34.719145922533109,29.469036368614947,19.504704769491187,40172,1894,true
fixed,22746128B50341569898666,Magelang,44.804438124912807,40.71516917019332,16.510920956765723,129018,4946,true
fixed,22746128B43524249433579,Magetan,36.154546095067978,34.026220469054934,15.412622804406073,30231,1580,true
fixed,22746128B30313932055345,Mahakam Hulu,60.471222701666072,15.191579048303966,59.673498741459909,8343,222,true
fixed,22746128B87647472826371,Majalengka,45.1121357009259,43.61968821663821,9.5718816436064547,86079,2877,true
fixed,22746128B56869239776422,Majene,35.867736597065459,20.305525112866817,27.387838600451467,7088,242,true
fixed,22746128B56140662064287,Malaka,77.583048859934848,24.56863192182411,30.195439739413679,307,20,true
fixed,22746128B8866265958554,Malang,42.796703326572555,37.300374372559567,13.838801274887206,362385,9420,true
fixed,22746128B54632748429230,Malinau,70.5367255224231,18.26255717304532,63.533458558347029,4259,228,true
fixed,22746128B88480653802061,Maluku Barat Daya,57.536262910798115,15.793268032437046,88.452838241570632,2343,90,true
fixed,22746128B41463091507887,Maluku Tengah,48.731696099628124,16.275270085617926,47.499956758626652,11563,381,true
fixed,22746128B6545713511337,Maluku Tenggara,43.9481694785276,16.520333588957055,71.228527607361968,1304,73,true
fixed,22746128B78864950196660,Maluku Tenggara Barat,57.62030046948356,13.052329812206573,87.149647887323937,1704,87,true
fixed,22746128B65559589019405,Mamasa,32.371375028121484,12.703226546681668,45.790551181102359,4445,217,true
fixed,22746128B39960960221771,Mamberamo Raya,71.890410788381729,17.020954356846474,98.634854771784234,241,17,true
fixed,22746128B2349164731379,Mamberamo Tengah,61.612384164222867,16.098369501466276,105.76539589442815,341,19,true
fixed,22746128B65468173429736,Mamuju,35.799565389323043,16.238713774597496,32.144148385274455,10621,384,true
fixed,22746128B49136567123703,Mamuju Tengah,36.783374938494347,15.475362637362643,52.1128423814991,6097,244,true
fixed,22746128B5634485200629,Mamuju Utara,37.438953214774287,15.052650889192886,49.957045143638851,3655,186,true
fixed,22746128B80893459197040,Mandailing Natal,47.650271396950323,19.30747343826857,52.104648303000495,8132,335,true
fixed,22746128B41361424069199,Manggarai,52.007897447795827,19.828006960556845,36.580046403712295,2155,89,true
fixed,22746128B27819456459641,Manggarai Barat,51.449802176339283,29.600927455357152,36.652901785714285,3584,188,true
fixed,22746128B57997288446056,Manggarai Timur,38.54621417565486,20.556169491525424,37.590138674884436,649,31,true
fixed,22746128B58641314112332,Manokwari,50.367904711393962,21.084336957482545,38.091134093520729,11313,397,true
fixed,22746128B90822416479405,Manokwari Selatan,47.486987096774186,18.57829677419355,37.451612903225808,310,27,true
fixed,22746128B63262525003276,Mappi,74.974255130927119,20.157682944090588,70.053078556263273,2826,130,true
fixed,22746128B73491405172020,Maros,74.768362354432355,62.876060801711134,17.666481818902003,25246,800,true
fixed,22746128B44891092584435,Maybrat,70.694577981651364,18.407605504587153,60.370030581039757,327,20,true
fixed,22746128B3341090541732,Melawi,36.383486667410459,14.022210309048308,29.099073970768718,8963,378,true
fixed,22746128B13218426778114,Mempawah,37.744170069721108,22.86620281374503,15.93152390438247,8032,403,true
fixed,22746128B71403115718321,Merangin,36.742789740027789,20.249018852947014,29.577297082754516,10078,523,true
fixed,22746128B65756496772256,Merauke,49.593047174735744,16.279888261777373,83.640512853973647,30652,654,true
fixed,22746128B5734020897269,Mesuji,29.812037526125792,29.355138704161121,15.969029070872127,10526,545,true
fixed,22746128B99426029309213,Mimika,64.9034236137546,22.111119972084769,52.877807384849639,15762,459,true
fixed,22746128B63895215577583,Minahasa,70.403015689582475,47.302152172079289,27.022606495149727,23710,736,true
fixed,22746128B98133955192071,Minahasa Selatan,38.668248074179743,15.150343509272469,28.762482168330955,7010,285,true
fixed,22746128B38105670760260,Minahasa Tenggara,35.464902289452169,14.800721041155629,33.137912237666939,7338,243,true
fixed,22746128B90516172699691,Minahasa Utara,91.404066735598235,76.860444017725271,37.2594682422452,33850,830,true
fixed,22746128B795310620233,Mojokerto,55.176838122364209,46.426414434757966,12.523808774469693,127096,4088,true
fixed,22746128B26432903559283,Morowali,54.841710981308431,44.759000000000007,50.02088785046729,21400,677,true
fixed,22746128B96188894812390,Morowali Utara,35.052690713853615,18.094718844525104,58.358136721113127,6612,291,true
fixed,22746128B32446581498560,Muara Enim,86.149089953572343,68.644611103946332,19.070544235233427,15508,580,true
fixed,22746128B29274337249674,Muaro Jambi,79.0191486892022,63.374465885283961,20.55885850178359,17661,960,true
fixed,22746128B39825953538573,Mukomuko,30.090107301704965,22.950548554484808,29.3180133432172,5396,373,true
fixed,22746128B70372019871554,Muna,34.33133957805908,16.147780759493667,39.989367088607594,5925,253,true
fixed,22746128B23924471266348,Muna Barat,31.390474217311233,10.458703499079192,60.649171270718234,1086,62,true
fixed,22746128B54866510421393,Murung Raya,51.546722068248755,14.794736185692015,38.747704832842544,11546,443,true
fixed,22746128B84212736337013,Musi Banyuasin,46.536264413518893,23.290803486771679,31.137972166998011,32695,1235,true
fixed,22746128B56500782521831,Musi Rawas,31.527108429561203,17.144866859122406,25.773210161662817,8660,389,true
fixed,22746128B26074251210079,Musi Rawas Utara,77.9503849416755,18.865739925768821,33.010869565217391,3772,122,true
fixed,22746128B29146649309875,Nabire,54.09008272148801,15.341273535650188,68.03246859193996,12258,306,true
fixed,22746128B8237986094994,Nagan Raya,50.702114532871974,20.706275778546715,33.7242214532872,2890,174,true
fixed,22746128B97494513966687,Nagekeo,61.298396158463383,15.891231692677069,41.961584633853541,833,48,true
fixed,22746128B6637644559706,Natuna,40.508757471728593,19.213535137318257,32.929321486268172,4952,241,true
fixed,22746128B7624163664321,Nduga,96.908626190476184,15.331466666666664,93.128571428571433,420,22,true
fixed,22746128B33181363193361,Ngada,51.356692307692306,17.174156882591095,42.596153846153847,988,37,true
fixed,22746128B46559606025688,Nganjuk,38.958273225616992,32.607218373199125,17.403993873297019,86833,3157,true
fixed,22746128B17210029520680,Ngawi,37.496112316506185,34.81408257439881,16.603392132620545,57427,2716,true
fixed,22746128B114560941686,Nias,59.883688362919145,22.821662721893489,44.449704142011832,507,40,true
fixed,22746128B23007358779926,Nias Barat,45.92055602358888,14.940377422072451,51.564448188711033,1187,55,true
fixed,22746128B70987165350034,Nias Selatan,67.8871851851852,18.524259259259257,55.874537037037037,2160,92,true
fixed,22746128B50601239773602,Nias Utara,40.549440000000004,20.992912,40.4,250,15,true
fixed,22746128B24707766174966,Nunukan,73.527846634615358,17.740419551282045,67.643429487179489,6240,229,true
fixed,22746128B50783491652131,Ogan Ilir,109.0298081123245,99.0234291371655,8.2636505460218412,8333,418,true
fixed,22746128B6554957987252,Ogan Komering Ilir,39.453607704795196,20.002537868381619,31.271103896103895,32032,1157,true
fixed,22746128B55651065226017,Ogan Komering Ulu,45.236409898041011,21.194329361897118,24.891854737083285,8729,426,true
fixed,22746128B38683854456350,Ogan Komering Ulu Selatan,32.260061170447521,15.818718333480449,33.238149880836794,11329,440,true
fixed,22746128B29719145941035,Ogan Komering Ulu Timur,23.617833998686137,17.72839031785335,25.922583253322554,19789,1018,true
fixed,22746128B46377021687256,Pacitan,28.684017203285478,26.6594567809617,20.898955996694269,59291,2784,true
fixed,22746128B18337582481574,Padang Lawas,49.845093540268451,23.767914848993293,37.023699664429529,4768,207,true
fixed,22746128B6160471216736,Padang Lawas Utara,40.68968202080238,16.230854011887068,45.981426448737,2692,182,true
fixed,22746128B3683779023382,Padang Pariaman,43.881299570975557,28.820803767953745,24.492072374556987,5361,297,true
fixed,22746128B12751431115951,Pakpak Bharat,49.106927536231879,24.338818840579712,29.362318840579711,138,16,true
fixed,22746128B37926964335633,Pamekasan,37.986063194077204,34.071355103120041,14.618433809271989,45384,1941,true
fixed,22746128B79755996911998,Pandeglang,30.620692771084329,27.693820814120688,7.9459318756507509,40338,1683,true
fixed,22746128B59857718615465,Pangandaran,28.442885695250784,24.22375078519083,12.049443228323975,21014,1008,true
fixed,22746128B84288456023840,Pangkajene Dan Kepulauan,42.628183554817277,20.353299003322263,26.949335548172758,4816,236,true
fixed,22746128B72382312298600,Paniai,80.242969920196444,17.928821976672804,97.2486187845304,1629,36,true
fixed,22746128B5854376167403,Parigi Moutong,32.132336630371533,15.203905161665693,43.419832100407284,12031,530,true
fixed,22746128B82897046958257,Pasaman,41.087465460526325,21.248091940789475,33.669407894736842,6080,331,true
fixed,22746128B95220206981522,Pasaman Barat,42.827231673960618,24.064809901531731,36.075036469730122,10968,566,true
fixed,22746128B17746000623405,Paser,49.546969279056512,24.851821190793228,26.623359330416587,10514,512,true
fixed,22746128B81373906315979,Pasuruan,40.761869433899719,34.860487368944327,13.753713244155218,132768,4225,true
fixed,22746128B37789509782125,Pati,47.231085487431081,43.63557541870221,15.30533616478194,95593,3206,true
fixed,22746128B30560862468368,Pegunungan Arfak,71.287619783616663,16.563214064914987,78.471406491499224,1294,27,true
fixed,22746128B40289792856685,Pegunungan Bintang,82.321210953346878,17.472292089249493,95.914131169709265,1479,37,true
fixed,22746128B43405552393366,Pekalongan,43.904871138082306,42.538607098754547,12.712333439179574,85029,2534,true
fixed,22746128B44055596539945,Pelalawan,38.329412576687119,20.297182302317658,29.551593387866394,23472,1018,true
fixed,22746128B43122306499336,Pemalang,40.248483564786035,37.730788178397496,15.654120385541079,88499,2614,true
fixed,22746128B96540112180119,Penajam Paser Utara,60.044715236686393,37.155178888419272,16.261411665257818,9464,365,true
fixed,22746128B2393542990028,Penukal Abab Lematang Ilir,43.18762349313149,26.756849453322118,17.333333333333332,3567,161,true
fixed,22746128B94381737455512,Pesawaran,43.587046762220773,41.800250299319266,13.424314986487873,29233,1263,true
fixed,22746128B87029922352837,Pesisir Barat,40.020440101339119,30.873436482084692,19.062251176257689,2763,189,true
fixed,22746128B35993392452682,Pesisir Selatan,29.600224255832664,22.413220132743369,30.5684835076428,9944,464,true
fixed,22746128B35853530005037,Pidie,49.246512472730728,24.46106525656834,24.187897182965,10543,431,true
fixed,22746128B77747107542596,Pidie Jaya,47.387217063042677,25.303267270668176,24.653831634579088,2649,109,true
fixed,22746128B71783882222616,Pinrang,39.5466810513927,23.74998577873675,26.092193016869359,10196,400,true
fixed,22746128B36723886609479,Pohuwato,30.133571942446039,10.912237260191844,36.869304556354919,6672,302,true
fixed,22746128B50766380968306,Polewali Mandar,41.5247217859064,24.562153630984405,24.059924690693922,9295,442,true
fixed,22746128B39928875112308,Ponorogo,38.0763602189404,35.259232251253628,16.991680723375445,87147,3175,true
fixed,22746128B71918225941207,Poso,28.724656410900415,17.934133115659929,41.454476955921137,7963,311,true
fixed,22746128B80903663444835,Pringsewu,55.009512064058462,53.056798755363,12.119663565693896,47082,1174,true
fixed,22746128B57336658570108,Probolinggo,33.808840892181784,29.292204274908556,16.990498480996962,64516,2948,true
fixed,22746128B75083695068268,Pulang Pisau,48.8267608040201,18.720542211055271,31.693299832495811,5970,229,true
fixed,22746128B67952855762127,Pulau Morotai,47.272748091603056,18.39405930710511,52.055783910745745,1703,93,true
fixed,22746128B98781354669228,Pulau Taliabu,47.692589305402436,16.594149944873209,53.285005512679163,3628,104,true
fixed,22746128B1222572676249,Puncak,79.163770949720643,15.262885474860337,88.930167597765362,358,27,true
fixed,22746128B50358350022934,Puncak Jaya,56.825531939605121,13.86951858304297,88.058072009291521,1722,41,true
fixed,22746128B86887436396051,Purbalingga,54.1795292508918,47.968765755053511,13.563512824868354,58870,2316,true
fixed,22746128B43709097539954,Purwakarta,70.896123662970538,61.864507445123337,10.972210907445124,66285,2005,true
fixed,22746128B47019757463267,Purworejo,42.644720209107476,40.631904874558586,13.849862672236711,86654,3205,true
fixed,22746128B90221566890304,Raja Ampat,57.824566808510632,18.117805957446812,53.205106382978727,1175,79,true
fixed,22746128B47928451075254,Rejang Lebong,35.963618558776162,21.435649758454112,23.7944847020934,4968,225,true
fixed,22746128B94981829239468,Rembang,36.070827548806939,30.917455410942395,16.61352133044107,24894,1185,true
fixed,22746128B71759944188311,Rokan Hilir,35.386264505323595,20.6689873190573,33.618913745663356,16718,913,true
fixed,22746128B35208725321264,Rokan Hulu,35.230851815902284,19.479241608023944,21.540969020464289,12363,675,true
fixed,22746128B61006797400672,Rote Ndao,88.058362666666667,27.458290666666667,53.153333333333336,750,49,true
fixed,22746128B67076907647447,Sabu Raijua,102.71634104046247,33.141945086705213,26.959537572254334,346,23,true
fixed,22746128B87993072617697,Sambas,40.719450231431409,26.178700004325815,30.3574858329368,23117,1131,true
fixed,22746128B81816662901100,Samosir,58.116927626459159,34.275992217898832,35.2,1285,77,true
fixed,22746128B2542813239591,Sampang,30.294374508626344,28.609874290238039,16.931125791657568,36632,1628,true
fixed,22746128B74989070523542,Sanggau,41.175376907790138,20.927677662957073,29.594197138314787,25160,1183,true
fixed,22746128B27261093121909,Sarmi,54.467698237885472,15.419266519823788,67.7511013215859,454,22,true
fixed,22746128B44731308508060,Sarolangun,58.451872049300178,24.645705347817007,26.323271359933152,9574,422,true
fixed,22746128B16160803458764,Sekadau,44.482915655246572,19.940887002611774,32.023045014595176,13018,581,true
fixed,22746128B87861638449066,Seluma,67.640578889499722,70.839104727872439,19.051951621770204,3638,251,true
fixed,22746128B46914217687538,Semarang,51.256720272696185,47.105546168860776,11.930764518151252,140376,4389,true
fixed,22746128B92585048181027,Seram Bagian Barat,54.939329896907218,19.266283505154639,46.148195876288661,2328,113,true
fixed,22746128B38603798591380,Seram Bagian Timur,56.276470645223789,15.129857585739202,57.78628172834722,5161,163,true
fixed,22746128B3242616561013,Serang,50.37289620120513,45.390565706051866,8.3935158501440927,76340,2764,true
fixed,22746128B52277249956552,Serdang Bedagai,32.979624217118996,26.040279656692181,21.857759220598471,21555,844,true
fixed,22746128B10156150641021,Seruyan,37.864693667763142,16.561700041118424,29.478104440789473,9728,387,true
fixed,22746128B48036345674071,Siak,32.951329577674976,20.575489553797937,23.426503506939262,13402,855,true
fixed,22746128B24839603722983,Siau Tagulandang Biaro,41.066829717457111,15.195248738647832,56.659434914228051,3964,111,true
fixed,22746128B89870320898123,Sidenreng Rappang,46.512911475409837,26.073441266252122,25.2616167326173,8845,356,true
fixed,22746128B7257810863239,Sidoarjo,69.096424903081612,60.652788941708877,10.412925702487142,328369,4549,true
fixed,22746128B27078250924142,Sigi,63.68819449281672,51.991259251197214,34.671201567261647,9188,396,true
fixed,22746128B5140836931072,Sijunjung,46.584748595505616,27.523834737827709,30.976357677902623,4272,223,true
fixed,22746128B25889265457696,Sikka,50.315206027397259,21.781384657534243,30.383013698630137,1825,88,true
fixed,22746128B18371020983209,Simalungun,40.775128503678481,39.719552623578771,25.879704505380921,32894,1543,true
fixed,22746128B32199422560180,Simeulue,59.841564575645762,21.520132841328419,30.745387453874539,271,21,true
fixed,22746128B62270956264702,Sinjai,30.408663262328567,17.478837758972865,21.379632331485265,3427,139,true
fixed,22746128B74245273608062,Sintang,46.626324432132954,18.674780831024929,31.742382271468145,18050,775,true
fixed,22746128B65817775308435,Situbondo,30.471697353796682,26.609664932485163,17.145718542341619,42287,1744,true
fixed,22746128B68764842139539,Sleman,63.818387770153386,55.084792360424309,12.422875223888713,294231,4571,true
fixed,22746128B59065860162276,Solok,36.717695712309833,21.388156984785606,32.960119870908251,4338,279,true
fixed,22746128B25846553351835,Solok Selatan,59.257219809523804,23.82084,30.359238095238094,2625,140,true
fixed,22746128B93867843889604,Soppeng,33.554169597989933,16.064635929648244,36.8821608040201,3980,235,true
fixed,22746128B25112391877259,Sorong,60.266997096188746,21.270393829401087,32.980036297640652,2755,180,true
fixed,22746128B99267537228675,Sorong Selatan,44.373007923930281,15.35648415213946,46.676703645007926,1262,50,true
fixed,22746128B28263166501815,Sragen,38.82786114695076,35.47383369582581,15.778793575896094,81381,3285,true
fixed,22746128B90150108137034,Subang,54.300810437345987,48.528389477441792,11.639298956726009,86842,3311,true
fixed,22746128B66929526216355,Sukabumi,48.150489846929304,41.663532524943719,11.647916709702741,145227,5029,true
fixed,22746128B44365111458704,Sukamara,34.227763953488385,18.448253100775194,18.5562015503876,2580,167,true
fixed,22746128B41417259813102,Sukoharjo,62.138064193196385,56.713909705230492,12.36734693877551,147539,2805,true
fixed,22746128B3578697728098,Sumba Barat,57.136339483394828,20.335125256252557,47.180606806068063,4878,74,true
fixed,22746128B80160169684098,Sumba Barat Daya,66.967743884892073,18.887106474820143,48.050359712230218,695,52,true
fixed,22746128B11743482298506,Sumba Tengah,51.19917777777777,26.807688888888887,46.62222222222222,135,10,true
fixed,22746128B15873256673931,Sumba Timur,53.066432334997238,23.981057127010541,37.350249584026621,3606,141,true
fixed,22746128B848155691224,Sumbawa,32.799857594597484,14.742871744024011,42.473041054775429,18658,694,true
fixed,22746128B87271379033569,Sumbawa Barat,32.200931602100177,19.548660280970633,36.290903930750673,7047,239,true
fixed,22746128B19624873108228,Sumedang,51.099412950528006,45.910347121786039,9.26736111111111,69696,2213,true
fixed,22746128B46307112426649,Sumenep,45.90806664059977,39.949586420277754,22.3061557554018,58823,2075,true
fixed,22746128B73598541988454,Supiori,13.954617647058823,10.55939705882353,63.455882352941174,68,4,false
fixed,22746128B29828162207979,Tabalong,35.166682548600967,20.721527362625014,23.409315653444207,17798,726,true
fixed,22746128B4646422714630,Tabanan,79.960594681853749,69.64761204804779,19.215412998576213,49867,1745,true
fixed,22746128B33549586615312,Takalar,113.83172491257817,91.215472713786156,14.692698950937798,9437,534,true
fixed,22746128B68810971865676,Tambrauw,44.3749849187935,17.772723897911831,59.27610208816705,862,14,true
fixed,22746128B22343651246279,Tana Tidung,73.62333404482392,17.954974386339384,63.525080042689432,937,63,true
fixed,22746128B55477646801661,Tana Toraja,49.983034853700509,21.381439328743543,23.47934595524957,2324,149,true
fixed,22746128B5843223707622,Tanah Bumbu,47.444336695000729,24.465940030255005,21.157722230226192,27764,1020,true
fixed,22746128B43985885623603,Tanah Datar,37.50150508193321,21.466612528521047,18.318191246629329,4821,314,true
fixed,22746128B54914598899185,Tanah Laut,38.706555622296975,22.535781835655929,20.30520182604517,16648,732,true
fixed,22746128B62876177397182,Tangerang,70.6498348537353,60.185056087526164,7.1225199080820074,490002,6525,true
fixed,22746128B69666188283297,Tanggamus,29.4658260108603,22.080931248036624,17.911681550958129,22283,932,true
fixed,22746128B97653119007289,Tanjung Jabung Barat,41.729799797877718,22.813941182415366,22.448206164729662,9895,495,true
fixed,22746128B13468366985120,Tanjung Jabung Timur,42.901370520622045,20.73292478025693,32.3567444219067,11832,451,true
fixed,22746128B22210082667393,Tapanuli Selatan,44.09610839884153,17.314647083160942,38.381878361605295,2417,144,true
fixed,22746128B86210793324026,Tapanuli Tengah,47.001192358867151,25.761150351644165,28.572324653107774,5261,271,true
fixed,22746128B99937545443202,Tapanuli Utara,48.80883792184725,23.017826376554176,36.450266429840141,2252,126,true
fixed,22746128B54842505361870,Tapin,41.763185403963412,24.754169397865855,19.969512195121951,10496,494,true
fixed,22746128B89217704079934,Tasikmalaya,35.914172011814223,32.699516675814849,12.013813743171541,76518,3286,true
fixed,22746128B61304276790881,Tebo,36.675912217194579,19.500911199095022,33.086764705882352,8840,454,true
fixed,22746128B39713682939315,Tegal,61.636218689625416,58.293078001613118,12.010569654680847,106626,3048,true
fixed,22746128B11480476919105,Teluk Bintuni,46.23582157979267,15.042080449700684,59.963644327639074,6849,240,true
fixed,22746128B47515282892276,Teluk Wondama,60.069448577680511,12.586838074398248,58.969365426695845,457,32,true
fixed,22746128B37534287210764,Temanggung,44.040638007227194,39.496626901742353,17.622298432573022,86894,2789,true
fixed,22746128B39495189442435,Timor Tengah Selatan,46.431600308641968,18.169796296296298,31.381172839506174,648,57,true
fixed,22746128B66987763142599,Timor Tengah Utara,49.79949134615385,22.287731730769227,28.752884615384616,1040,58,true
fixed,22746128B48431928866564,Toba Samosir,54.527829402084485,34.204328853538115,22.633845309928688,3646,175,true
fixed,22746128B20933115656615,Tojo Una-Una,41.535243978349115,20.291422192151554,44.338430311231392,7390,339,true
fixed,22746128B86630799177927,Toli-Toli,32.055197319933,17.976613400335,47.590396426577328,8955,372,true
fixed,22746128B10432975654062,Tolikara,59.211713866471015,13.276482758620693,98.146001467351425,1363,29,true
fixed,22746128B99951949618583,Toraja Utara,42.045289562289568,20.790720912832015,20.814066591844369,2673,143,true
fixed,22746128B86316028646138,Trenggalek,25.573667426210658,23.671050406746456,17.484794923122791,46958,2152,true
fixed,22746128B21203406788524,Tuban,37.381133733133424,34.562340733479409,16.108972436858494,86710,3112,true
fixed,22746128B7348236235073,Tulang Bawang Barat,32.371064022886458,26.819744401696756,20.268817204301076,10137,466,true
fixed,22746128B49188423555547,Tulangbawang,28.80686472282218,22.941604319654431,17.074586033117349,13890,652,true
fixed,22746128B2754392863745,Tulungagung,36.891543693162618,32.730374568180139,12.647602008426155,121289,3742,true
fixed,22746128B76055711701199,Waduk Cirata,55.278259574468073,33.78117021276595,7.4297872340425535,235,19,true
fixed,22746128B86942252851890,Wadung Kedungombo,28.947191999999994,26.664600000000004,19.256,125,9,true
fixed,22746128B4429389080756,Wajo,47.142335330428473,21.042568990559186,25.562182280319536,11016,427,true
fixed,22746128B42553963392557,Wakatobi,35.019446278717851,14.690452194249554,60.974687027101389,7269,150,true
fixed,22746128B12986554349068,Waropen,90.820302354788055,17.989034536891683,95.882574568288859,3185,41,true
fixed,22746128B8708218473228,Way Kanan,34.326480326295581,19.12841026871401,26.144625719769675,10420,525,true
fixed,22746128B32217084331074,Wonogiri,36.67222276618363,35.760355601559148,15.423142915757474,107238,4730,true
fixed,22746128B92173297199140,Wonosobo,33.057258630583483,30.673766193820875,16.635139787908003,87132,2551,true
fixed,22746128B87177062694316,Yahukimo,56.761055339805814,11.871388673139158,93.098381877022661,3090,67,true
fixed,22746128B10188501962211,Yalimo,74.2931610576923,14.3239375,92.90384615384616,416,26,true
mobile,22746128B65593111718524,Aceh Barat,41.896790447359571,21.353217961654895,33.285906491759164,2973,193,true
mobile,22746128B227561513795,Aceh Barat Daya,46.916885755603765,20.26450903832249,33.372378886478671,1383,102,true
mobile,22746128B90547447297479,Aceh Besar,43.725160285186156,22.664370477950889,31.40784261948772,7574,490,true
mobile,22746128B21424895456858,Aceh Jaya,30.769939516129032,14.846080645161287,30.385080645161292,496,47,true
mobile,22746128B12428400263117,Aceh Selatan,31.867475196612219,11.246441318814275,31.798850574712645,3306,177,true
mobile,22746128B17710719872214,Aceh Singkil,38.008635305528607,14.658852570320075,33.603297769156157,1031,105,true
mobile,22746128B57620394058931,Aceh Tamiang,39.066513665869493,18.128429449948754,29.059788179022892,5854,339,true
mobile,22746128B89023327523654,Aceh Tengah,31.142410760034164,15.276471961286648,41.557927697124967,3513,145,true
mobile,22746128B65780821536148,Aceh Tenggara,30.085830138036812,19.58765567484663,36.009585889570552,2608,202,true
mobile,22746128B94735591859977,Aceh Timur,44.52707323872275,20.268119361378609,32.730106436898126,3946,274,true
mobile,22746128B43339434023645,Aceh Utara,39.904233317705888,19.390273167682455,33.164244413189564,6399,408,true
mobile,22746128B89220130199878,Agam,31.836946709916592,17.035845227062094,32.437442075996294,4316,397,true
mobile,22746128B1117135414899,Alor,32.379295620437958,19.0318199513382,99.821167883211672,822,57,true
mobile,22746128B26461090721788,Asahan,47.210302888269567,24.349404737775522,30.281986318723082,7894,586,true
mobile,22746128B62198228854475,Asmat,22.352646055437102,12.669562899786778,258.03198294243072,469,39,true
mobile,22746128B76986430159502,Badung,71.470908294572681,26.397895500475002,29.14689154010339,81053,1766,true
mobile,22746128B67876608948387,Balangan,49.761389337641354,21.7676408185245,35.171243941841681,1857,162,true
mobile,22746128B73297609500416,Bandung,42.629433408891153,21.534108479437482,20.453655302154168,64851,2920,true
mobile,22746128B79756617117888,Bandung Barat,42.662615731201413,21.49932651995934,22.706887551855822,36399,1765,true
mobile,22746128B48169474795911,Banggai,41.103123078770423,17.687252521613832,56.172790585975022,8328,319,true
mobile,22746128B2571336805106,Banggai Kepulauan,45.158739268680449,20.139346581875994,75.2114467408585,629,52,true
mobile,22746128B78411617556279,Banggai Laut,36.075796954314718,16.682989847715735,61.01015228426396,197,26,true
mobile,22746128B27585215741432,Bangka,50.408792590589506,19.892982152514879,34.449972958355865,3698,284,true
mobile,22746128B47433230053131,Bangka Barat,55.54440295169946,19.854902504472271,29.229427549194991,2236,170,true
mobile,22746128B19321376976921,Bangka Selatan,43.941027552674235,19.492981091301996,36.212857914640736,1851,117,true
mobile,22746128B66707258567489,Bangka Tengah,54.518808658008673,24.61593593073593,32.958008658008659,2310,145,true
mobile,22746128B23347682239441,Bangkalan,54.825739549839234,28.164125749543757,22.54375597462414,11507,727,true
mobile,22746128B25936754669599,Bangli,42.662805574324317,19.45752640765766,25.451520270270269,17760,200,true
mobile,22746128B79736905882971,Banjar,48.357801715558509,19.05923970427942,21.823799819913749,21101,705,true
mobile,22746128B31481808975183,Banjarnegara,47.961694454340346,22.336342358389736,30.628191426196413,8421,602,true
mobile,22746128B71175962379658,Bantaeng,30.568981652257442,20.660810374639773,24.10413064361191,10410,156,true
mobile,22746128B15956982783625,Bantul,57.9380838641189,22.013388153955034,28.379470847623715,36738,1741,true
mobile,22746128B71070720422540,Banyu Asin,42.183702242372256,19.081931258424213,31.071437323857371,8161,615,true
mobile,22746128B18933963724988,Banyumas,55.232757371648191,22.157861187883231,26.727390866660567,54635,1879,true
mobile,22746128B51270543903443,Banyuwangi,55.088030189878445,23.091782315086995,31.807897036625089,12587,957,true
mobile,22746128B88870484763637,Barito Kuala,45.807943474400709,20.840381177863275,24.658478839893458,6758,470,true
mobile,22746128B74191069780867,Barito Selatan,44.157194202898559,16.447288198757764,36.461697722567287,2415,157,true
mobile,22746128B29529230943245,Barito Timur,47.1490599226804,13.46619201030928,38.827963917525771,1552,136,true
mobile,22746128B89680104320053,Barito Utara,33.214473653481235,15.778561815793314,49.471464019851119,6851,287,true
mobile,22746128B81694843903641,Barru,45.9935914074074,18.237895407407411,24.984888888888889,3375,124,true
mobile,22746128B4894534477686,Batang,47.061580579355358,22.359211342309258,24.947572419420645,9804,705,true
mobile,22746128B80000441774097,Batang Hari,48.1064612447499,16.3061981672394,31.636502481863307,2619,240,true
mobile,22746128B96384374000902,Batu Bara,47.672969987389656,22.164897351828497,26.069356872635563,3965,313,true
mobile,22746128B74302729610221,Bekasi,47.766229575093831,20.377177377201654,21.727973589923298,152669,4564,true
mobile,22746128B80009106787015,Belitung,56.820659009332388,23.162829504666188,33.287508973438619,2786,210,true
mobile,22746128B98690900191937,Belitung Timur,50.278226666666662,19.527423466666669,31.3264,1875,163,true
mobile,22746128B36840991830224,Belu,41.783940852819789,22.152628610729028,50.169188445667125,1454,98,true
mobile,22746128B4257100474226,Bener Meriah,34.54147983367983,19.071958004158009,37.1002079002079,2405,163,true
mobile,22746128B45456061674897,Bengkalis,41.4309342070072,17.396787376303823,32.45025407863065,7478,639,true
mobile,22746128B96004883426087,Bengkayang,47.351079232111687,18.71034869109948,36.56614310645724,2865,216,true
mobile,22746128B78254403614329,Bengkulu Selatan,43.78320971004721,16.440167902899525,30.502360080917061,2966,117,true
mobile,22746128B16836972822517,Bengkulu Tengah,60.902787786259523,20.061112977099242,27.551145038167938,655,77,true
mobile,22746128B39887218554518,Bengkulu Utara,47.001892105505021,15.199816377171215,33.104677878871428,10881,377,true
mobile,22746128B34069275840087,Berau,35.851366321357723,15.864393541988102,41.848468150760411,9074,385,true
mobile,22746128B19254678251292,Biak Numfor,46.474319327731081,24.441248319327734,87.307983193277309,2380,123,true
mobile,22746128B14082340634491,Bima,50.687483703095047,23.650960010955902,40.666392769104355,3651,187,true
mobile,22746128B62804497316712,Bintan,46.592398759415147,18.005257421355779,33.247673903411609,2257,195,true
mobile,22746128B71427834061478,Bireuen,45.1482554225879,20.924189603590133,33.085639491398652,5348,372,true
mobile,22746128B45235083091424,Blitar,57.145227989487509,22.981539859833553,22.064607971966712,9132,884,true
mobile,22746128B85780086903212,Blora,64.7939653976238,26.77291943456768,28.286185066342902,11531,769,true
mobile,22746128B1718153682633,Boalemo,34.410031413612558,21.265991273996509,69.069808027923216,573,54,true
mobile,22746128B99423643145371,Bogor,49.015776398401115,21.3757803120068,22.660258710968421,203393,6940,true
mobile,22746128B62232019301027,Bojonegoro,57.173208111164975,24.325212554532236,26.826143157214414,12378,902,true
mobile,22746128B99982169683342,Bolaang Mongondow,51.662319367588942,20.559334387351775,31.290909090909089,1265,117,true
mobile,22746128B14720240696101,Bolaang Mongondow Selatan,53.238367120953988,22.041011925042586,37.488926746166953,1174,75,true
mobile,22746128B26195600949416,Bolaang Mongondow Timur,53.851029411764713,20.651477941176474,43.205882352941174,544,49,true
mobile,22746128B96389329417801,Bolaang Mongondow Utara,58.923452095808393,22.410122754491017,39.488023952095809,334,42,true
mobile,22746128B28760414544557,Bombana,46.027442637759705,19.689501355013554,67.447154471544721,1107,109,true
mobile,22746128B61555758059649,Bondowoso,55.893187560738582,22.948250340136045,28.279300291545191,5145,293,true
mobile,22746128B25468135680533,Bone,44.229476441340125,21.327843613117082,28.983662838877709,16894,559,true
mobile,22746128B41707288718561,Bone Bolango,59.080708747514912,23.039019880715706,44.70079522862823,1006,97,true
mobile,22746128B21273779065212,Boven Digoel,38.805164556962026,13.498738396624475,183.03481012658227,948,76,true
mobile,22746128B51975137382727,Boyolali,52.627617988197777,21.375072475072919,23.649901648239844,29486,1406,true
mobile,22746128B82312103386068,Brebes,43.417691952298227,20.221269961301534,28.993780603380191,50648,1764,true
mobile,22746128B19337828575841,Buleleng,48.413090109890113,21.607930141287291,25.039246467817897,6370,427,true
mobile,22746128B72639885395673,Bulukumba,32.25203395952478,19.81052183997592,25.186423272366721,56479,456,true
mobile,22746128B10941975158621,Bulungan,35.6383922163255,15.98249456659085,53.449583017437455,3957,255,true
mobile,22746128B28569646979400,Bungo,39.72160264900662,18.986561895058596,34.179062659195111,3926,277,true
mobile,22746128B60636029206407,Buol,30.626033765032378,8.5093061979648468,71.383903792784466,2162,114,true
mobile,22746128B29167244459072,Buru,32.511203673469382,15.981346938775509,90.844897959183669,2450,145,true
mobile,22746128B90083339512512,Buru Selatan,32.421615533980585,11.701466019417474,188.1864077669903,515,46,true
mobile,22746128B86741169633217,Buton,42.443989999999992,16.09904,43.79375,800,80,true
mobile,22746128B94245100908076,Buton Selatan,59.13423237597911,24.623394255874675,40.906005221932112,383,33,true
mobile,22746128B6718763508294,Buton Tengah,34.230452240566038,18.54146521226415,41.3001179245283,1696,65,true
mobile,22746128B51044624823813,Buton Utara,32.338635241301908,9.46220650953984,43.516273849607181,891,53,true
mobile,22746128B17121530580660,Ciamis,43.0708252310536,19.494581053604438,27.257116451016635,10820,725,true
mobile,22746128B34542084533901,Cianjur,39.981475503626122,18.793546736502815,26.69488315874295,24820,1452,true
mobile,22746128B37209370352000,Cilacap,50.4445251868549,21.384394234191479,32.514485704116737,42145,1931,true
mobile,22746128B77544549346240,Cirebon,43.568311246644569,21.358471360334757,24.922824885520292,50664,1803,true
mobile,22746128B7455670127099,Dairi,37.374886050588529,20.254963436013021,31.92962684698222,3993,294,true
mobile,22746128B15758871990616,Danau,39.88870848708487,14.994409594095943,41.845018450184504,271,23,true
mobile,22746128B58041142516585,Danau Toba,42.104990003702333,20.989548315438729,28.714179933358015,2701,105,true
mobile,22746128B51921656212420,Deiyai,17.429217142857141,10.822805714285714,73.328571428571422,350,20,true
mobile,22746128B17104196518473,Deli Serdang,53.363723581855588,20.836554952483585,21.88913490741648,51035,2296,true
mobile,22746128B71519500232359,Demak,63.170728425821082,23.981794620611552,27.852718006795016,17660,1089,true
mobile,22746128B7219534805401,Dharmasraya,34.622829662996331,15.297272272272274,37.687520854187518,5994,429,true
mobile,22746128B76462588476684,Dogiyai,34.181929411764713,19.789576470588237,116.48235294117647,85,7,false
mobile,22746128B31420255543838,Dompu,41.8827378768021,21.685286697247708,34.384993446920049,3052,201,true
mobile,22746128B11403753934380,Donggala,54.297275968039322,22.136730178242171,45.457897971727107,1627,147,true
mobile,22746128B47089116764549,Empat Lawang,41.953540254237289,17.979152118644066,35.47330508474576,2360,129,true
mobile,22746128B46201528673681,Ende,34.911534912334673,14.583536245257868,61.337639700604939,9753,154,true
mobile,22746128B73854324401708,Enrekang,47.91477272727272,25.143533169533178,34.6492628992629,1628,147,true
mobile,22746128B79106566109504,Fakfak,48.881033073929963,21.946396887159533,102.01556420233463,514,45,true
mobile,22746128B68993103553012,Flores Timur,37.314545030538582,17.586766796224321,53.692393114936145,9005,174,true
mobile,22746128B66421464971893,Garut,42.262293615233844,20.771386796415566,21.581209745169421,28568,1426,true
mobile,22746128B71384327775718,Gayo Lues,27.625812127236578,13.010336978131212,49.383697813121273,1006,93,true
mobile,22746128B44616450347238,Gianyar,56.820536705160769,23.743802074847864,22.226148833197566,41738,925,true
mobile,22746128B1660874628525,Gorontalo,55.229209406830435,24.199363990413424,43.795086878370284,3338,264,true
mobile,22746128B78667545948550,Gorontalo Utara,39.668624203821651,16.259356687898087,47.764331210191081,471,45,true
mobile,22746128B57887954309635,Gowa,37.797147364316352,17.770500602644542,20.652469070154915,56418,889,true
mobile,22746128B46933486274006,Gresik,54.028411057016143,20.605372346640703,21.167586281510332,46215,1712,true
mobile,22746128B71964042918672,Grobogan,62.025029538685963,26.461412447577953,27.378350452804959,16453,1226,true
mobile,22746128B54859500646728,Gunung Kidul,42.068623855471138,18.790498994046406,24.053377129952782,24355,857,true
mobile,22746128B12491014044373,Gunung Mas,27.766948952879577,14.811668848167539,34.255671902268759,2292,151,true
mobile,22746128B52341022582766,Halmahera Barat,45.959805208333329,20.187389062500007,80.502083333333331,1920,114,true
mobile,22746128B2838702785556,Halmahera Selatan,44.949856349757113,19.957603053435111,99.967210270645381,5764,250,true
mobile,22746128B46636453933041,Halmahera Tengah,29.423598955658278,22.682986218113335,41.989214175654851,11682,405,true
mobile,22746128B70343351071090,Halmahera Timur,36.72464775910364,18.639203081232491,64.130252100840337,1428,106,true
mobile,22746128B41252486574655,Halmahera Utara,38.060588869565215,19.600262260869567,45.471652173913043,2875,131,true
mobile,22746128B37889128386884,Hulu Sungai Selatan,54.252699975080986,23.008610765013707,28.332668826314478,4013,291,true
mobile,22746128B20472072190374,Hulu Sungai Tengah,50.757603507565335,22.404175034387897,31.996217331499313,2908,230,true
mobile,22746128B21492383155838,Hulu Sungai Utara,53.235622797927462,23.146231778929188,30.71364421416235,2895,229,true
mobile,22746128B305851071948,Humbang Hasundutan,34.737779633401225,21.192545417515269,34.624032586558044,2455,154,true
mobile,22746128B69994664325988,Hutan,5.594,0.898,34.0,5,1,false
mobile,22746128B36468792556341,Indragiri Hilir,33.6079179644049,15.434917130144605,53.786429365962178,7192,466,true
mobile,22746128B72920479258091,Indragiri Hulu,37.059207872928162,17.310908011049722,26.976243093922651,7240,453,true
mobile,22746128B59462811669242,Indramayu,47.441510166686385,20.035689088544743,22.587362572408086,33836,1330,true
mobile,22746128B83440404091664,Intan Jaya,5.7840256410256412,14.407897435897436,64.820512820512818,39,4,false
mobile,22746128B71103770185906,Jayapura,62.527064606741575,24.537458489388268,68.822097378277149,3204,182,true
mobile,22746128B40741333574981,Jayawijaya,28.45941639163917,13.1086600660066,263.06490649064904,1818,78,true
mobile,22746128B56085237319005,Jember,54.183375463773181,22.169965348267418,27.846027301365069,28570,1387,true
mobile,22746128B85592790675198,Jembrana,63.578727702512,28.191667583968385,21.669700818515384,14172,299,true
mobile,22746128B64050318598962,Jeneponto,33.356194597612905,16.041713617645,23.823061352690726,14327,296,true
mobile,22746128B68650893607060,Jepara,59.547901021925838,23.578678980952841,25.9513985510723,20843,1273,true
mobile,22746128B39847330151566,Jombang,53.157855135516492,23.125330824857429,23.319536715856312,17009,1058,true
mobile,22746128B93097528927367,Kaimana,24.634798245614036,10.177631578947368,103.4780701754386,228,19,true
mobile,22746128B8837306932395,Kampar,40.717719371727746,15.633828830715531,26.058010471204188,14325,855,true
mobile,22746128B40136746216216,Kapuas,34.990217391304348,14.611664003320536,41.478572169762373,9637,470,true
mobile,22746128B82886709098386,Kapuas Hulu,32.564819486152821,15.396580580580581,65.2218885552219,2997,226,true
mobile,22746128B60715781377305,Karang Asem,44.106410833775904,18.59317429633564,23.792352628783856,9415,399,true
mobile,22746128B38192287274107,Karanganyar,55.377668906628948,21.56963417037187,23.544917138237672,39584,1370,true
mobile,22746128B53840275251202,Karawang,43.314387876833784,20.829185326992324,21.947686603256489,74436,2780,true
mobile,22746128B38340908247842,Karimun,46.55021714031971,19.728430950266432,27.861456483126108,4504,300,true
mobile,22746128B49947212525753,Karo,37.049567744418788,20.190293687451888,29.829355914806261,7794,496,true
mobile,22746128B40819362853427,Katingan,39.084929595827909,16.505916558018249,45.2929161234246,2301,209,true
mobile,22746128B79405855452274,Kaur,44.35689861111112,19.756927777777776,33.43472222222222,720,65,true
mobile,22746128B56151469580770,Kayong Utara,35.688326308139551,17.8204011627907,57.057412790697676,1376,96,true
mobile,22746128B26305825050369,Kebumen,51.2295361377009,21.475198340212529,33.028892596820938,22774,1342,true
mobile,22746128B82286187836997,Kediri,53.511245421987987,22.254809041151425,23.711737279545915,14799,1177,true
mobile,22746128B17774751253690,Keerom,51.419944751381216,22.498725966850824,107.96464088397791,905,85,true
mobile,22746128B21241240008354,Kendal,52.1059495531572,23.555187283293449,26.521804951897252,20477,1259,true
mobile,22746128B30869437307727,Kepahiang,37.822609707776131,16.784356612184251,34.889053987122338,2019,108,true
mobile,22746128B99951880476592,Kepulauan Anambas,45.9239552631579,17.469771052631579,67.771052631578954,380,31,true
mobile,22746128B17511076551422,Kepulauan Aru,27.8628,20.437567123287671,137.70547945205479,730,48,true
mobile,22746128B86355072671334,Kepulauan Mentawai,34.389813131313119,15.684712121212121,112.46969696969697,396,23,true
mobile,22746128B32802105420608,Kepulauan Meranti,43.171843613707168,16.305209345794395,37.034890965732089,1605,110,true
mobile,22746128B28296608330436,Kepulauan Sangihe,33.155717045454551,14.144868181818181,65.1659090909091,880,60,true
mobile,22746128B1615833901652,Kepulauan Selayar,19.094530863030535,11.492363503166649,53.595424898383591,21158,159,true
mobile,22746128B63742079715926,Kepulauan Seribu,67.333306194690266,25.480323893805313,29.7929203539823,565,22,true
mobile,22746128B81791072961966,Kepulauan Sula,34.074520710059176,19.079250493096648,72.952662721893489,507,51,true
mobile,22746128B45484540858108,Kepulauan Talaud,30.831013440860211,13.426774193548384,131.56182795698925,372,38,true
mobile,22746128B96094928872069,Kepulauan Yapen,46.336991344195525,20.030382892057027,97.123217922606926,1964,102,true
mobile,22746128B64633952285861,Kerinci,49.7493962962963,19.346942592592594,44.783333333333331,1080,109,true
mobile,22746128B56277764926455,Ketapang,38.729305416887939,17.560713913967067,45.437174721189592,18830,743,true
mobile,22746128B24447956326165,Klaten,48.594794952351016,19.116682401298561,26.414624568017594,38196,1738,true
mobile,22746128B73073409478343,Klungkung,40.843737266687768,18.615484024043027,21.443055994938312,6322,231,true
mobile,22746128B69202393010200,Kolaka,39.816239017571881,16.844000199680508,54.074480830670929,5008,283,true
mobile,22746128B88028223529334,Kolaka Timur,48.318441056910558,16.576571138211385,56.158536585365852,492,53,true
mobile,22746128B11198700179718,Kolaka Utara,40.745594298245621,17.472679824561403,47.266447368421055,912,82,true
mobile,22746128B78249855862414,Konawe,42.129339460305061,23.196957176378568,69.989245209229566,5114,272,true
mobile,22746128B22870517920414,Konawe Kepulauan,44.904991071428576,21.368660714285713,111.5,112,11,true
mobile,22746128B90195550492320,Konawe Selatan,43.526084132055388,18.601464678736246,44.983315583954564,5634,280,true
mobile,22746128B68991025063444,Konawe Utara,18.827723635307777,10.691540824622534,54.069396051103368,17220,263,true
mobile,22746128B58388026658287,Kota Ambon,51.385639110070265,22.428342388758775,45.082201405152226,8540,222,true
mobile,22746128B66626446070966,Kota Balikpapan,70.564858716136641,24.542540238515897,23.558686690223794,67920,1252,true
mobile,22746128B56363132836699,Kota Banda Aceh,39.769870183901119,18.715397648477538,30.291407898703646,16585,445,true
mobile,22746128B13880384963573,Kota Bandar Lampung,48.1624766874612,21.377595630192474,23.738698518759424,33823,986,true
mobile,22746128B71762235135177,Kota Bandung,60.921580675274967,26.226789839496682,20.257174011955378,127474,1740,true
mobile,22746128B64728543729693,Kota Banjar,47.391140414041395,21.213327632763278,24.480648064806481,2222,172,true
mobile,22746128B6711072078761,Kota Banjar Baru,61.55395979336528,24.991594510487332,22.731997261467605,16067,710,true
mobile,22746128B37126944555810,Kota Banjarmasin,74.601094601970743,28.272749145335979,19.727225717486856,34809,668,true
mobile,22746128B85816588264471,Kota Baru,47.6940690495532,19.930876848090982,33.9978878960195,6155,399,true
mobile,22746128B16651418017337,Kota Batam,45.498023546511625,18.63459543189369,30.127242524916944,48160,1626,true
mobile,22746128B69457994360094,Kota Batu,51.531960427430711,22.599940934711132,23.039689995302957,8516,392,true
mobile,22746128B66779214231616,Kota Baubau,44.651147482014387,23.596323227132583,41.553956834532372,1946,131,true
mobile,22746128B54763839112631,Kota Bekasi,60.772608434121679,25.07248732763269,19.698084379734485,155772,2218,true
mobile,22746128B322693337562,Kota Bengkulu,52.331382108626208,22.291158146964861,31.277422790202344,9390,473,true
mobile,22746128B33789977192923,Kota Bima,47.095549405069839,21.11773874806001,43.011898603207449,1933,112,true
mobile,22746128B66679629138785,Kota Binjai,68.144464987325719,25.323091888466415,20.97164131812421,6312,333,true
mobile,22746128B20507278995893,Kota Bitung,46.7937844251337,24.039864973262038,32.667112299465238,2992,189,true
mobile,22746128B15123001204790,Kota Blitar,52.851194709246911,24.228982364156337,20.506673021925643,4196,216,true
mobile,22746128B63896883204987,Kota Bogor,58.590028612620628,22.657984709437734,20.677303981368524,72136,1050,true
mobile,22746128B2679722836886,Kota Bontang,50.941406140531626,18.334894704306613,28.412940449206676,4853,225,true
mobile,22746128B12322141134935,Kota Bukittinggi,37.606834997622443,20.601374940561104,30.355444602948168,4206,143,true
mobile,22746128B25933583546422,Kota Cilegon,52.726103977423058,21.525243584090308,24.342358232648383,11339,597,true
mobile,22746128B53430054982428,Kota Cimahi,45.00914356293169,22.795331158864162,21.616174213353798,20848,417,true
mobile,22746128B80288264799633,Kota Cirebon,49.433682563533019,23.348280525249884,24.677990461880185,15307,306,true
mobile,22746128B89164850776530,Kota Denpasar,79.2852717674386,28.720769507989022,23.907313296262405,71035,1156,true
mobile,22746128B73481124779947,Kota Depok,65.726085975257263,24.743785971403238,20.915150113693297,129735,2064,true
mobile,22746128B18875576502901,Kota Dumai,43.035002167238574,18.298974534946723,33.559869965685387,5537,367,true
mobile,22746128B66202348563483,Kota Gorontalo,57.268422803217824,25.611354579207926,35.45560024752475,6464,272,true
mobile,22746128B74256869593133,Kota Gunungsitoli,29.957187978451937,13.217320952650979,38.809469804366316,3527,171,true
mobile,22746128B58252967349746,Kota Jakarta Barat,65.6152147704701,25.277345299050971,20.776578018097549,181240,1382,true
mobile,22746128B21128962092426,Kota Jakarta Pusat,62.739378750515932,25.473084953485674,21.596140209764307,188974,524,true
mobile,22746128B93686700937380,Kota Jakarta Selatan,67.995257964689856,25.8878182589787,21.117524007676447,266269,1556,true
mobile,22746128B5353616278909,Kota Jakarta Timur,66.9861144864884,26.07903338162749,20.068253139609229,170483,1948,true
mobile,22746128B85966169947265,Kota Jakarta Utara,63.077593770538655,24.455505150735821,20.61298042577511,139980,1382,true
mobile,22746128B99667418524197,Kota Jambi,61.363081600559163,22.799004280971527,24.823868600384415,11446,661,true
mobile,22746128B85346986276333,Kota Jayapura,64.892788549618317,26.922609329940627,58.293553859202717,11790,396,true
mobile,22746128B79918158306090,Kota Kediri,48.782750134105783,20.952513356935956,22.730501019203949,9321,384,true
mobile,22746128B80961359079738,Kota Kendari,50.810259304231685,24.561842875356682,41.03078137332281,16471,644,true
mobile,22746128B93986330379000,Kota Kotamobagu,46.097541889483068,23.1360004456328,34.201871657754012,2244,149,true
mobile,22746128B56606429525327,Kota Kupang,49.240921244349913,20.911718213241159,40.89699547992555,18805,401,true
mobile,22746128B69628984727954,Kota Langsa,38.934377096310484,18.348712266411123,28.109487302347869,4174,198,true
mobile,22746128B88010078110453,Kota Lhokseumawe,42.038040612671161,20.298087491297284,29.355302854490603,4309,234,true
mobile,22746128B74548717001691,Kota Lubuklinggau,41.853785544836306,20.095144235331325,30.400442827771627,6323,237,true
mobile,22746128B30166819315055,Kota Madiun,58.386246710972479,25.875655635426561,29.888105248881054,7373,254,true
mobile,22746128B66141272433758,Kota Magelang,41.659129906920278,20.821466005665727,27.578713071630919,4942,161,true
mobile,22746128B73854317646589,Kota Makassar,75.884407679257279,29.523852776926883,21.231685477980161,84878,1359,true
mobile,22746128B9724218643478,Kota Malang,56.527547429137925,24.26426907304764,21.652336532828624,44382,904,true
mobile,22746128B83673204362612,Kota Manado,64.14216028894964,27.26620089808668,28.565452948067161,20488,679,true
mobile,22746128B34810169298981,Kota Mataram,60.744315894728416,25.893207503399726,26.876249900008,12501,453,true
mobile,22746128B40654739963843,Kota Medan,66.588743038680988,24.53116345375021,19.850801879151142,111114,2090,true
mobile,22746128B64737377738458,Kota Metro,45.048759000000004,18.830446,27.565666666666665,3000,204,true
mobile,22746128B53956788697299,Kota Mojokerto,50.792923788546247,24.125817180616732,20.601468428781203,6810,169,true
mobile,22746128B51925287869213,Kota Padang,39.028542257865524,17.69843664404689,28.973966687230106,16210,928,true
mobile,22746128B34977061629525,Kota Padang Panjang,38.751433882352941,17.700812705882353,27.966117647058823,2125,62,true
mobile,22746128B81378642761445,Kota Padangsidimpuan,44.667566143497758,21.660109865470858,31.759192825112109,4460,178,true
mobile,22746128B19740076763731,Kota Pagar Alam,40.613844606946969,17.466487202925045,32.577696526508227,1094,88,true
mobile,22746128B5087893857208,Kota Palangka Raya,58.287733683473377,24.094143837535011,29.752731092436974,14280,662,true
mobile,22746128B87825164980488,Kota Palembang,49.537277248929094,23.038560758613116,22.872679676344596,54626,1589,true
mobile,22746128B54354608226928,Kota Palopo,36.319625244792611,26.832050916859533,34.43172512017091,5617,158,true
mobile,22746128B23229204425516,Kota Palu,41.220046595389761,23.084117493175619,40.28514558689718,26376,594,true
mobile,22746128B92282941938888,Kota Pangkal Pinang,46.493187620682264,21.527810984767218,28.273224629907745,9322,300,true
mobile,22746128B37987509465042,Kota Parepare,65.485220835932637,28.974371023081723,22.774953212726139,6412,127,true
mobile,22746128B94413576870843,Kota Pariaman,38.401225352112668,19.852983568075121,33.244131455399064,852,86,true
mobile,22746128B86769429493629,Kota Pasuruan,56.691847003154578,23.446612513144061,21.151682439537328,3804,201,true
mobile,22746128B75816793285642,Kota Payakumbuh,28.010435123822809,13.136224276246946,30.333972793861179,5734,137,true
mobile,22746128B98453198956040,Kota Pekalongan,41.707018040621257,23.03581899641577,24.264874551971324,8370,280,true
mobile,22746128B3549150233660,Kota Pekanbaru,46.694466009051865,22.863665637692925,22.496855053963095,43085,1560,true
mobile,22746128B46755595316405,Kota Pematang Siantar,42.544656357882616,18.756147008055237,23.426639815880321,6952,270,true
mobile,22746128B68403360613456,Kota Pontianak,66.217270684371783,28.999684422880492,29.052451481103166,19580,619,true
mobile,22746128B13695709263199,Kota Prabumulih,42.507041457985537,19.726520311630498,27.704785754034503,3594,238,true
mobile,22746128B48742890195125,Kota Probolinggo,48.611368778895852,22.103397334783786,24.401142235518087,3677,194,true
mobile,22746128B78398648082643,Kota Sabang,45.999990304709137,22.21045706371191,43.87673130193906,722,56,true
mobile,22746128B99456803569608,Kota Salatiga,64.505694747384808,22.126421878477629,24.770643222791008,8986,330,true
mobile,22746128B87893249930832,Kota Samarinda,54.62639082714891,19.68736324604054,26.211180300833121,35169,1137,true
mobile,22746128B93370341632229,Kota Sawah Lunto,30.18961873226112,15.822211920529803,28.2639545884579,1057,63,true
mobile,22746128B5783483209745,Kota Semarang,66.343402337113559,25.72817829330344,22.446742270708466,115955,2515,true
mobile,22746128B38845978082923,Kota Serang,51.518085423643143,23.640645479244334,23.82435079294876,15827,741,true
mobile,22746128B47009036461165,Kota Sibolga,33.669757082152962,17.775198300283286,31.717422096317282,1412,57,true
mobile,22746128B18670307275317,Kota Singkawang,59.32662532133677,22.912123393316197,31.765638389031704,4668,238,true
mobile,22746128B30699524960223,Kota Solok,36.996463396778907,18.016431185944359,31.317715959004392,1366,89,true
mobile,22746128B11366688050704,Kota Sorong,65.291115594329341,27.916359869138503,67.219411123227914,4585,193,true
mobile,22746128B20185680371825,Kota Subulussalam,38.092608497723816,17.179044764795137,29.131259484066767,1318,99,true
mobile,22746128B82825120895999,Kota Sukabumi,50.372718942922127,22.018908155529079,24.322971948445794,9233,326,true
mobile,22746128B31453944142504,Kota Sungai Penuh,38.511872635561161,15.593385876418663,43.551071878940732,793,56,true
mobile,22746128B68603538827891,Kota Surabaya,67.451366653072313,25.512667523110391,21.745278230922604,220680,2808,true
mobile,22746128B33460906687482,Kota Surakarta,63.0403485163581,23.915869676219462,23.651551272296896,59145,494,true
mobile,22746128B7613374511026,Kota Tangerang,60.302990128760534,23.752858031544523,21.990219267018233,165734,1857,true
mobile,22746128B62533997811788,Kota Tangerang Selatan,69.214414041669457,24.427651269511621,20.864560862865947,149270,1750,true
mobile,22746128B91306693093612,Kota Tanjung Balai,40.640619274376405,20.2819589569161,24.16780045351474,4410,143,true
mobile,22746128B73074683492420,Kota Tanjung Pinang,47.698375127681309,20.790547242083761,27.351378958120531,3916,281,true
mobile,22746128B97983454808676,Kota Tarakan,53.314952231520223,20.942861576011154,47.823047419804745,5736,268,true
mobile,22746128B57000549481658,Kota Tasikmalaya,40.892656298286866,20.192173463218005,23.123748740342627,14885,591,true
mobile,22746128B29639616204280,Kota Tebing Tinggi,44.089374652584766,22.642633685380773,24.08365758754864,3598,188,true
mobile,22746128B85080883644541,Kota Tegal,35.621395888734114,21.620061500147731,24.736397788189606,23691,291,true
mobile,22746128B36781349389855,Kota Ternate,46.382122922864816,20.774524490240182,43.722589071910605,13781,210,true
mobile,22746128B24002479708791,Kota Tidore Kepulauan,40.645810087173096,23.143820049813193,42.943337484433378,1606,119,true
mobile,22746128B12552284418793,Kota Tomohon,50.637088495575227,24.460105674128066,32.531754294638212,3842,178,true
mobile,22746128B79752231805890,Kota Tual,38.444927944862151,21.631179824561404,74.401002506265669,3192,69,true
mobile,22746128B9761158776103,Kota Yogyakarta,72.249482196364369,27.201158035357569,25.696089692369156,40048,379,true
mobile,22746128B93777795819955,Kotawaringin Barat,57.264051015697156,22.517737188365647,34.918513388734993,8664,543,true
mobile,22746128B94284518008212,Kotawaringin Timur,46.09836688277182,18.848669890530346,34.191199914975023,9409,651,true
mobile,22746128B8182037452639,Kuantan Singingi,40.514089368977316,19.067316443891823,29.455548647808516,6434,371,true
mobile,22746128B69090577702614,Kubu Raya,59.173337162550247,23.723781016657096,32.583285468121773,6964,459,true
mobile,22746128B61967707401144,Kudus,63.395855422306859,22.855849863605954,28.8733851459159,19429,1041,true
mobile,22746128B43033686501526,Kulon Progo,57.605326294778855,21.665178169975846,31.970269986343105,9519,610,true
mobile,22746128B44289127403365,Kuningan,49.307218491969863,20.922163052354591,25.783413483349968,11021,793,true
mobile,22746128B27765258797580,Kupang,42.171648192771094,22.082013119143237,41.974029451137888,3735,157,true
mobile,22746128B93368126922918,Kutai Barat,30.786477961432507,13.884024203069659,41.671684376229834,10164,510,true
mobile,22746128B55621143702768,Kutai Kartanegara,39.656236278944171,16.011041922635521,29.967832309457908,29626,1190,true
mobile,22746128B75924443266043,Kutai Timur,33.979987480987475,15.102680940680944,61.241780741780744,17094,860,true
mobile,22746128B75065966155231,Labuhan Batu,47.909358431516928,22.417280559646535,30.4300441826215,5432,390,true
mobile,22746128B23995987640193,Labuhan Batu Selatan,50.068245681381953,22.43368176583493,38.63570057581574,2605,207,true
mobile,22746128B7095356521044,Labuhan Batu Utara,42.4059063063063,20.493049249249246,31.788288288288289,3330,230,true
mobile,22746128B84107388414918,Lahat,38.723195523069904,18.119682731841021,35.136820465966196,4378,302,true
mobile,22746128B62127435888540,Lamandau,29.538410777834265,10.88360854092527,58.496695475343159,1967,136,true
mobile,22746128B62762388436916,Lamongan,56.211428135293644,23.95355394874267,22.742829597493373,12447,837,true
mobile,22746128B74428971192525,Lampung Barat,36.874753686727779,18.046067357512946,30.951773614986049,2509,230,true
mobile,22746128B4401734887211,Lampung Selatan,39.327005095355943,18.037027878876113,28.09368175862571,13738,711,true
mobile,22746128B57273633041967,Lampung Tengah,40.6845253071807,17.187855258708147,31.771164468492842,8871,677,true
mobile,22746128B49036162018248,Lampung Timur,34.73280893682589,15.717935778120189,26.667057010785825,16225,612,true
mobile,22746128B16659764843822,Lampung Utara,37.094586573354064,17.619154224987035,32.472006220839816,3858,346,true
mobile,22746128B55433427549228,Landak,42.374284272997038,18.448345400593471,44.971513353115725,1685,139,true
mobile,22746128B45262154134474,Langkat,47.92060107003892,24.531671400778205,26.456322957198445,10280,783,true
mobile,22746128B21145180666794,Lanny Jaya,10.033682926829268,3.0812682926829265,385.19512195121951,41,5,false
mobile,22746128B73767534141998,Lebak,42.544414248194343,17.033209980302033,22.906434668417596,15230,634,true
mobile,22746128B6914990948320,Lebong,35.326968933177035,16.111440211019929,36.937280187573272,3412,115,true
mobile,22746128B62947944336237,Lembata,23.425891784292435,16.322945711183497,52.481360839667026,2763,74,true
mobile,22746128B97954273808268,Lima Puluh Kota,34.70078093181116,14.090366862079605,29.45078679419932,3241,216,true
mobile,22746128B41866695352092,Lingga,43.571061833688695,17.449063965884864,38.997867803837956,938,82,true
mobile,22746128B38668827904245,Lombok Barat,50.236251606357804,24.054402265809951,27.920865742306393,5914,409,true
mobile,22746128B98880758851169,Lombok Tengah,60.378015560742476,24.961089918861841,28.80204512615316,8997,366,true
mobile,22746128B55307338459902,Lombok Timur,42.163188180255879,22.891236012984528,29.484533129654384,10474,544,true
mobile,22746128B90862663975631,Lombok Utara,53.827220430107531,21.129675765095115,35.858974358974358,2418,147,true
mobile,22746128B76070527787319,Lumajang,60.06416768011794,20.926829371660219,25.639027086788282,5427,406,true
mobile,22746128B94521952332625,Luwu,35.451808471300119,25.219988990671482,27.230607614085216,11899,258,true
mobile,22746128B1110744719374,Luwu Timur,51.058333890746944,25.796484113712374,52.512541806020067,3588,298,true
mobile,22746128B26232805086319,Luwu Utara,55.421325088339216,26.137726933647428,29.805457400863762,5094,192,true
mobile,22746128B56340035124164,Madiun,53.667790198328149,25.204588100311415,27.459105064743486,6101,545,true
mobile,22746128B50341569898666,Magelang,44.377898054778477,21.133562097456245,34.525730271290094,15371,1150,true
mobile,22746128B43524249433579,Magetan,58.6058751182592,24.281694796594138,31.965562913907284,5285,439,true
mobile,22746128B30313932055345,Mahakam Hulu,17.852647291941874,9.8239009247027713,80.774108322324963,757,48,true
mobile,22746128B87647472826371,Majalengka,46.63118327272727,20.37006509090909,26.416363636363638,11000,830,true
mobile,22746128B56869239776422,Majene,42.919331039229185,23.857528561596691,34.930488644184443,1453,76,true
mobile,22746128B56140662064287,Malaka,33.584711840228238,23.656180456490731,62.464336661911553,1402,54,true
mobile,22746128B8866265958554,Malang,50.459196021657938,21.279606248371316,23.405738772910212,34537,2423,true
mobile,22746128B54632748429230,Malinau,39.88283386243387,16.830773544973546,78.937566137566137,945,82,true
mobile,22746128B88480653802061,Maluku Barat Daya,18.590421115065244,13.932143534994074,226.21589561091341,843,39,true
mobile,22746128B41463091507887,Maluku Tengah,55.466113704368638,23.791137642130458,59.792339916217834,1671,133,true
mobile,22746128B6545713511337,Maluku Tenggara,46.588270983213434,20.983613309352524,67.898081534772189,1668,62,true
mobile,22746128B78864950196660,Maluku Tenggara Barat,28.672433198380567,12.537164642375169,119.52901484480432,741,61,true
mobile,22746128B65559589019405,Mamasa,36.90030558858502,14.774341260404276,58.904875148632577,841,67,true
mobile,22746128B39960960221771,Mamberamo Raya,35.221850967007967,5.8049078498293518,148.39021615472129,879,22,true
mobile,22746128B2349164731379,Mamberamo Tengah,21.3905,12.777000000000001,74.5,12,2,false
mobile,22746128B65468173429736,Mamuju,47.414305783679865,21.042267604403285,40.734230298794337,11446,184,true
mobile,22746128B49136567123703,Mamuju Tengah,29.910765583937771,15.616662882371491,43.812537229755776,28539,181,true
mobile,22746128B5634485200629,Mamuju Utara,51.002119095276207,24.598090072057644,44.435148118494794,4996,182,true
mobile,22746128B80893459197040,Mandailing Natal,30.53141096883305,15.767947571877261,42.854795844406858,4139,359,true
mobile,22746128B41361424069199,Manggarai,34.114109024390238,19.476636341463411,51.219512195121951,4100,216,true
mobile,22746128B27819456459641,Manggarai Barat,43.282896740088106,21.22667348017621,46.888458149779737,5675,216,true
mobile,22746128B57997288446056,Manggarai Timur,30.1268031496063,21.5059031496063,54.335433070866145,1270,105,true
mobile,22746128B58641314112332,Manokwari,52.682104066390053,24.892389211618255,81.752033195020744,6025,320,true
mobile,22746128B90822416479405,Manokwari Selatan,29.299126760563379,22.245408450704222,101.00704225352112,426,34,true
mobile,22746128B63262525003276,Mappi,24.601347578347585,9.0066723646723652,242.90313390313389,351,46,true
mobile,22746128B73491405172020,Maros,61.009295527688366,27.567269559427366,26.186327821551437,9011,482,true
mobile,22746128B44891092584435,Maybrat,28.064316279069764,12.352534883720931,389.36279069767443,215,22,true
mobile,22746128B3341090541732,Melawi,40.918802749551723,18.228753735803945,44.737597130902572,1673,125,true
mobile,22746128B13218426778114,Mempawah,52.209742252066114,18.986086260330584,37.66683884297521,1936,154,true
mobile,22746128B71403115718321,Merangin,43.380550707998445,18.186415996938383,32.101033295063147,2613,201,true
mobile,22746128B65756496772256,Merauke,54.220144506152664,24.390569530654471,87.317652183382336,9183,386,true
mobile,22746128B5734020897269,Mesuji,33.481256521739134,19.627243873517788,35.538339920948616,2530,209,true
mobile,22746128B99426029309213,Mimika,48.173429594512783,22.916557090982444,78.82731490821061,9914,349,true
mobile,22746128B63895215577583,Minahasa,53.522868972567714,22.362163230533309,29.300903049923328,5869,425,true
mobile,22746128B98133955192071,Minahasa Selatan,50.65243277310924,19.897742296918768,32.731092436974791,1428,141,true
mobile,22746128B38105670760260,Minahasa Tenggara,50.602814195298379,22.836320976491862,27.528933092224232,2212,148,true
mobile,22746128B90516172699691,Minahasa Utara,49.628512066984072,19.737923986209157,32.800525365293055,6091,387,true
mobile,22746128B795310620233,Mojokerto,49.488176597836777,21.831233923303838,21.552556538839724,20340,1137,true
mobile,22746128B26432903559283,Morowali,35.147882989690721,19.129468078055964,48.614690721649481,27160,911,true
mobile,22746128B96188894812390,Morowali Utara,37.6015537990821,18.675715451300359,71.378888322284553,3922,246,true
mobile,22746128B32446581498560,Muara Enim,38.198780055401656,17.185032132963993,30.375715604801478,10830,588,true
mobile,22746128B29274337249674,Muaro Jambi,50.80373419308615,16.250471072899881,27.632813899337275,5583,492,true
mobile,22746128B39825953538573,Mukomuko,46.120755887421005,18.370327398047095,37.470993681792073,1741,157,true
mobile,22746128B70372019871554,Muna,64.3312886925795,25.305627915194346,48.832508833922262,2830,185,true
mobile,22746128B23924471266348,Muna Barat,57.85488707926168,25.184680781758964,68.52008686210641,921,66,true
mobile,22746128B54866510421393,Murung Raya,28.0130758513932,12.831527089783284,62.683436532507741,2584,148,true
mobile,22746128B84212736337013,Musi Banyuasin,37.11187135180699,16.419278895796015,30.164155515751766,9491,681,true
mobile,22746128B56500782521831,Musi Rawas,48.4274368878211,21.6151753834781,30.033635187580852,5411,266,true
mobile,22746128B26074251210079,Musi Rawas Utara,34.099514627659566,18.401205452127659,37.407912234042556,3008,142,true
mobile,22746128B29146649309875,Nabire,47.303555185801443,20.115648225180252,91.9597892401553,7212,284,true
mobile,22746128B8237986094994,Nagan Raya,39.523464391066163,18.118061946902657,36.0480404551201,2373,198,true
mobile,22746128B97494513966687,Nagekeo,40.569723113964685,20.98175200642055,46.056179775280896,1246,97,true
mobile,22746128B6637644559706,Natuna,33.566100342075259,16.193775370581527,72.714937286202968,877,95,true
mobile,22746128B7624163664321,Nduga,6.0267586206896544,0.94562068965517232,158.86206896551724,29,3,false
mobile,22746128B33181363193361,Ngada,43.855718102872409,23.815547094188378,37.716098864395455,1497,112,true
mobile,22746128B46559606025688,Nganjuk,55.73945710267229,24.917518987341772,24.242237368819648,9243,713,true
mobile,22746128B17210029520680,Ngawi,59.380745153933852,24.989793614595211,31.355188141391107,7016,558,true
mobile,22746128B114560941686,Nias,42.331850404312668,12.316014824797847,65.109164420485172,742,70,true
mobile,22746128B23007358779926,Nias Barat,22.86824049586777,4.7878801652892573,55.147107438016526,1210,76,true
mobile,22746128B70987165350034,Nias Selatan,27.646462730627302,9.4131712177121774,72.072324723247235,1355,94,true
mobile,22746128B50601239773602,Nias Utara,33.007639908256884,9.478696100917432,48.0848623853211,872,69,true
mobile,22746128B24707766174966,Nunukan,33.290790707070691,14.331411313131317,62.764444444444443,2475,169,true
mobile,22746128B50783491652131,Ogan Ilir,36.141750650477015,17.930071769297484,30.535559410234171,4612,316,true
mobile,22746128B6554957987252,Ogan Komering Ilir,35.62699900090827,16.391019255222524,35.497729336966394,11010,678,true
mobile,22746128B55651065226017,Ogan Komering Ulu,39.569384067796605,17.107339322033898,29.307118644067796,2950,247,true
mobile,22746128B38683854456350,Ogan Komering Ulu Selatan,33.311988953666777,15.6325777845965,40.508438171218167,3259,241,true
mobile,22746128B29719145941035,Ogan Komering Ulu Timur,37.312131481702224,17.627772201692697,29.910716414352127,8389,543,true
mobile,22746128B46377021687256,Pacitan,51.2938862928349,22.340115459501565,37.7095015576324,5136,434,true
mobile,22746128B18337582481574,Padang Lawas,35.908646405430424,17.318085158901571,43.532243134834928,3241,221,true
mobile,22746128B6160471216736,Padang Lawas Utara,51.751365723438347,25.421014949279236,37.226908702616122,1873,148,true
mobile,22746128B3683779023382,Padang Pariaman,37.012417527386539,16.556109859154923,36.347417840375584,3195,211,true
mobile,22746128B12751431115951,Pakpak Bharat,36.160103529411749,15.968517647058825,29.268235294117648,425,37,true
mobile,22746128B37926964335633,Pamekasan,68.937102269288957,26.229391225416038,23.837367624810891,6610,482,true
mobile,22746128B79755996911998,Pandeglang,43.889914028714742,19.443335755059678,26.793115377962291,5781,454,true
mobile,22746128B59857718615465,Pangandaran,47.928140124095151,19.511328335056884,31.046794208893484,3868,283,true
mobile,22746128B84288456023840,Pangkajene Dan Kepulauan,44.671867730900793,25.544508931965037,32.475864690231852,2631,172,true
mobile,22746128B72382312298600,Paniai,35.170699164345407,19.67291782729805,60.362116991643454,718,31,true
mobile,22746128B5854376167403,Parigi Moutong,33.400458685293479,14.80574252761533,48.390296729478017,18468,447,true
mobile,22746128B82897046958257,Pasaman,31.408158415841587,16.42025192519252,39.709570957095707,909,93,true
mobile,22746128B95220206981522,Pasaman Barat,36.276290709812109,14.795981210855951,41.059498956158663,1916,190,true
mobile,22746128B17746000623405,Paser,41.744828190971084,21.604393796687233,33.890061708346863,6158,336,true
mobile,22746128B81373906315979,Pasuruan,50.56250845685468,22.324966972138515,22.520511716587738,16259,1199,true
mobile,22746128B37789509782125,Pati,52.975534789782117,22.547150992774643,24.646128463332765,17577,1236,true
mobile,22746128B30560862468368,Pegunungan Arfak,18.53862601626016,6.7306178861788615,144.11382113821139,123,9,true
mobile,22746128B40289792856685,Pegunungan Bintang,3.2084545454545452,0.68381818181818188,737.36363636363637,22,4,false
mobile,22746128B43405552393366,Pekalongan,41.9584584672753,21.799074064549309,24.31040246881831,15554,777,true
mobile,22746128B44055596539945,Pelalawan,38.626905525846688,15.785400932400933,34.845468257232966,7293,443,true
mobile,22746128B43122306499336,Pemalang,53.602913042509073,22.694964690934214,25.819776643409643,44861,1258,true
mobile,22746128B96540112180119,Penajam Paser Utara,52.488077289519751,21.381616857865062,30.35543457126191,10286,438,true
mobile,22746128B2393542990028,Penukal Abab Lematang Ilir,39.657735455167696,17.649191649555096,33.2217659137577,2922,171,true
mobile,22746128B94381737455512,Pesawaran,41.729513533647889,17.683395083188472,26.978892475788427,4027,230,true
mobile,22746128B87029922352837,Pesisir Barat,41.697835893290218,21.102023443815671,55.5626515763945,1237,118,true
mobile,22746128B35993392452682,Pesisir Selatan,44.775689553122227,17.395669428825094,34.629180230837527,3379,268,true
mobile,22746128B35853530005037,Pidie,32.494651663904115,15.715914573505035,30.763483360958816,7843,354,true
mobile,22746128B77747107542596,Pidie Jaya,40.6337316112084,19.717146672504377,38.367338003502624,2284,143,true
mobile,22746128B71783882222616,Pinrang,50.133106263982093,25.032104399701719,30.807233407904548,2682,170,true
mobile,22746128B36723886609479,Pohuwato,50.831967391304353,18.982993311036793,53.653010033444815,1196,86,true
mobile,22746128B50766380968306,Polewali Mandar,41.447616806975354,17.969118911605531,29.609440769693325,6652,226,true
mobile,22746128B39928875112308,Ponorogo,51.678606131357228,20.929546137447975,30.619835549690386,9851,655,true
mobile,22746128B71918225941207,Poso,51.526788121454793,24.676162996329673,47.7349015682349,5994,220,true
mobile,22746128B80903663444835,Pringsewu,45.627414375715915,19.767467640320731,30.624856815578465,3492,296,true
mobile,22746128B57336658570108,Probolinggo,53.610773527842021,24.150907489770507,25.96584237680128,5621,478,true
mobile,22746128B75083695068268,Pulang Pisau,48.29852354740062,17.76215107033639,44.164525993883792,1635,127,true
mobile,22746128B67952855762127,Pulau Morotai,39.274717073170734,18.884590243902437,43.556097560975608,615,45,true
mobile,22746128B98781354669228,Pulau Taliabu,23.7038891966759,13.253786703601106,49.59279778393352,361,26,true
mobile,22746128B1222572676249,Puncak,26.429384615384613,7.0616153846153846,139.84615384615384,13,2,false
mobile,22746128B50358350022934,Puncak Jaya,8.0521159763313612,0.80179763313609465,133.88402366863906,845,15,true
mobile,22746128B86887436396051,Purbalingga,61.075174695815633,22.97977653576022,27.841527351864674,10109,685,true
mobile,22746128B43709097539954,Purwakarta,44.582996587427765,20.775687012835927,22.098887036103463,25787,947,true
mobile,22746128B47019757463267,Purworejo,49.313449180068119,18.621953339142834,29.462251445773589,12623,740,true
mobile,22746128B90221566890304,Raja Ampat,26.080669158878504,15.364566355140182,188.5570093457944,535,46,true
mobile,22746128B47928451075254,Rejang Lebong,39.297120151916218,18.375650822879503,40.122108412935894,8689,257,true
mobile,22746128B94981829239468,Rembang,55.644729104028876,24.889391611545403,26.45444978953698,6652,494,true
mobile,22746128B71759944188311,Rokan Hilir,39.544845464324126,14.008591609896024,31.827536751523844,5578,407,true
mobile,22746128B35208725321264,Rokan Hulu,40.237884655532369,18.37838517745303,28.48982254697286,3832,345,true
mobile,22746128B61006797400672,Rote Ndao,35.888677382319173,22.25332032146958,46.050516647531573,871,49,true
mobile,22746128B67076907647447,Sabu Raijua,36.3928569023569,17.165515151515148,50.821548821548824,594,38,true
mobile,22746128B87993072617697,Sambas,49.403997140678612,18.962522302706827,37.879527258863895,5246,379,true
mobile,22746128B81816662901100,Samosir,45.845194431335528,19.663704105710234,29.126474752241624,2119,144,true
mobile,22746128B2542813239591,Sampang,54.048559128494553,30.171814542590891,23.866780417377608,7619,531,true
mobile,22746128B74989070523542,Sanggau,40.779900834105646,14.720664874884154,39.416682113067658,5395,391,true
mobile,22746128B27261093121909,Sarmi,48.626484848484857,17.414696969696969,96.484848484848484,99,15,false
mobile,22746128B44731308508060,Sarolangun,41.886398242530753,17.503825659050964,32.339191564147626,2845,258,true
mobile,22746128B16160803458764,Sekadau,34.145081691494482,14.781009130225854,38.1119654012494,2081,161,true
mobile,22746128B87861638449066,Seluma,46.190223519599677,19.512481234361964,33.20350291909925,1199,112,true
mobile,22746128B46914217687538,Semarang,60.824792252886006,21.737542478354978,25.155979437229437,22176,1469,true
mobile,22746128B92585048181027,Seram Bagian Barat,45.950410513141421,21.201420525657074,85.428035043804755,799,71,true
mobile,22746128B38603798591380,Seram Bagian Timur,23.559849297573443,9.1913780332056216,202.23499361430396,783,67,true
mobile,22746128B3242616561013,Serang,47.44119638993633,22.122892625332263,27.933980342461521,16177,1246,true
mobile,22746128B52277249956552,Serdang Bedagai,51.727973205128194,25.532415256410264,23.555641025641027,7800,618,true
mobile,22746128B10156150641021,Seruyan,36.700894832458616,13.734194590230116,70.209123940250308,4954,312,true
mobile,22746128B48036345674071,Siak,38.554822750495248,15.735704618913561,27.93639870712126,9591,542,true
mobile,22746128B24839603722983,Siau Tagulandang Biaro,29.345707224334603,8.0800579847908764,44.717680608365022,1052,41,true
mobile,22746128B89870320898123,Sidenreng Rappang,48.775188253850438,23.308137038411587,24.48812395620709,10778,321,true
mobile,22746128B7257810863239,Sidoarjo,63.609440957886058,24.239285511229028,21.83927386931272,73871,2642,true
mobile,22746128B27078250924142,Sigi,43.572164451827241,20.423688419553862,40.362363550071194,4214,215,true
mobile,22746128B5140836931072,Sijunjung,38.699434440559436,15.7126368006993,33.153409090909093,2288,220,true
mobile,22746128B25889265457696,Sikka,36.075431143114308,20.9834707470747,49.6978697869787,3333,157,true
mobile,22746128B18371020983209,Simalungun,50.556120868482914,24.693103581800585,24.867376573088094,7231,642,true
mobile,22746128B32199422560180,Simeulue,40.857077235772358,12.376060975609755,75.894308943089428,492,48,true
mobile,22746128B62270956264702,Sinjai,39.318370338248052,21.657483376698472,33.053194564903151,3459,169,true
mobile,22746128B74245273608062,Sintang,37.770258620689667,17.120356387147336,52.1189263322884,5104,335,true
mobile,22746128B65817775308435,Situbondo,57.554895671206218,24.409753161478598,27.206225680933851,4112,316,true
mobile,22746128B68764842139539,Sleman,62.898824994958666,22.233244141964104,26.526124218592457,99180,2700,true
mobile,22746128B59065860162276,Solok,28.948498894620489,14.757589535740602,32.8249815770081,2714,249,true
mobile,22746128B25846553351835,Solok Selatan,44.3725387263339,16.312253872633391,37.713425129087781,1162,91,true
mobile,22746128B93867843889604,Soppeng,49.225554804442304,20.0314487365202,25.254305488491873,6213,225,true
mobile,22746128B25112391877259,Sorong,43.451434621099558,23.568661218424957,129.99034175334324,1346,112,true
mobile,22746128B99267537228675,Sorong Selatan,39.3585711297071,14.960529288702926,130.72384937238493,478,45,true
mobile,22746128B28263166501815,Sragen,46.129170408454712,21.190529448728935,25.006512425021423,17505,935,true
mobile,22746128B90150108137034,Subang,45.387004448575794,21.22518126286435,23.402031737600424,15061,1046,true
mobile,22746128B66929526216355,Sukabumi,45.739992931052143,20.174354062083804,25.599118942731277,19522,1533,true
mobile,22746128B44365111458704,Sukamara,29.787096153846157,16.131499287749289,41.621794871794869,1404,77,true
mobile,22746128B41417259813102,Sukoharjo,55.933299064337646,22.10152956171606,25.719185423365488,34521,1381,true
mobile,22746128B3578697728098,Sumba Barat,43.535177489177485,21.616168831168835,45.366233766233769,1155,82,true
mobile,22746128B80160169684098,Sumba Barat Daya,37.149656523743658,18.47612770862148,43.118026740433379,2169,147,true
mobile,22746128B11743482298506,Sumba Tengah,28.243158004158005,20.271945945945948,59.2016632016632,481,35,true
mobile,22746128B15873256673931,Sumba Timur,40.931920851747691,20.428075934110083,51.004017677782244,2489,152,true
mobile,22746128B848155691224,Sumbawa,48.809969287696568,22.407465864939869,35.518223866790009,5405,231,true
mobile,22746128B87271379033569,Sumbawa Barat,44.76937259242861,22.556425946424618,28.782820456054903,4517,211,true
mobile,22746128B19624873108228,Sumedang,44.012417075564272,21.575421393523069,23.011907098462544,15285,835,true
mobile,22746128B46307112426649,Sumenep,62.215305811368708,24.04083507991955,25.134751773049647,9447,615,true
mobile,22746128B73598541988454,Supiori,53.318860465116273,11.127883720930235,250.98837209302326,86,8,false
mobile,22746128B29828162207979,Tabalong,55.857035434882647,22.844132535664979,30.312011044638748,4346,339,true
mobile,22746128B4646422714630,Tabanan,47.726619026270953,20.028985295436204,23.261723303147136,11153,629,true
mobile,22746128B33549586615312,Takalar,33.196290011830314,16.473740127316766,22.76435130415188,17751,195,true
mobile,22746128B68810971865676,Tambrauw,24.17567073170731,12.831853658536588,254.30487804878049,82,8,false
mobile,22746128B22343651246279,Tana Tidung,36.041175889328059,16.710573122529645,59.733201581027672,506,48,true
mobile,22746128B55477646801661,Tana Toraja,42.767775179856109,22.87422482014389,32.022182254196643,1668,137,true
mobile,22746128B5843223707622,Tanah Bumbu,55.304085325067305,25.856631209723471,26.442695162737582,12259,625,true
mobile,22746128B43985885623603,Tanah Datar,26.265149078988436,13.648600842959723,27.445832032469561,6406,228,true
mobile,22746128B54914598899185,Tanah Laut,56.38974409665019,21.794205930807252,24.787891268533773,7284,430,true
mobile,22746128B62876177397182,Tangerang,45.881179456985407,21.499584829363663,22.830263508709564,180032,4514,true
mobile,22746128B69666188283297,Tanggamus,47.926072681704262,19.1158320802005,30.298872180451127,1596,157,true
mobile,22746128B97653119007289,Tanjung Jabung Barat,49.417326022775207,21.950560944749046,32.844791227330241,2371,203,true
mobile,22746128B13468366985120,Tanjung Jabung Timur,53.633732229795541,21.3304040895813,28.988315481986369,1027,107,true
mobile,22746128B22210082667393,Tapanuli Selatan,52.035408336157225,19.74528905455778,30.781768891901052,2951,221,true
mobile,22746128B86210793324026,Tapanuli Tengah,44.422039473684208,22.260607752489328,30.008534850640114,2812,220,true
mobile,22746128B99937545443202,Tapanuli Utara,35.885010448824509,18.949350273094272,28.902873426739493,4211,322,true
mobile,22746128B54842505361870,Tapin,52.796073037704545,23.181248280768319,27.713303296182119,4217,280,true
mobile,22746128B89217704079934,Tasikmalaya,45.807289935230337,17.719883632923366,23.976784804599376,13741,753,true
mobile,22746128B61304276790881,Tebo,42.6128500734934,18.038727094561487,44.951004409603136,2041,178,true
mobile,22746128B39713682939315,Tegal,35.065765334618604,19.42104568844535,22.089236352295764,70543,1570,true
mobile,22746128B11480476919105,Teluk Bintuni,47.439798861480078,24.72233017077799,78.12049335863378,1054,73,true
mobile,22746128B47515282892276,Teluk Wondama,55.228662037037026,26.635671296296298,62.356481481481481,216,17,true
mobile,22746128B37534287210764,Temanggung,47.84069870812349,22.026452813663241,27.809174512809285,9134,645,true
mobile,22746128B39495189442435,Timor Tengah Selatan,30.031912686567157,21.930914552238807,56.829104477611942,2680,118,true
mobile,22746128B66987763142599,Timor Tengah Utara,37.033746538371282,22.11127223656419,84.716263787843232,4261,118,true
mobile,22746128B48431928866564,Toba Samosir,47.604657903278145,22.377049983771506,27.638104511522233,3081,196,true
mobile,22746128B20933115656615,Tojo Una-Una,31.248166666666673,13.720463178294578,164.40406976744185,1032,82,true
mobile,22746128B86630799177927,Toli-Toli,41.975340971585709,15.97743583868011,59.057286892758938,2182,104,true
mobile,22746128B10432975654062,Tolikara,6.9534625000000005,2.1019625,389.0625,80,12,false
mobile,22746128B99951949618583,Toraja Utara,41.382274127775254,25.546975985500683,29.735840507476212,2207,156,true
mobile,22746128B86316028646138,Trenggalek,49.713853578998858,20.368656448720039,26.986466655796512,6133,442,true
mobile,22746128B21203406788524,Tuban,59.507769070085722,24.619337535114891,25.309659295541309,13883,891,true
mobile,22746128B7348236235073,Tulang Bawang Barat,34.902040122633963,14.169349506798184,24.197147427352707,7502,229,true
mobile,22746128B49188423555547,Tulangbawang,41.82636938202247,19.152453125,31.9561095505618,5696,380,true
mobile,22746128B2754392863745,Tulungagung,49.712274444508253,22.011140954240112,21.716656140552335,17417,933,true
mobile,22746128B76055711701199,Waduk Cirata,5.470545454545455,0.44736363636363641,19.454545454545453,11,2,false
mobile,22746128B86942252851890,Wadung Kedungombo,29.569,5.2790000000000008,64.0,7,1,false
mobile,22746128B4429389080756,Wajo,34.951960572429904,16.225635879088784,27.85484813084112,13696,364,true
mobile,22746128B42553963392557,Wakatobi,32.473601081081085,14.939836756756755,51.795675675675675,925,65,true
mobile,22746128B12986554349068,Waropen,41.180103448275865,21.244592672413788,83.9375,464,26,true
mobile,22746128B8708218473228,Way Kanan,35.749598492723493,14.538247141372143,36.370062370062371,3848,308,true
mobile,22746128B32217084331074,Wonogiri,47.994058553100508,21.125591838916609,22.589094796863865,28060,955,true
mobile,22746128B92173297199140,Wonosobo,46.744988566648061,20.208056887897381,29.681678750697156,7172,580,true
mobile,22746128B87177062694316,Yahukimo,10.102678571428569,3.7851607142857149,112.1875,112,11,true
mobile,22746128B10188501962211,Yalimo,2.9978965517241383,0.607448275862069,803.82758620689651,29,4,false