nama_bps,penduduk,shapeID,nama_geo,skor,luas_km2,kepadatan,d_mbps_fixed,d_mbps_mobile,u_mbps_fixed,u_mbps_mobile,lat_ms_fixed,lat_ms_mobile,tests_fixed,tests_mobile,data_cukup_fixed,data_cukup_mobile
Aceh Barat,210738,22746128B65593111718524,Aceh Barat,100.0,2810.080457345788,74.99358228306703,46.07007818248712,41.89679044735957,27.34250754231053,21.35321796165489,25.27299484915379,33.285906491759164,5436,2973,True,True
Aceh Barat Daya,163464,22746128B227561513795,Aceh Barat Daya,100.0,1893.1534335108845,86.34482398864697,46.07128721017203,46.916885755603765,21.147531039640988,20.26450903832249,31.902019446522065,33.37237888647867,1337,1383,True,True
Aceh Besar,439753,22746128B90547447297479,Aceh Besar,100.0,2897.326691492086,151.7788799210395,88.33252069985214,43.72516028518616,82.47930273533758,22.66437047795089,10.934542878265155,31.40784261948772,32464,7574,True,True
Aceh Jaya,102242,22746128B21424895456858,Aceh Jaya,100.0,3878.163465010479,26.363509666997427,53.77124349881798,30.769939516129032,18.94570449172577,14.846080645161289,30.8983451536643,30.38508064516129,846,496,True,True
Aceh Selatan,246901,22746128B12428400263117,Aceh Selatan,100.0,4216.151608404183,58.56074992840502,50.77165451230628,31.867475196612215,29.13811668185962,11.246441318814275,36.96581586144029,31.798850574712645,2194,3306,True,True
Aceh Singkil,140432,22746128B17710719872214,Aceh Singkil,100.0,1887.1706631746083,74.41404359463948,26.35985425623388,38.00863530552861,15.265284178847809,14.658852570320075,42.742046431642315,33.60329776915616,2326,1031,True,True
Aceh Tamiang,316534,22746128B57620394058931,Aceh Tamiang,100.0,2143.063096835926,147.70167078484016,45.896935714285725,39.066513665869486,21.251328078817735,18.128429449948754,35.451847290640394,29.05978817902289,8120,5854,True,True
Aceh Tengah,232425,22746128B89023327523654,Aceh Tengah,100.0,4706.022086538294,49.38884597776498,45.42779968701097,31.142410760034164,25.315703798548867,15.276471961286648,22.49694124342012,41.55792769712497,7029,3513,True,True
Aceh Tenggara,241328,22746128B65780821536148,Aceh Tenggara,100.0,4146.757009707713,58.196802811219015,40.248776938078976,30.08583013803681,23.352452218430027,19.58765567484663,26.92759629449049,36.00958588957055,4102,2608,True,True
Aceh Timur,454431,22746128B94735591859977,Aceh Timur,100.0,5440.522283112851,83.52709103141336,40.931046195319205,44.52707323872275,24.871934934444305,20.26811936137861,27.155863252052445,32.730106436898126,8161,3946,True,True
Aceh Utara,645802,22746128B43339434023645,Aceh Utara,100.0,2710.32541653556,238.27470902940075,36.449272804412395,39.90423331770589,23.978721316443423,19.39027316768245,27.414570580035157,33.164244413189564,16499,6399,True,True
Agam,574226,22746128B89220130199878,Agam,100.0,2237.9099731386427,256.5903038515239,86.53432156721132,31.836946709916592,58.11557163491919,17.035845227062094,27.635460864855105,32.437442075996294,11077,4316,True,True
Alor,231970,22746128B1117135414899,Alor,100.0,2943.8824950801068,78.79730267348452,54.86667657550533,32.37929562043796,18.939011890606416,19.0318199513382,38.8359096313912,99.82116788321169,841,822,True,True
Asahan,835180,22746128B26461090721788,Asahan,100.0,3781.143910340474,220.88024677293913,28.2674541219576,47.21030288826957,21.460925830934308,24.34940473777552,19.63093431038995,30.28198631872308,19105,7894,True,True
Asmat,123246,22746128B62198228854475,Asmat,100.0,25024.52838059434,4.9250079012707,91.50420930232555,22.352646055437106,20.7146011627907,12.669562899786778,76.56744186046512,258.0319829424307,2580,469,True,True
Badung,578791,22746128B76986430159502,Badung,100.0,394.9666300520784,1465.4174706447563,107.40915423644292,71.47090829457268,95.95729579772512,26.397895500475,10.59989340622518,29.14689154010339,379009,81053,True,True
Balangan,142029,22746128B67876608948387,Balangan,100.0,1902.3735675163484,74.65883800384513,38.76716147859922,49.76138933764136,24.89738897535668,21.7676408185245,19.598962386511023,35.17124394184168,7710,1857,True,True
Bandung,3812412,22746128B73297609500416,Bandung,100.0,1754.4664651429348,2172.9751327503463,55.72574960631821,42.62943340889115,48.566883337456176,21.53410847943748,7.58083297635496,20.453655302154168,331486,64851,True,True
Bandung Barat,1931072,22746128B79756617117888,Bandung Barat,100.0,1276.939082920077,1512.2663452230358,64.14545471060384,42.662615731201406,52.88332370247599,21.49932651995934,8.040537899787937,22.706887551855825,138167,36399,True,True
Banggai,385116,22746128B48169474795911,Banggai,100.0,8319.511456152424,46.29069892261522,41.653145265979965,41.103123078770416,15.719428390009876,17.687252521613832,38.33286298857063,56.17279058597502,14174,8328,True,True
Banggai Kepulauan,126865,22746128B2571336805106,Banggai Kepulauan,100.0,2364.9814630256933,53.64312658827031,35.39730621585708,45.15873926868045,11.820164624243318,20.139346581875994,51.27565332939613,75.2114467408585,6773,629,True,True
Banggai Laut,75832,22746128B78411617556279,Banggai Laut,100.0,683.8647550747455,110.88742245783914,52.84814597441686,36.07579695431472,16.766968397291198,16.682989847715735,38.39804364183597,61.01015228426396,1329,197,True,True
Bangka,350006,22746128B27585215741432,Bangka,100.0,3016.294109859981,116.03841908382323,47.36342845273264,50.40879259058951,41.42432025480059,19.89298215251488,18.13709379615953,34.449972958355865,10832,3698,True,True
Bangka Barat,221628,22746128B47433230053131,Bangka Barat,100.0,2887.5347156509547,76.75336292884604,50.02856288857006,55.54440295169946,36.46976901004304,19.85490250447227,21.647297943567672,29.22942754919499,4182,2236,True,True
Bangka Selatan,213683,22746128B19321376976921,Bangka Selatan,100.0,3706.3730980832593,57.65285748229329,41.40578417266185,43.94102755267424,20.79848201438849,19.492981091302,31.52086330935252,36.212857914640736,1390,1851,True,True
Bangka Tengah,216454,22746128B66707258567489,Bangka Tengah,100.0,2125.703995607666,101.82697141617933,62.97055202129009,54.51880865800867,45.79600304143961,24.61593593073593,18.887086554302368,32.95800865800866,7891,2310,True,True
Bangkalan,1123061,22746128B23347682239441,Bangkalan,100.0,1303.3189439398827,861.6931451982352,45.39588090693236,54.825739549839234,34.04590288188462,28.16412574954376,13.938265282368825,22.54375597462414,21479,11507,True,True
Bangli,263972,22746128B25936754669599,Bangli,100.0,523.3115126456958,504.4261278821135,42.414093409941664,42.66280557432432,36.317128231914346,19.45752640765766,16.37120222860625,25.45152027027027,11487,17760,True,True
Banjar,618481,22746128B79736905882971,Banjar,100.0,4725.111346006233,130.8923652186003,76.56775039543227,48.3578017155585,56.17566586937232,19.05923970427942,21.471085220477605,21.82379981991375,51842,21101,True,True
Banjarnegara,1077335,22746128B31481808975183,Banjarnegara,100.0,1149.186836096787,937.4759318155508,29.256189275990582,47.961694454340346,24.80849271761254,22.336342358389736,15.436969680949488,30.628191426196413,75662,8421,True,True
Bantaeng,209844,22746128B71175962379658,Bantaeng,100.0,398.84058474727743,526.1350224249776,50.48825741417093,30.56898165225744,32.10906428049671,20.660810374639773,25.020891161431702,24.10413064361191,6845,10410,True,True
Bantul,1033465,22746128B15956982783625,Bantul,100.0,515.6310946556745,2004.2720672036314,47.787122640459536,57.9380838641189,40.17437151686884,22.013388153955034,11.12619314631077,28.379470847623715,116813,36738,True,True
Banyu Asin,908792,22746128B71070720422540,Banyu Asin,100.0,11103.644076786406,81.84628341068193,71.23720890018285,42.183702242372256,58.55292100777836,19.081931258424213,17.710372183829683,31.071437323857367,32269,8161,True,True
Banyumas,1883070,22746128B18933963724988,Banyumas,100.0,1389.831315659251,1354.8910423757338,62.829438097440246,55.23275737164819,59.401430640440175,22.15786118788323,13.246806207335082,26.727390866660567,190291,54635,True,True
Banyuwangi,1774328,22746128B51270543903443,Banyuwangi,100.0,3603.001945255754,492.45824092222404,31.61053909280686,55.088030189878445,27.210635212684128,23.091782315086995,22.420922744060647,31.80789703662509,118321,12587,True,True
Barito Kuala,340257,22746128B88870484763637,Barito Kuala,100.0,2379.7486424192102,142.98022653943013,64.96924666931005,45.80794347440071,52.002893457573336,20.840381177863275,20.755154639175256,24.658478839893455,25220,6758,True,True
Barito Selatan,138163,22746128B74191069780867,Barito Selatan,100.0,6633.74446375493,20.82730209987542,38.74937606359158,44.15719420289856,17.362531291983885,16.447288198757764,32.88821092700403,36.46169772256729,17864,2415,True,True
Barito Timur,121622,22746128B29529230943245,Barito Timur,100.0,3292.7376227254545,36.93643828788624,30.91609497700744,47.1490599226804,14.882875751680228,13.46619201030928,28.09453484258932,38.82796391752577,11308,1552,True,True
Barito Utara,166579,22746128B89680104320053,Barito Utara,100.0,9934.419205817989,16.76786499027993,47.762327592246606,33.214473653481235,19.083772477814104,15.778561815793314,38.35643390938814,49.47146401985112,17128,6851,True,True
Barru,191690,22746128B81694843903641,Barru,100.0,1188.6715360380135,161.26406176000987,45.949035671342685,45.9935914074074,23.45790681362725,18.237895407407407,32.20120240480962,24.98488888888889,4990,3375,True,True
Batang,855842,22746128B4894534477686,Batang,100.0,859.2567975108437,996.0258708214634,35.997975459550254,47.06158057935536,31.544632282044105,22.359211342309255,13.013343286367451,24.947572419420645,64302,9804,True,True
Batang Hari,323914,22746128B80000441774097,Batang Hari,100.0,5463.887067399572,59.28270405379378,91.95736926315789,48.1064612447499,67.63160263157893,16.3061981672394,36.58831578947368,31.636502481863307,9500,2619,True,True
Batu Bara,450421,22746128B96384374000902,Batu Bara,100.0,912.7762425728068,493.4626680580729,23.68744015837783,47.672969987389656,19.473906833043383,22.164897351828497,22.10918471414002,26.069356872635563,16669,3965,True,True
Bekasi,3331400,22746128B74302729610221,Bekasi,100.0,1267.8879362940395,2627.5192819780923,65.00937678126624,47.76622957509383,55.12998585806964,20.37717737720165,7.43030788568587,21.727973589923295,434382,152669,True,True
Belitung,195675,22746128B80009106787015,Belitung,100.0,2311.694398938334,84.64570407310995,50.15403968784837,56.820659009332395,26.94948963210702,23.16282950466619,30.04169453734671,33.28750897343862,4485,2786,True,True
Belitung Timur,135877,22746128B98690900191937,Belitung Timur,100.0,2554.175607912196,53.19798669249174,50.97973297002726,50.278226666666654,21.20161852861035,19.52742346666667,31.96185286103542,31.3264,1101,1875,True,True
Belu,245054,22746128B36840991830224,Belu,100.0,1123.200186707537,218.17482128304533,69.43462096195262,41.78394085281978,29.818702081837763,22.15262861072903,33.98061737257717,50.169188445667125,1393,1454,True,True
Bener Meriah,177600,22746128B4257100474226,Bener Meriah,100.0,1931.7304273313728,91.93829402239578,35.282964648437506,34.54147983367983,26.290073632812504,19.07195800415801,29.03359375,37.1002079002079,5120,2405,True,True
Bengkalis,604531,22746128B45456061674897,Bengkalis,100.0,8508.695245117306,71.04861351649757,41.62171864331634,41.4309342070072,26.374502460651733,17.396787376303823,18.352205719352693,32.45025407863065,22555,7478,True,True
Bengkayang,312147,22746128B96004883426087,Bengkayang,100.0,5632.738894010716,55.41655771260861,44.27353094359514,47.35107923211169,26.8056425935688,18.71034869109948,25.946441750131783,36.56614310645724,9485,2865,True,True
Bengkulu Selatan,176907,22746128B78254403614329,Bengkulu Selatan,100.0,1227.0581435251715,144.17165228354233,77.63060136830101,43.78320971004721,68.89655165336373,16.440167902899525,24.33728620296465,30.50236008091706,4385,2966,True,True
Bengkulu Tengah,125675,22746128B16836972822517,Bengkulu Tengah,100.0,1044.9508444761225,120.26881519293487,94.32870903361344,60.90278778625952,83.69583998599438,20.06111297709924,16.42156862745098,27.551145038167935,2856,655,True,True
Bengkulu Utara,316824,22746128B39887218554518,Bengkulu Utara,100.0,4434.97658689229,71.43758118957902,42.81037404453308,47.00189210550502,29.377972416085075,15.199816377171215,23.205882352941178,33.10467787887143,6018,10881,True,True
Berau,268689,22746128B34069275840087,Berau,100.0,22530.61462872419,11.925506890408993,54.47638732515973,35.85136632135772,21.6970987739596,15.864393541988102,45.75979968917285,41.84846815076041,17373,9074,True,True
Biak Numfor,144454,22746128B19254678251292,Biak Numfor,100.0,2252.2535744772604,64.13753834690982,49.86309370292257,46.47431932773108,22.057649593250975,24.44124831932773,40.01657125640253,87.30798319327731,3319,2380,True,True
Bima,559349,22746128B14082340634491,Bima,100.0,4208.850024700672,132.89829685479947,41.95369775367932,50.68748370309505,18.34755569326104,23.650960010955902,51.05979860573199,40.66639276910436,6455,3651,True,True
Bintan,172663,22746128B62804497316712,Bintan,100.0,1336.200188109894,129.21941003783152,54.09383547266686,46.59239875941515,41.52129092419209,18.00525742135578,11.191331923890065,33.24767390341161,13244,2257,True,True
Bireuen,470358,22746128B71427834061478,Bireuen,100.0,1791.1150952362696,262.6062396833042,47.76438916625062,45.1482554225879,25.21756789815276,20.924189603590133,23.02695956065901,33.085639491398645,12018,5348,True,True
Blitar,1282970,22746128B45235083091424,Blitar,100.0,1754.036170656345,731.4387362490501,27.71877776817701,57.14522798948751,25.276965769586106,22.981539859833557,14.093778040690989,22.064607971966712,150451,9132,True,True
Blora,920104,22746128B85780086903212,Blora,100.0,1948.7609184571263,472.14822058750286,38.959052617784906,64.7939653976238,33.97199244573261,26.77291943456768,19.187191662555502,28.286185066342902,64864,11531,True,True
Boalemo,157072,22746128B1718153682633,Boalemo,100.0,1840.11345580259,85.35995403147082,34.31449582482836,34.41003141361256,17.427169233624056,21.26599127399651,28.731675635553906,69.06980802792322,5389,573,True,True
Bogor,5760944,22746128B99423643145371,Bogor,100.0,2993.3203118327765,1924.5999090797732,76.10976423921213,49.01577639840112,64.24529862275796,21.3757803120068,6.434554151967547,22.66025871096842,484156,203393,True,True
Bojonegoro,1335288,22746128B62232019301027,Bojonegoro,100.0,2313.908631453912,577.0703224184745,41.95961675438024,57.173208111164975,37.159391548444034,24.32521255453224,16.92521737709205,26.82614315721441,122368,12378,True,True
Bolaang Mongondow,261398,22746128B99982169683342,Bolaang Mongondow,100.0,3237.574185282363,80.73884490069294,38.66181008849557,51.66231936758894,17.434085486725657,20.55933438735177,31.05858407079646,31.29090909090909,5650,1265,True,True
Bolaang Mongondow Selatan,74490,22746128B14720240696101,Bolaang Mongondow Selatan,100.0,1800.0859589791962,41.38135716710009,24.835364864864868,53.238367120953995,12.450306306306306,22.041011925042586,52.25855855855856,37.48892674616695,2220,1174,True,True
Bolaang Mongondow Timur,94242,22746128B26195600949416,Bolaang Mongondow Timur,100.0,878.8342327816199,107.23524014501838,35.28857320767419,53.85102941176471,15.016679569168623,20.651477941176477,43.18646920228879,43.20588235294117,2971,544,True,True
Bolaang Mongondow Utara,89348,22746128B96389329417801,Bolaang Mongondow Utara,100.0,1675.2669099491352,53.3335908859519,40.00016853932584,58.92345209580839,14.076816479400753,22.410122754491017,41.77858559153999,39.48802395209581,4539,334,True,True
Bombana,165590,22746128B28760414544557,Bombana,100.0,3334.0543027230046,49.666257644561625,45.260632870565125,46.027442637759705,18.524219885009117,19.689501355013554,48.59612957509466,67.44715447154472,7131,1107,True,True
Bondowoso,800132,22746128B61555758059649,Bondowoso,100.0,1555.4405759704453,514.4085941700438,20.535724432508108,55.893187560738575,21.02811894115799,22.948250340136045,19.61799117155469,28.27930029154519,70001,5145,True,True
Bone,844021,22746128B25468135680533,Bone,100.0,4598.264112413759,183.55209256498088,52.089378506989206,44.229476441340125,35.55201511846931,21.32784361311708,23.147566174283728,28.98366283887771,20174,16894,True,True
Bone Bolango,174793,22746128B41707288718561,Bone Bolango,100.0,1900.88306026943,91.95357865687168,57.554576075326366,59.08070874751491,46.7566098865825,23.039019880715703,25.17547613952493,44.70079522862823,9346,1006,True,True
Boven Digoel,71509,22746128B21273779065212,Boven Digoel,100.0,23653.752832901544,3.0231566426336154,55.09656200456804,38.805164556962026,19.07513435442697,13.498738396624477,78.24385328496572,183.03481012658227,7443,948,True,True
Boyolali,1118557,22746128B51975137382727,Boyolali,100.0,1084.9293560859874,1030.9952382847566,59.63768197409005,52.62761798819778,56.08635428336418,21.37507247507292,13.243800123380629,23.649901648239844,121575,29486,True,True
Brebes,2108502,22746128B82312103386068,Brebes,100.0,1754.3785125275033,1201.8512452950174,44.11348747682349,43.417691952298235,40.22081046321611,20.22126996130153,15.285605417805852,28.99378060338019,127284,50648,True,True
Buleleng,825944,22746128B19337828575841,Buleleng,100.0,1310.2911622046188,630.3515003568483,47.7092820810267,48.41309010989011,43.45492668242758,21.607930141287287,26.03334752793645,25.039246467817897,68101,6370,True,True
Bulukumba,463164,22746128B72639885395673,Bulukumba,100.0,1165.7531983120195,397.30879629637684,39.90948052057805,32.25203395952478,19.73998766162427,19.81052183997592,27.443674469703367,25.18642327236672,11833,56479,True,True
Bulungan,164536,22746128B10941975158621,Bulungan,100.0,12711.14062387571,12.944235680230552,57.98416513555904,35.6383922163255,22.970846403764288,15.98249456659085,50.69056688326238,53.449583017437455,8926,3957,True,True
Bungo,390852,22746128B28569646979400,Bungo,100.0,4692.868470696153,83.28637430190324,37.88337704478412,39.72160264900662,20.876722311611687,18.9865618950586,33.647894877983376,34.17906265919511,7458,3926,True,True
Buol,155929,22746128B60636029206407,Buol,100.0,3864.7321706788503,40.34665097442203,42.16486141304348,30.626033765032375,20.58389979619565,8.509306197964849,49.403872282608695,71.38390379278447,5888,2162,True,True
Buru,145909,22746128B29167244459072,Buru,100.0,4459.193238881496,32.72094125183023,51.619651065357914,32.51120367346938,15.849078046444818,15.981346938775507,50.431888915489594,90.84489795918368,8354,2450,True,True
Buru Selatan,83587,22746128B90083339512512,Buru Selatan,100.0,4140.547219578561,20.187428271499765,31.05715900251659,32.421615533980585,12.066054221002062,11.701466019417474,57.89590482727065,188.1864077669903,4371,515,True,True
Buton,125654,22746128B86741169633217,Buton,100.0,1653.5757568292142,75.9892611397168,52.49940195208518,42.44398999999999,15.654122670807457,16.09904,51.51929902395741,43.79375,4508,800,True,True
Buton Selatan,104395,22746128B94245100908076,Buton Selatan,100.0,539.6934608995003,193.43387971758295,37.900760229132565,59.13423237597911,15.30499099836334,24.623394255874675,56.762956901254775,40.90600522193211,3666,383,True,True
Buton Tengah,124926,22746128B6718763508294,Buton Tengah,100.0,846.1567540064638,147.6393108114879,41.235759043531594,34.23045224056604,14.27405487431024,18.54146521226415,53.49448191293685,41.3001179245283,3262,1696,True,True
Buton Utara,71406,22746128B51044624823813,Buton Utara,100.0,1664.2309275097673,42.90630514050516,49.876274730656235,32.33863524130191,15.101612389813909,9.46220650953984,48.489960822722814,43.51627384960718,4084,891,True,True
Ciamis,1273158,22746128B17121530580660,Ciamis,100.0,1593.4094456216596,799.0149697545471,35.152724944143,43.0708252310536,32.637125984147254,19.49458105360444,12.362166187892328,27.257116451016635,75192,10820,True,True
Cianjur,2634844,22746128B34542084533901,Cianjur,100.0,3592.529722164756,733.4230204816004,51.7963272612614,39.98147550362612,47.09607535542374,18.79354673650281,10.894518371875824,26.69488315874295,125273,24820,True,True
Cilacap,2064810,22746128B37209370352000,Cilacap,100.0,2345.170638996848,880.4519234827309,46.83193255419952,50.4445251868549,41.97214190830309,21.38439423419148,14.648632642657953,32.51448570411674,133396,42145,True,True
Cirebon,2438657,22746128B77544549346240,Cirebon,100.0,1068.3446477388704,2282.650084091653,56.458126533039824,43.56831124664457,52.511161657939,21.35847136033476,9.666320294234266,24.92282488552029,146278,50664,True,True
Dairi,342229,22746128B7455670127099,Dairi,100.0,1992.5757110415373,171.75206849285232,59.686793650793646,37.37488605058853,22.2786821219716,20.25496343601302,39.26190476190476,31.92962684698222,2394,3993,True,True
Deiyai,110187,22746128B51921656212420,Deiyai,100.0,1837.225353351001,59.974678554824415,98.16655013850412,17.42921714285714,15.63817451523546,10.822805714285714,95.29085872576178,73.32857142857142,1805,350,True,True
Deli Serdang,2106860,22746128B17104196518473,Deli Serdang,100.0,2593.9701766420085,812.21442673925,70.29314650313445,53.363723581855595,63.47743554097711,20.836554952483585,14.599976437469383,21.88913490741648,161273,51035,True,True
Demak,1276683,22746128B71519500232359,Demak,100.0,1002.4266474555856,1273.5924401456675,39.76126431106131,63.17072842582108,35.51236322780968,23.981794620611552,13.17042536302937,27.852718006795016,85668,17660,True,True
Dharmasraya,252149,22746128B7219534805401,Dharmasraya,100.0,3017.018793734563,83.57554832725515,32.83227558814544,34.62282966299633,17.99189306446685,15.297272272272274,19.828292086770546,37.68752085418752,3273,5994,True,True
Dogiyai,129273,22746128B76462588476684,Dogiyai,100.0,4644.639181130036,27.83273252424056,77.97042402826854,34.18192941176471,17.036267373380447,19.78957647058824,93.3798586572438,116.48235294117649,1698,85,True,False
Dompu,258349,22746128B31420255543838,Dompu,100.0,2281.489794154457,113.23697377999744,42.73053821062442,41.8827378768021,19.381573858341103,21.685286697247708,27.344361602982293,34.38499344692005,4292,3052,True,True
Donggala,316206,22746128B11403753934380,Donggala,100.0,4906.163738249235,64.45076374740769,33.74578281355171,54.29727596803932,17.237696432577962,22.136730178242168,42.511554857527486,45.457897971727114,4457,1627,True,True
Empat Lawang,352187,22746128B47089116764549,Empat Lawang,100.0,2390.4123294409287,147.33315907986875,46.00495767195767,41.95354025423729,22.923625966625963,17.979152118644066,27.33333333333333,35.47330508474576,2457,2360,True,True
Ende,286911,22746128B46201528673681,Ende,100.0,2067.767347471384,138.75400457931383,49.34753849480969,34.91153491233467,22.380509948096883,14.583536245257868,25.82742214532872,61.33763970060494,2312,9753,True,True
Enrekang,245256,22746128B73854324401708,Enrekang,100.0,1824.7193779475776,134.40751655515436,27.533905599483628,47.91477272727272,16.326339519122158,25.143533169533175,31.36307890914959,34.6492628992629,6197,1628,True,True
Fakfak,92700,22746128B79106566109504,Fakfak,100.0,10986.93955597058,8.437290432677813,57.27254838709677,48.88103307392996,17.459336405529957,21.946396887159533,60.159242191500255,102.01556420233464,1953,514,True,True
Flores Timur,300997,22746128B68993103553012,Flores Timur,100.0,1748.2749815157424,172.16799598598482,37.38768044619423,37.314545030538575,16.196622047244087,17.58676679622432,49.66469816272966,53.69239311493615,1524,9005,True,True
Garut,2779698,22746128B66421464971893,Garut,100.0,3089.2222610832164,899.8051176237855,51.5902190416972,42.26229361523384,48.4585217886937,20.77138679641557,13.289474658198426,21.58120974516942,135093,28568,True,True
Gayo Lues,110542,22746128B71384327775718,Gayo Lues,100.0,5450.885330577422,20.2796414336403,42.91711496062992,27.625812127236575,19.685392755905514,13.010336978131212,41.640944881889766,49.38369781312127,3175,1006,True,True
Gianyar,533046,22746128B44616450347238,Gianyar,100.0,365.4913987843127,1458.436509786558,80.3914577313689,56.82053670516077,73.1234847035474,23.743802074847864,14.077832212845086,22.226148833197566,111856,41738,True,True
Gorontalo,417661,22746128B1660874628525,Gorontalo,100.0,2163.4776841607554,193.05075483688975,54.86370667244367,55.22920940683044,54.02323844598498,24.199363990413424,33.950577700751005,43.795086878370284,34620,3338,True,True
Gorontalo Utara,136881,22746128B78667545948550,Gorontalo Utara,100.0,1700.1905223774077,80.50921246672802,32.50478592067244,39.66862420382165,14.609468085106386,16.259356687898087,42.328867874967166,47.76433121019108,3807,471,True,True
Gowa,839803,22746128B57887954309635,Gowa,100.0,1804.8851371422247,465.2944293893998,99.43476183474793,37.79714736431635,82.50001884648796,17.770500602644542,17.29637550402103,20.652469070154915,44889,56418,True,True
Gresik,1390172,22746128B46933486274006,Gresik,100.0,1252.8444289272015,1109.6126285929936,55.889955728308,54.02841105701614,49.531986874476885,20.605372346640703,12.029047353336546,21.167586281510328,157708,46215,True,True
Grobogan,1531863,22746128B71964042918672,Grobogan,100.0,2030.2767746748675,754.509443790153,41.14372816573808,62.02502953868596,38.97839634337643,26.461412447577956,15.506009628387517,27.37835045280496,92435,16453,True,True
Gunung Kidul,754056,22746128B54859500646728,Gunung Kidul,100.0,1474.2359469165526,511.4893593370522,25.971150372870703,42.06862385547114,25.768513070099694,18.79049899404641,13.043818196090744,24.053377129952786,63695,24355,True,True
Gunung Mas,150923,22746128B12491014044373,Gunung Mas,100.0,10102.427717348151,14.939280361376019,57.223413137829915,27.766948952879577,19.857210205278594,14.81166884816754,30.93020527859237,34.25567190226876,8525,2292,True,True
Halmahera Barat,140416,22746128B52341022582766,Halmahera Barat,100.0,2176.5901813319865,64.51191464718958,50.88720029027576,45.95980520833333,23.711107402031924,20.187389062500007,42.98984034833092,80.50208333333333,2067,1920,True,True
Halmahera Selatan,273020,22746128B2838702785556,Halmahera Selatan,100.0,8154.722067059245,33.479988374202975,46.73730303867402,44.94985634975711,19.546294613259665,19.95760305343511,48.951864640883976,99.96721027064538,14480,5764,True,True
Halmahera Tengah,64429,22746128B46636453933041,Halmahera Tengah,100.0,2265.3268331499903,28.44137060364484,50.8027511148272,29.42359895565828,16.20562026198439,22.68298621811333,58.82810758082497,41.98921417565485,14352,11682,True,True
Halmahera Timur,101451,22746128B70343351071090,Halmahera Timur,100.0,6466.873275309777,15.687797747225886,56.75880762806236,36.72464775910364,16.170369988864145,18.639203081232488,54.60467706013363,64.13025210084034,3592,1428,True,True
Halmahera Utara,212742,22746128B41252486574655,Halmahera Utara,100.0,3477.619126838182,61.17461177912918,59.78406552623951,38.060588869565215,25.56528993911279,19.600262260869567,39.41635256596114,45.47165217391304,3449,2875,True,True
Hulu Sungai Selatan,244223,22746128B37889128386884,Hulu Sungai Selatan,100.0,1697.039958264933,143.91116650529287,44.181442607174105,54.252699975080986,29.84421443569553,23.008610765013707,19.767585301837272,28.33266882631448,22860,4013,True,True
Hulu Sungai Tengah,273672,22746128B20472072190374,Hulu Sungai Tengah,100.0,1663.0675971507171,164.55855460648374,40.42215102074281,50.757603507565335,22.43176412232516,22.404175034387897,21.055915389030087,31.996217331499317,12197,2908,True,True
Hulu Sungai Utara,242092,22746128B21492383155838,Hulu Sungai Utara,100.0,890.5225302163792,271.85387431037424,34.6760387847053,53.235622797927455,24.89136659766195,23.146231778929188,17.361909400876765,30.71364421416235,16424,2895,True,True
Humbang Hasundutan,211870,22746128B305851071948,Humbang Hasundutan,100.0,2531.3428554744187,83.69865802326954,51.79981481481483,34.737779633401225,19.443085978835978,21.19254541751527,44.52513227513227,34.624032586558044,756,2455,True,True
Indragiri Hilir,699324,22746128B36468792556341,Indragiri Hilir,100.0,13434.19171689976,52.055532237214834,33.83831342924009,33.6079179644049,19.05060331773128,15.434917130144605,28.21121283039648,53.78642936596218,29056,7192,True,True
Indragiri Hulu,480336,22746128B72920479258091,Indragiri Hulu,100.0,8003.809863818256,60.01341963049249,30.52299376139744,37.05920787292816,16.718820616181976,17.310908011049722,25.396919090123813,26.976243093922648,20838,7240,True,True
Indramayu,1950316,22746128B59462811669242,Indramayu,100.0,2083.1934427840174,936.2145444321111,39.628663832238544,47.44151016668639,35.36737686143687,20.035689088544743,11.21890153729752,22.58736257240809,116308,33836,True,True
Intan Jaya,147845,22746128B83440404091664,Intan Jaya,100.0,4633.199508105553,31.909914464367983,68.40955607476636,5.784025641025641,15.934184579439249,14.407897435897436,92.95443925233644,64.82051282051282,856,39,True,False
Jayapura,176375,22746128B71103770185906,Jayapura,100.0,14348.435236946603,12.29228115034049,56.032989917849136,62.527064606741575,22.07827128454069,24.537458489388268,42.173823749066464,68.82209737827715,5356,3204,True,True
Jayawijaya,286601,22746128B40741333574981,Jayawijaya,100.0,2636.821585982331,108.69184381818107,41.4785214026733,28.45941639163917,10.035500622328048,13.1086600660066,107.53871962768548,263.06490649064904,18479,1818,True,True
Jember,2635737,22746128B56085237319005,Jember,100.0,3306.4354983074463,797.1536119029769,36.095365852820976,54.18337546377318,29.117418581092675,22.169965348267414,18.84810503302313,27.84602730136507,174726,28570,True,True
Jembrana,329703,22746128B85592790675198,Jembrana,100.0,853.4568059330597,386.3148055156057,40.94116511951729,63.578727702512,37.77899736984606,28.191667583968385,23.33472576777288,21.669700818515384,25854,14172,True,True
Jeneponto,427667,22746128B64050318598962,Jeneponto,100.0,796.248386321889,537.1025013633279,37.685028646656136,33.356194597612905,22.67270184307531,16.041713617645,26.051079515534493,23.82306135269073,9495,14327,True,True
Jepara,1255376,22746128B68650893607060,Jepara,100.0,1022.960245088054,1227.1992054705315,53.395551456325386,59.54790102192584,51.10870724222586,23.57867898095284,14.25985785294296,25.9513985510723,131976,20843,True,True
Jombang,1384556,22746128B39847330151566,Jombang,100.0,1120.5177292082717,1235.6395297540637,42.5053058628441,53.157855135516485,37.53970037218559,23.12533082485743,13.492007222611194,23.319536715856312,135685,17009,True,True
Kaimana,68923,22746128B93097528927367,Kaimana,100.0,16155.602973374009,4.266197932295795,62.6927220990392,24.63479824561404,18.179505543237248,10.177631578947368,62.42645971914265,103.4780701754386,1353,228,True,True
Kampar,921673,22746128B8837306932395,Kampar,100.0,10733.295569031854,85.87045740725233,81.20399027767726,40.71771937172775,70.98251680297217,15.633828830715531,21.049069986248824,26.058010471204188,41451,14325,True,True
Kapuas,439795,22746128B40136746216216,Kapuas,100.0,17298.480475919197,25.423909378180827,41.13877731481482,34.99021739130435,19.239742335390943,14.611664003320536,28.180298353909464,41.478572169762366,19440,9637,True,True
Kapuas Hulu,272260,22746128B82886709098386,Kapuas Hulu,100.0,31118.314233989007,8.749188595268562,47.689092348284966,32.56481948615282,17.345242911588556,15.39658058058058,34.09670394103112,65.2218885552219,23877,2997,True,True
Karanganyar,974825,22746128B38192287274107,Karanganyar,100.0,803.7884077477185,1212.7880803003122,47.85101097782303,55.377668906628955,43.94393034394229,21.56963417037187,12.742038865034749,23.544917138237672,112955,39584,True,True
Karangasem,506755,22746128B60715781377305,Karang Asem,100.0,839.9665438917042,603.3037907106634,55.46460269603186,44.106410833775904,50.361701537877366,18.59317429633564,19.51984051642301,23.792352628783856,26335,9415,True,True
Karawang,2607281,22746128B53840275251202,Karawang,100.0,1914.192304569556,1362.0789268538506,57.55740189673007,43.31438787683378,50.331315229781936,20.829185326992324,8.698159211331827,21.94768660325649,189484,74436,True,True
Karimun,268590,22746128B38340908247842,Karimun,100.0,921.5521298828908,291.4539409009146,43.96160690184891,46.55021714031971,30.406656443737305,19.728430950266432,11.471992099632413,27.86145648312611,18227,4504,True,True
Karo,437547,22746128B49947212525753,Karo,100.0,2176.217935539713,201.05844771079242,38.89840630877072,37.049567744418795,22.62342135407761,20.190293687451888,30.304240041032656,29.82935591480626,11698,7794,True,True
Katingan,176764,22746128B40819362853427,Katingan,100.0,19401.8017197171,9.11070026142796,46.92787937960277,39.08492959582791,17.186543405489846,16.50591655801825,29.76311091274269,45.2929161234246,8962,2301,True,True
Kaur,135779,22746128B79405855452274,Kaur,100.0,2541.2459691024765,53.430089668948796,36.90091273821465,44.35689861111112,23.035737211634903,19.756927777777776,31.489468405215646,33.43472222222222,997,720,True,True
Kayong Utara,139479,22746128B56151469580770,Kayong Utara,100.0,4619.247977557729,30.195174772527537,43.1402120771542,35.68832630813955,24.119206455364925,17.8204011627907,26.071726277018517,57.05741279069768,10317,1376,True,True
Kebumen,1448563,22746128B26305825050369,Kebumen,100.0,1330.6978101393577,1088.5739714626109,43.31408130690375,51.2295361377009,40.421722894513536,21.47519834021253,13.505714263872855,33.02889259682094,130813,22774,True,True
Kediri,1714171,22746128B82286187836997,Kediri,100.0,1522.9854298583596,1125.5334203423213,39.174821859844045,53.511245421987994,36.135243414473415,22.254809041151425,15.410987727827138,23.711737279545915,172993,14799,True,True
Keerom,65450,22746128B17774751253690,Keerom,100.0,9080.53029926554,7.207728826728742,80.1767651901215,51.419944751381216,17.59780556644454,22.498725966850824,65.62955703645629,107.96464088397792,2551,905,True,True
Kendal,1087809,22746128B21241240008354,Kendal,100.0,1001.4485013829736,1086.2355862510801,53.28780037248069,52.1059495531572,52.005961184562345,23.55518728329345,13.049814681639653,26.52180495189725,108462,20477,True,True
Kep. Seribu,29355,22746128B63742079715926,Kepulauan Seribu,76.9,10.78310347666094,2722.314597419589,42.511383529411766,67.33330619469027,15.633510588235294,25.480323893805316,24.628235294117648,29.7929203539823,425,565,True,True
Kepahiang,159639,22746128B30869437307727,Kepahiang,100.0,705.6155178415368,226.24077272043618,49.79233896260554,37.82260970777613,42.19259630076397,16.78435661218425,25.348612786489745,34.88905398712234,2487,2019,True,True
Kepulauan Anambas,50983,22746128B99951880476592,Kepulauan Anambas,100.0,637.3767943307663,79.98879227087518,41.87632247929164,45.9239552631579,20.83034961439589,17.46977105263158,45.66980862610682,67.77105263157895,3501,380,True,True
Kepulauan Aru,112697,22746128B17511076551422,Kepulauan Aru,100.0,8122.684168710953,13.874354543306675,54.61717574370709,27.8628,17.230962471395873,20.43756712328767,58.52768878718536,137.7054794520548,2185,730,True,True
Kepulauan Mentawai,95323,22746128B86355072671334,Kepulauan Mentawai,100.0,6000.678479685166,15.88537034982105,44.31817927046262,34.38981313131312,15.635842526690388,15.68471212121212,37.77535587188612,112.46969696969695,2248,396,True,True
Kepulauan Meranti,217407,22746128B32802105420608,Kepulauan Meranti,100.0,3641.0961748683712,59.709216554231624,30.60668690065209,43.17184361370717,18.34298647871116,16.305209345794395,28.371020329881087,37.03489096573209,10428,1605,True,True
Kepulauan Sangihe,144408,22746128B28296608330436,Kepulauan Sangihe,100.0,599.749115808737,240.7806801103354,40.8175969833662,33.15571704545455,16.90835311530871,14.14486818181818,45.05469410769665,65.1659090909091,7094,880,True,True
Kepulauan Selayar,145776,22746128B1615833901652,Kepulauan Selayar,100.0,1173.4583661804284,124.22767113118508,38.281117258464086,19.09453086303053,17.908746490503713,11.492363503166647,42.23410404624278,53.59542489838359,4844,21158,True,True
Kepulauan Sula,111795,22746128B81791072961966,Kepulauan Sula,100.0,1787.7740495281776,62.53307012119597,44.177506124335565,34.074520710059176,13.889762653108388,19.079250493096648,54.09382944303212,72.95266272189349,4327,507,True,True
Kepulauan Talaud,100244,22746128B45484540858108,Kepulauan Talaud,100.0,1013.3543350747644,98.92294978202672,31.628387936376775,30.831013440860207,11.168103077876472,13.426774193548384,84.8748192522206,131.56182795698925,4841,372,True,True
Kepulauan Yapen,121653,22746128B96094928872069,Kepulauan Yapen,100.0,2433.5650233780734,49.98962379527109,61.29883150851578,46.336991344195525,22.33131670721816,20.030382892057027,71.53345498783455,97.12321792260691,4932,1964,True,True
Kerinci,259640,22746128B64633952285861,Kerinci,100.0,3401.9194949917865,76.32161795193419,35.08904881541265,49.7493962962963,17.726699166883623,19.346942592592598,35.24433741213226,44.78333333333333,7682,1080,True,True
Ketapang,613999,22746128B56277764926455,Ketapang,100.0,29743.9669260485,20.64280805336311,42.51751494423494,38.72930541688794,18.61074981946562,17.560713913967067,28.46828612693573,45.43717472118959,49852,18830,True,True
Klaten,1308775,22746128B24447956326165,Klaten,100.0,701.2801217132874,1866.2656468895063,47.65023724128447,48.594794952351016,42.31059350202848,19.11668240129856,13.823447706800522,26.414624568017597,145430,38196,True,True
Klungkung,210360,22746128B73073409478343,Klungkung,100.0,313.1175764429418,671.8243108218905,61.10132569824147,40.84373726668777,50.6233583567312,18.615484024043027,19.48056745973105,21.443055994938312,13534,6322,True,True
Kolaka,254270,22746128B69202393010200,Kolaka,100.0,3076.0354560713595,82.6615959507657,43.55077622250501,39.81623901757188,27.37281130703508,16.844000199680508,33.31785129976368,54.07448083067093,11002,5008,True,True
Kolaka Timur,131041,22746128B88028223529334,Kolaka Timur,100.0,3718.645329091758,35.238907828837085,37.547033979219314,48.31844105691056,16.92359786576804,16.576571138211385,40.501544509969115,56.158536585365844,3561,492,True,True
Kolaka Utara,154176,22746128B11198700179718,Kolaka Utara,100.0,3250.608881222819,47.429883333734644,33.303731266552425,40.745594298245614,14.562365944851226,17.472679824561403,39.55740769590279,47.266447368421055,6419,912,True,True
Konawe,282999,22746128B78249855862414,Konawe,100.0,5070.925208090045,55.808158942772316,46.02681853146855,42.129339460305054,21.048445221445224,23.196957176378568,40.0618881118881,69.98924520922957,8580,5114,True,True
Konawe Kepulauan,41021,22746128B22870517920414,Konawe Kepulauan,100.0,712.0787066663718,57.607395946498166,35.446912429378536,44.904991071428576,14.825822033898309,21.368660714285717,52.3319209039548,111.5,708,112,True,True
Konawe Selatan,340022,22746128B90195550492320,Konawe Selatan,100.0,4251.557149714712,79.97587425652179,51.307037460148784,43.52608413205538,20.822158740701383,18.60146467873625,44.58501594048885,44.98331558395456,7528,5634,True,True
Konawe Utara,76966,22746128B68991025063444,Konawe Utara,100.0,4679.958090215198,16.44587376987833,51.45688750222856,18.827723635307777,24.153165804956316,10.691540824622534,52.1807808878588,54.06939605110337,5609,17220,True,True
Kota Ambon,369797,22746128B58388026658287,Kota Ambon,100.0,296.5852627567851,1246.848870920644,45.83807108874657,51.385639110070265,24.009422049405305,22.42834238875877,19.48783165599268,45.08220140515223,10930,8540,True,True
Kota Balikpapan,735912,22746128B66626446070966,Kota Balikpapan,100.0,542.2332478270959,1357.1871569090194,74.99994487197277,70.56485871613664,63.4978465274146,24.542540238515897,22.815681335453775,23.558686690223794,93691,67920,True,True
Kota Banda Aceh,270795,22746128B56363132836699,Kota Banda Aceh,100.0,55.328162662571806,4894.342898235918,72.16871577203582,39.76987018390112,60.51652241459422,18.715397648477538,11.322026707610254,30.29140789870365,49499,16585,True,True
Kota Bandar Lampung,1237627,22746128B13880384963573,Kota Bandar Lampung,100.0,175.8062165905898,7039.722621880512,78.86284087214841,48.1624766874612,73.40945094632214,21.377595630192477,10.080180483156774,23.738698518759424,107046,33823,True,True
Kota Bandung,2569102,22746128B71762235135177,Kota Bandung,100.0,168.04769526752324,15287.93355904181,71.20486819604646,60.92158067527497,61.59164490357711,26.22678983949668,6.560943696277955,20.257174011955374,397416,127474,True,True
Kota Banjar,214084,22746128B64728543729693,Kota Banjar,100.0,130.47760057300326,1640.7720486875317,59.58797105960264,47.3911404140414,52.77251569536424,21.21332763276328,11.481324503311258,24.48064806480648,15100,2222,True,True
Kota Banjar Baru,284079,22746128B6711072078761,Kota Banjar Baru,100.0,323.40123284718106,878.4103805016654,75.14788709541541,61.55395979336528,56.32115000589712,24.991594510487328,17.500513891931053,22.731997261467605,59351,16067,True,True
Kota Banjarmasin,672668,22746128B37126944555810,Kota Banjarmasin,100.0,97.89448734548613,6871.357297434342,76.55176958971013,74.60109460197073,61.42122869369696,28.272749145335975,13.650564541476268,19.727225717486856,82722,34809,True,True
Kota Batam,1316743,22746128B16651418017337,Kota Batam,100.0,1010.9840585969828,1302.4369561547207,58.109795736166525,45.498023546511625,51.922870733533806,18.63459543189369,11.316125106771352,30.127242524916944,170926,48160,True,True
Kota Batu,227482,22746128B69457994360094,Kota Batu,100.0,196.31743344387536,1158.7457925127887,41.99403587582424,51.53196042743071,35.17871402880965,22.599940934711128,13.71764363953425,23.03968999530296,55051,8516,True,True
Kota Baubau,173182,22746128B66779214231616,Kota Baubau,100.0,290.42252192424513,596.31050254833,37.97855520504732,44.651147482014395,20.383996094336787,23.596323227132583,21.867808322066995,41.55395683453237,6657,1946,True,True
Kota Bekasi,2652952,22746128B54763839112631,Kota Bekasi,100.0,214.09234035994237,12391.625013485906,77.52891218829681,60.77260843412168,63.51649598081162,25.07248732763269,7.816616426811875,19.698084379734485,370224,155772,True,True
Kota Bengkulu,409591,22746128B322693337562,Kota Bengkulu,100.0,186.642292220326,2194.524055225861,77.96988478654013,52.33138210862621,79.52623741694265,22.29115814696486,20.212789303639283,31.277422790202344,49213,9390,True,True
Kota Bima,168060,22746128B33789977192923,Kota Bima,100.0,210.9988452735203,796.4972499358555,35.718950664136635,47.09554940506984,17.67633870967742,21.11773874806001,16.604364326375713,43.01189860320745,3162,1933,True,True
Kota Binjai,314552,22746128B66679629138785,Kota Binjai,100.0,94.20524527245207,3339.0072823469704,83.18396565670902,68.14446498732572,90.04136024976941,25.32309188846641,12.920208614205634,20.97164131812421,28186,6312,True,True
Kota Bitung,239840,22746128B20507278995893,Kota Bitung,100.0,310.9967679320903,771.1977252843085,45.13618061556869,46.7937844251337,25.340371468457096,24.03986497326204,20.96018081499701,32.66711229946524,15043,2992,True,True
Kota Blitar,157785,22746128B15123001204790,Kota Blitar,100.0,33.36753963539739,4728.697462386961,50.437065345640335,52.85119470924691,43.03381562085416,24.228982364156337,16.14370395461089,20.506673021925643,35427,4196,True,True
Kota Bogor,1089179,22746128B63896883204987,Kota Bogor,100.0,111.74011647975745,9747.430325950241,77.9354260083835,58.590028612620635,65.06618234085238,22.65798470943773,5.150389000342516,20.677303981368524,122622,72136,True,True
Kota Bontang,193097,22746128B2679722836886,Kota Bontang,100.0,165.58513935714396,1166.1493341109363,47.650130229353294,50.941406140531626,23.9996498671129,18.334894704306613,19.415985825376517,28.41294044920668,10159,4853,True,True
Kota Bukittinggi,126764,22746128B12322141134935,Kota Bukittinggi,100.0,23.83151049700669,5319.176055412935,109.57138363780778,37.60683499762244,75.69959283161238,20.601374940561104,24.77938840349484,30.355444602948168,10072,4206,True,True
Kota Cilegon,464999,22746128B25933583546422,Kota Cilegon,100.0,164.28599327581858,2830.4238890245288,76.22335358884182,52.72610397742306,62.89236575813284,21.52524358409031,8.536048277515786,24.342358232648383,50044,11339,True,True
Kota Cimahi,613954,22746128B53430054982428,Kota Cimahi,100.0,41.14511767224919,14921.673207756761,65.90113264605718,45.00914356293169,56.496894888988635,22.79533115886416,5.941695926502812,21.6161742133538,75758,20848,True,True
Kota Cirebon,350130,22746128B80288264799633,Kota Cirebon,100.0,39.77943760197709,8801.783562234126,78.4052952722063,49.43368256353302,73.6748206661891,23.348280525249884,9.393123209169055,24.677990461880185,27920,15307,True,True
Kota Denpasar,769162,22746128B89164850776530,Kota Denpasar,100.0,125.66672316964136,6120.649767891892,100.43655683953055,79.2852717674386,90.25559968757064,28.720769507989026,13.142911759264967,23.907313296262405,243255,71035,True,True
Kota Depok,2173248,22746128B73481124779947,Kota Depok,100.0,199.7322109802522,10880.808805620602,85.41472886720183,65.72608597525726,71.08962142603885,24.74378597140324,6.357390303586894,20.915150113693297,344086,129735,True,True
Kota Dumai,341006,22746128B18875576502901,Kota Dumai,100.0,2270.123330904274,150.21474620242975,39.91391328613078,43.035002167238574,24.99423548521449,18.298974534946723,17.822324031653476,33.55986996568539,12005,5537,True,True
Kota Gorontalo,212514,22746128B66202348563483,Kota Gorontalo,100.0,67.26070152626603,3159.5566977101926,69.65817350856929,57.268422803217824,58.85970939343802,25.611354579207926,29.170449224237505,35.45560024752475,32033,6464,True,True
Kota Gunungsitoli,149739,22746128B74256869593133,Kota Gunungsitoli,100.0,311.8254608764218,480.20132666248963,52.27989926650368,29.957187978451937,23.011584352078238,13.21732095265098,38.14718826405868,38.80946980436632,2045,3527,True,True
Kota Jakarta Barat,2494110,22746128B58252967349746,Kota Jakarta Barat,100.0,125.47004355291278,19878.131300306697,93.5299775315944,65.6152147704701,75.41047893991119,25.277345299050967,6.783259953785149,20.77657801809755,525805,181240,True,True
Kota Jakarta Pusat,1032236,22746128B21128962092426,Kota Jakarta Pusat,100.0,47.8871597808506,21555.590365431875,84.8726789718249,62.739378750515925,72.1008945825814,25.473084953485674,6.146571874962152,21.596140209764307,247701,188974,True,True
Kota Jakarta Selatan,2207857,22746128B93686700937380,Kota Jakarta Selatan,100.0,144.81255487074895,15246.309285618236,95.05067813692318,67.99525796468986,78.0051554805621,25.8878182589787,6.074589442892485,21.117524007676447,569531,266269,True,True
Kota Jakarta Timur,3083988,22746128B5353616278909,Kota Jakarta Timur,100.0,184.65801610323663,16701.078377641817,89.76106370547168,66.9861144864884,73.33907422256844,26.07903338162749,6.999578224473897,20.06825313960923,403058,170483,True,True
Kota Jakarta Utara,1822156,22746128B85966169947265,Kota Jakarta Utara,100.0,140.26390775828412,12990.91141207979,94.75031193716887,63.077593770538655,77.50906598012334,24.45550515073582,6.656103825204412,20.61298042577511,402985,139980,True,True
Kota Jambi,649260,22746128B99667418524197,Kota Jambi,100.0,171.48866502019808,3786.022825027704,67.57237210537063,61.36308160055916,59.97191176230345,22.799004280971527,16.174862160506432,24.82386860038441,48970,11446,True,True
Kota Jayapura,431482,22746128B85346986276333,Kota Jayapura,100.0,758.196314685177,569.0900781800326,57.3115870868438,64.89278854961832,26.85602195398576,26.922609329940627,24.427252106286456,58.29355385920272,12344,11790,True,True
Kota Kediri,304129,22746128B79918158306090,Kota Kediri,100.0,69.1781483521511,4396.315993481533,59.091221235396155,48.782750134105775,54.019378032743134,20.95251335693596,16.96441708437363,22.73050101920395,52469,9321,True,True
Kota Kendari,383708,22746128B80961359079738,Kota Kendari,100.0,269.14904603312334,1425.63388447893,76.42370233596267,50.810259304231685,68.97001641007432,24.56184287535668,31.52230704846932,41.03078137332281,39427,16471,True,True
Kota Kotamobagu,131721,22746128B93986330379000,Kota Kotamobagu,100.0,106.7502988880346,1233.9169198781915,37.73489831680886,46.09754188948306,16.883624971178236,23.1360004456328,19.058104680654832,34.201871657754005,8674,2244,True,True
Kota Kupang,490393,22746128B56606429525327,Kota Kupang,100.0,155.46918062764854,3154.27789623784,92.09331596799443,49.24092124434991,69.74507797008175,20.91171821324116,40.75178291876848,40.89699547992555,22996,18805,True,True
Kota Langsa,204203,22746128B69628984727954,Kota Langsa,100.0,212.46224428910432,961.1260611656455,57.158711237833046,38.93437709631048,39.88684583620097,18.348712266411123,17.10215318061154,28.10948730234787,10171,4174,True,True
Kota Lhokseumawe,206394,22746128B88010078110453,Kota Lhokseumawe,100.0,138.14040162671904,1494.0886052851854,58.16726955354146,42.03804061267116,45.409432192010726,20.298087491297284,15.157771064115474,29.355302854490603,11916,4309,True,True
Kota Lubuklinggau,251980,22746128B74548717001691,Kota Lubuklinggau,100.0,366.9494738410756,686.6885442357428,131.76019836486557,41.85378554483631,119.72286190451238,20.095144235331325,13.714847230229024,30.400442827771627,19081,6323,True,True
Kota Madiun,205316,22746128B30166819315055,Kota Madiun,100.0,34.62464785554642,5929.764278226761,67.79131242873432,58.38624671097248,60.33821555698776,25.87565563542656,24.155768182043527,29.88810524888105,20171,7373,True,True
Kota Magelang,122903,22746128B66141272433758,Kota Magelang,100.0,17.873457979637397,6876.285503343509,52.748661683997696,41.65912990692028,46.96781210283073,20.821466005665727,10.49797804737146,27.57871307163092,13848,4942,True,True
Kota Makasar,1482753,22746128B73854317646589,Kota Makassar,96.0,182.8827805232359,8107.668725058623,72.097101339362,75.88440767925728,54.69541449902079,29.523852776926883,15.214955113628896,21.23168547798016,152162,84878,True,True
Kota Malang,886820,22746128B9724218643478,Kota Malang,100.0,109.95000288987814,8065.665999920038,65.59910198692258,56.527547429137925,57.19859063599482,24.26426907304764,10.259042783324215,21.652336532828624,245002,44382,True,True
Kota Manado,463564,22746128B83673204362612,Kota Manado,100.0,160.92546578122278,2880.613069843231,76.5766853723129,64.14216028894964,62.723796466985256,27.26620089808668,30.08333949786214,28.56545294806716,67591,20488,True,True
Kota Mataram,452410,22746128B34810169298981,Kota Mataram,100.0,60.20271635876552,7514.777195499902,83.55843979017054,60.744315894728416,71.58954884729292,25.89320750339973,26.289793074079093,26.876249900008,51661,12501,True,True
Kota Medan,2510147,22746128B40654739963843,Kota Medan,100.0,283.3270481216577,8859.538884978496,75.87406408219191,66.58874303868099,68.80596975586693,24.53116345375021,14.348081123791264,19.850801879151145,228441,111114,True,True
Kota Metro,179309,22746128B64737377738458,Kota Metro,100.0,77.78223094913798,2305.2694402305156,73.66872470678716,45.048759,67.25760049990386,18.830446,11.138088829071332,27.565666666666665,26005,3000,True,True
Kota Mojokerto,139817,22746128B53956788697299,Kota Mojokerto,100.0,20.210259187407203,6918.120084631002,68.75867107267862,50.79292378854625,58.984209306156046,24.12581718061673,15.610335598105827,20.601468428781203,24285,6810,True,True
Kota Padang,975548,22746128B51925287869213,Kota Padang,100.0,686.0836860912239,1421.9081721034947,91.59068388836327,39.02854225786552,93.29531600756864,17.69843664404689,23.4542573320719,28.973966687230103,105700,16210,True,True
Kota Padang Panjang,61072,22746128B34977061629525,Kota Padang Panjang,100.0,21.09207875302146,2895.494593734692,45.0471134969325,38.75143388235294,25.33097469325153,17.700812705882353,14.661042944785276,27.966117647058823,1304,2125,True,True
Kota Padangsidimpuan,247535,22746128B81378642761445,Kota Padangsidimpuan,100.0,134.5465518027805,1839.7721582849551,41.066221455277535,44.66756614349776,25.615114466494106,21.660109865470854,23.74288179465056,31.75919282511211,3477,4460,True,True
Kota Pagar Alam,151820,22746128B19740076763731,Kota Pagar Alam,100.0,590.7659131975374,256.9884223317319,29.98520066018068,40.61384460694697,25.69618780403057,17.466487202925045,26.866574009728975,32.57769652650823,5756,1094,True,True
Kota Palangka Raya,318540,22746128B5087893857208,Kota Palangka Raya,100.0,2602.281750731452,122.40795982620423,97.12690064460249,58.28773368347338,81.76001758915339,24.094143837535007,21.79979012942019,29.75273109243697,60037,14280,True,True
Kota Palembang,1740559,22746128B87825164980488,Kota Palembang,100.0,367.7985637840568,4732.370300994224,75.13940041158129,49.53727724892909,68.85876014851638,23.03856075861312,12.201817404186476,22.8726796763446,161329,54626,True,True
Kota Palopo,201386,22746128B54354608226928,Kota Palopo,100.0,280.97286293579776,716.7453749653278,44.930730589207045,36.31962524479261,26.85432736784141,26.832050916859533,19.080396475770925,34.43172512017091,7264,5617,True,True
Kota Palu,402417,22746128B23229204425516,Kota Palu,100.0,388.4843180425629,1035.8642068942165,86.2457388667433,41.22004659538976,76.16972138123302,23.084117493175615,28.617519747621728,40.28514558689718,40891,26376,True,True
Kota Pangkal Pinang,236426,22746128B92282941938888,Kota Pangkal Pinang,100.0,104.59072211263472,2260.4873092413554,44.12043215162115,46.49318762068226,38.55523108651386,21.527810984767218,9.838824205085363,28.273224629907745,19153,9322,True,True
Kota Parepare,165845,22746128B37987509465042,Kota Parepare,100.0,87.69639090237852,1891.126855888683,51.460044653349,65.48522083593264,30.57862749706228,28.974371023081723,14.466705836271052,22.774953212726135,5106,6412,True,True
Kota Pariaman,100516,22746128B94413576870843,Kota Pariaman,100.0,64.7071409805292,1553.3988749440484,27.282693256941386,38.40122535211266,21.296502864698105,19.85298356807512,26.68708682238872,33.244131455399064,2269,852,True,True
Kota Pasuruan,225257,22746128B86769429493629,Kota Pasuruan,100.0,38.93001845812304,5786.203267340051,47.47446178566884,56.69184700315458,37.66604935089729,23.44661251314406,12.56729667812142,21.15168243953733,31428,3804,True,True
Kota Payakumbuh,150446,22746128B75816793285642,Kota Payakumbuh,100.0,75.26117779065845,1998.985458591556,37.75508613264429,28.01043512382281,21.648241171403967,13.136224276246946,16.057278208440998,30.333972793861175,4644,5734,True,True
Kota Pekalongan,327929,22746128B98453198956040,Kota Pekalongan,100.0,45.63410519689972,7186.050840376262,55.14689581843618,41.70701804062126,50.6377695942795,23.03581899641577,11.658417534587285,24.264874551971324,32165,8370,True,True
Kota Pekanbaru,1046046,22746128B3549150233660,Kota Pekanbaru,100.0,625.6192451946982,1672.0169784330424,87.95686377156893,46.694466009051865,75.73787780803268,22.863665637692925,17.601695918548554,22.496855053963092,135148,43085,True,True
Kota Pematang Siantar,281250,22746128B46755595316405,Kota Pematang Siantar,100.0,76.45503254745496,3678.6329248559355,61.15758917337822,42.544656357882616,49.91341839964739,18.75614700805524,12.385743478783509,23.42663981588032,24957,6952,True,True
Kota Pontianak,690969,22746128B68403360613456,Kota Pontianak,100.0,108.4312941626796,6372.413105789721,65.063655372427,66.21727068437177,52.50349968168635,28.999684422880488,17.404588432246353,29.05245148110317,84822,19580,True,True
Kota Prabumulih,208461,22746128B13695709263199,Kota Prabumulih,100.0,406.645429143064,512.6357879868367,105.8643778532352,42.50704145798554,84.55994183487391,19.726520311630495,16.291517323775388,27.704785754034503,15903,3594,True,True
Kota Probolinggo,254569,22746128B48742890195125,Kota Probolinggo,100.0,54.93695336563542,4633.839053755026,49.70070630129062,48.61136877889585,39.926413289468925,22.103397334783786,18.104298470771123,24.401142235518087,27661,3677,True,True
Kota Sabang,44610,22746128B78398648082643,Kota Sabang,100.0,122.89898951185415,362.9810153621903,42.80173518284993,45.99999030470914,22.314660781841106,22.21045706371191,21.82723833543505,43.87673130193906,793,722,True,True
Kota Salatiga,205821,22746128B99456803569608,Kota Salatiga,100.0,53.08408927719608,3877.2634663700787,75.36374374104841,64.50569474738481,68.87891374964195,22.12642187847763,11.345832139788026,24.77064322279101,34910,8986,True,True
Kota Samarinda,872306,22746128B87893249930832,Kota Samarinda,100.0,724.4576831463949,1204.0813705108137,74.51645992197197,54.62639082714891,61.56430838801207,19.68736324604054,25.143916555159684,26.21118030083312,124058,35169,True,True
Kota Sawah Lunto,70664,22746128B93370341632229,Kota Sawah Lunto,100.0,238.5870687061289,296.1769905771291,38.1725661053386,30.18961873226112,24.695683267646007,15.822211920529805,15.558581153708348,28.2639545884579,2791,1057,True,True
Kota Semarang,1735503,22746128B5783483209745,Kota Semarang,100.0,385.67465583941066,4499.914561984177,66.94241476178514,66.34340233711356,61.68689591671552,25.72817829330344,8.257098998018364,22.446742270708462,358290,115955,True,True
Kota Serang,756145,22746128B38845978082923,Kota Serang,100.0,264.8645169450153,2854.83691330754,56.928705108734285,51.518085423643136,50.4204683814263,23.64064547924433,7.75440268846738,23.82435079294876,61894,15827,True,True
Kota Sibolga,92774,22746128B47009036461165,Kota Sibolga,100.0,10.861301458062515,8541.70196437485,43.2235601141634,33.66975708215296,22.56803032465216,17.775198300283286,17.09775240813414,31.71742209631728,2803,1412,True,True
Kota Singkawang,257574,22746128B18670307275317,Kota Singkawang,100.0,450.9729845817054,571.1517292746697,106.38735707567874,59.32662532133677,86.38808702739988,22.9121233933162,18.088751645871213,31.765638389031704,31898,4668,True,True
Kota Solok,82654,22746128B30699524960223,Kota Solok,100.0,60.86734542862201,1357.9366640348526,34.47089580152672,36.99646339677891,22.667138931297718,18.01643118594436,21.44618320610687,31.317715959004392,2620,1366,True,True
Kota Sorong,306083,22746128B11366688050704,Kota Sorong,100.0,297.3143697296731,1029.4927899996883,48.115064543576025,65.29111559432934,25.301058101373528,27.916359869138503,19.056521210647865,67.21941112322791,8227,4585,True,True
Kota Subulussalam,103499,22746128B20185680371825,Kota Subulussalam,100.0,1167.516399873413,88.6488618157499,38.35350962012828,38.092608497723816,20.518326097681296,17.179044764795137,29.762703502713368,29.131259484066767,2027,1318,True,True
Kota Sukabumi,375584,22746128B82825120895999,Kota Sukabumi,100.0,48.9503071438891,7672.76084491101,71.29699100569937,50.37271894292213,65.72443297316553,22.01890815552908,8.726104250771789,24.322971948445797,33688,9233,True,True
Kota Sungai Penuh,102961,22746128B31453944142504,Kota Sungai Penuh,100.0,352.7453786571496,291.8847594600886,30.27748976166499,38.51187263556116,15.583168177240683,15.593385876418663,28.513259483048003,43.551071878940725,2979,793,True,True
Kota Surabaya,2940265,22746128B68603538827891,Kota Surabaya,100.0,335.9537563732384,8751.993225917142,77.4238334036901,67.45136665307231,64.47964186255548,25.51266752311039,9.925367768031265,21.745278230922604,623015,220680,True,True
Kota Surakarta,529966,22746128B33460906687482,Kota Surakarta,100.0,46.26634129578349,11454.677096939557,69.66057776689821,63.0403485163581,60.692557326887176,23.915869676219465,11.983507236620666,23.651551272296896,98043,59145,True,True
Kota Tangerang,1979289,22746128B7613374511026,Kota Tangerang,100.0,181.4671348975083,10907.14856504398,76.12436266196877,60.30299012876053,61.7638879967848,23.752858031544523,6.891737779819176,21.990219267018237,330928,165734,True,True
Kota Tangerang Selatan,1405035,22746128B62533997811788,Kota Tangerang Selatan,100.0,164.3963913193542,8546.62920958282,96.20489233181604,69.21441404166946,77.38844585785662,24.42765126951162,6.137393329660878,20.864560862865947,413892,149270,True,True
Kota Tanjung Balai,190449,22746128B91306693093612,Kota Tanjung Balai,100.0,60.77204372868288,3133.82582376628,31.236647713085915,40.640619274376405,23.32059970491431,20.2819589569161,13.16615594143684,24.16780045351474,8811,4410,True,True
Kota Tanjung Pinang,242421,22746128B73074683492420,Kota Tanjung Pinang,100.0,148.27685816176037,1634.9213424493694,42.420053758912175,47.6983751276813,36.57921097439909,20.79054724208376,9.619776781685268,27.351378958120527,33241,3916,True,True
Kota Tarakan,259336,22746128B97983454808676,Kota Tarakan,100.0,250.9772771529996,1033.3046996995859,51.216049184538335,53.31495223152022,23.33682252472068,20.942861576011158,27.92115063567484,47.823047419804745,7787,5736,True,True
Kota Tasikmalaya,767854,22746128B57000549481658,Kota Tasikmalaya,100.0,183.92377458702455,4174.849073884603,55.69535725547268,40.89265629828687,51.666503880904735,20.192173463218005,11.002122369777457,23.123748740342627,65964,14885,True,True
Kota Tebing Tinggi,184883,22746128B29639616204280,Kota Tebing Tinggi,100.0,39.9309083152408,4630.072487718342,74.5042808474091,44.089374652584766,74.57215299169766,22.642633685380773,9.365874606355568,24.08365758754864,17465,3598,True,True
Kota Tegal,291687,22746128B85080883644541,Kota Tegal,100.0,38.93598957939234,7491.449508564211,70.53422180854061,35.621395888734114,66.05510134258473,21.620061500147727,11.345066847182265,24.73639778818961,35454,23691,True,True
Kota Ternate,219069,22746128B36781349389855,Kota Ternate,100.0,161.9870321205533,1352.3860344386421,47.1644150384369,46.382122922864816,24.889025704676484,20.774524490240186,19.12948430493273,43.722589071910605,12488,13781,True,True
Kota Tidore Kepulauan,123454,22746128B24002479708791,Kota Tidore Kepulauan,100.0,1683.9536095767253,73.31199582809832,48.335095596891925,40.645810087173096,22.2997459383094,23.143820049813197,23.69861078408288,42.94333748443338,4247,1606,True,True
Kota Tomohon,105651,22746128B12552284418793,Kota Tomohon,100.0,150.37910131364112,702.5643794721643,71.24132683024939,50.63708849557523,45.41569308125503,24.460105674128062,21.94267900241352,32.531754294638205,9944,3842,True,True
Kota Tual,94992,22746128B79752231805890,Kota Tual,100.0,231.0265138927099,411.17358522803517,29.222376251788276,38.44492794486215,13.425543633762516,21.631179824561404,71.14735336194563,74.40100250626568,699,3192,True,True
Kota Yogyakarta,375660,22746128B9761158776103,Kota Yogyakarta,100.0,32.90537210601702,11416.37294936736,74.9348166695137,72.24948219636437,62.807183895510015,27.20115803535757,9.620737684453966,25.69608969236916,76103,40048,True,True
Kotabaru,352736,22746128B85816588264471,Kota Baru,100.0,9173.908330195029,38.449915489018316,44.79570022944346,47.6940690495532,20.416382743716984,19.930876848090985,32.65215303345606,33.9978878960195,18741,6155,True,True
Kotawaringin Barat,288560,22746128B93777795819955,Kotawaringin Barat,100.0,8380.849876152943,34.430875658693644,56.260205364868746,57.26405101569716,35.06731309489472,22.517737188365647,20.087155081242187,34.91851338873499,20802,8664,True,True
Kotawaringin Timur,457424,22746128B94284518008212,Kotawaringin Timur,100.0,15700.423546529331,29.13450064862207,39.99174328868788,46.09836688277182,21.149846524033165,18.848669890530346,27.23696874818809,34.19119991497502,34494,9409,True,True
Kuantan Singingi,356220,22746128B8182037452639,Kuantan Singingi,100.0,5283.697762950504,67.41869349489076,33.110239698200814,40.51408936897732,21.959019616947188,19.067316443891823,20.811839814277423,29.45554864780852,8615,6434,True,True
Kubu Raya,670755,22746128B69090577702614,Kubu Raya,100.0,8597.861888011535,78.01416314156779,62.06896395537056,59.17333716255025,41.148196554514975,23.723781016657096,19.424297606659728,32.58328546812177,34596,6964,True,True
Kudus,899832,22746128B61967707401144,Kudus,100.0,435.52728875402914,2066.0749010108393,44.311005760167575,63.39585542230686,40.900411076771434,22.855849863605957,12.833940837637202,28.8733851459159,97393,19429,True,True
Kulon Progo,449501,22746128B43033686501526,Kulon Progo,100.0,574.9831988596835,781.7637122118665,26.90308495750293,57.605326294778855,24.612205927608443,21.66517816997585,10.973494284876905,31.970269986343105,54592,9519,True,True
Kuningan,1236761,22746128B44289127403365,Kuningan,100.0,1185.606904376464,1043.145915762391,49.711596820502656,49.307218491969856,46.71686267909425,20.92216305235459,10.693379347411,25.783413483349968,70703,11021,True,True
Kupang,386353,22746128B27765258797580,Kupang,100.0,5110.08607359505,75.60596718641821,117.77044338198291,42.17164819277109,84.80606492199293,22.08201311914324,50.58480120785103,41.97402945113789,3974,3735,True,True
Kutai Barat,181813,22746128B93368126922918,Kutai Barat,100.0,13661.47201694257,13.308448736308993,52.10445473942498,30.786477961432507,18.3816587720702,13.88402420306966,47.07457193150904,41.67168437622984,18747,10164,True,True
Kutai Kartanegara,897918,22746128B55621143702768,Kutai Kartanegara,100.0,25219.424390466236,35.60422260626385,47.9178473229035,39.65623627894417,22.47696645612671,16.01104192263552,39.70858031289476,29.967832309457908,51455,29626,True,True
Kutai Timur,477695,22746128B75924443266043,Kutai Timur,100.0,31454.70022428117,15.186760534797521,50.99569780051597,33.979987480987475,17.931910337137616,15.102680940680944,53.6751060387424,61.24178074178074,45738,17094,True,True
Labuhan Batu,533334,22746128B75065966155231,Labuhan Batu,100.0,2731.763872488997,195.23429728721845,39.260930514767,47.90935843151693,24.45727478251233,22.41728055964653,24.665041281099352,30.4300441826215,18047,5432,True,True
Labuhan Batu Selatan,347767,22746128B23995987640193,Labuhan Batu Selatan,100.0,3081.4929261614325,112.85666017517292,41.043847162389966,50.06824568138195,20.10788480988949,22.43368176583493,40.583255291253046,38.63570057581574,5339,2605,True,True
Labuhan Batu Utara,422072,22746128B7095356521044,Labuhan Batu Utara,100.0,3576.59984447716,118.00928769030352,32.78651918515419,42.4059063063063,18.272446072275702,20.49304924924925,34.81540393470071,31.78828828828829,7167,3330,True,True
Lahat,460814,22746128B84107388414918,Lahat,100.0,4233.046138627471,108.86108606163575,54.487007898320485,38.723195523069904,71.31399727644121,18.11968273184102,35.87294598275079,35.1368204659662,22030,4378,True,True
Lamandau,106700,22746128B62127435888540,Lamandau,100.0,7320.308691080615,14.575888053738494,42.005016036655206,29.538410777834265,19.385490836197025,10.88360854092527,29.92640320733104,58.49669547534316,6984,1967,True,True
Lamongan,1394222,22746128B62762388436916,Lamongan,100.0,1751.4213448563744,796.0517348350196,47.92603954482376,56.211428135293644,41.682396203164025,23.95355394874267,14.076369691923396,22.742829597493373,90075,12447,True,True
Lampung Barat,322589,22746128B74428971192525,Lampung Barat,100.0,2420.807974192874,133.2567487545372,31.694820610324175,36.87475368672778,24.46951117026333,18.046067357512943,22.073961403175208,30.95177361498605,10519,2509,True,True
Lampung Selatan,1147198,22746128B4401734887211,Lampung Selatan,100.0,2166.90972467676,529.4166097164609,59.97842509918144,39.327005095355936,55.13227718910593,18.037027878876117,11.656455581780746,28.09368175862571,59739,13738,True,True
Lampung Tengah,1557290,22746128B57273633041967,Lampung Tengah,100.0,4616.135297124483,337.35796283312544,30.78865939107465,40.6845253071807,29.10990400389268,17.187855258708147,11.777596274155428,31.77116446849284,57544,8871,True,True
Lampung Timur,1175365,22746128B49036162018248,Lampung Timur,100.0,3914.3378090522456,300.27173364594813,35.15046293977985,34.73280893682589,33.415910015109006,15.717935778120188,11.52115260090654,26.667057010785825,46330,16225,True,True
Lampung Utara,671492,22746128B16659764843822,Lampung Utara,100.0,2552.609165455683,263.06103146821835,32.99661504525401,37.094586573354064,25.141290717242008,17.619154224987035,17.64124255241734,32.472006220839816,21987,3858,True,True
Landak,429744,22746128B55433427549228,Landak,100.0,8252.761741065888,52.07275012697704,44.25106634837012,42.37428427299704,21.74829329930853,18.44834540059347,27.77074415541653,44.971513353115725,12148,1685,True,True
Langkat,1100570,22746128B45262154134474,Langkat,100.0,6239.6060145150495,176.38453412599605,35.87282660232535,47.92060107003892,29.0656047543479,24.531671400778205,17.690546361369304,26.456322957198445,30877,10280,True,True
Lanny Jaya,213985,22746128B21145180666794,Lanny Jaya,100.0,3686.5280080759744,58.0451306842723,88.13477900552486,10.033682926829268,16.32133149171271,3.0812682926829265,87.02209944751381,385.1951219512195,181,41,True,False
Lebak,1478091,22746128B73767534141998,Lebak,100.0,3307.9776289289457,446.8261777449127,31.031705560753664,42.544414248194336,27.72365545709725,17.033209980302033,12.893793457721026,22.9064346684176,54507,15230,True,True
Lebong,114499,22746128B6914990948320,Lebong,100.0,1666.1972809501851,68.71875336076917,28.017987542468852,35.326968933177035,22.93170724801812,16.11144021101993,22.986409966024915,36.93728018757327,1766,3412,True,True
Lembata,147202,22746128B62947944336237,Lembata,100.0,1259.2169157805515,116.89963671489738,42.56543799472295,23.425891784292435,17.679265171503957,16.322945711183497,54.9221635883905,52.48136083966703,758,2763,True,True
Lima Puluh Kota,410327,22746128B97954273808268,Lima Puluh Kota,100.0,3324.1227771718463,123.43918305842631,41.57987415491598,34.70078093181116,22.847201178288586,14.090366862079604,21.836295151632218,29.45078679419932,10354,3241,True,True
Lingga,103880,22746128B41866695352092,Lingga,100.0,2207.5334503468303,47.057044586880075,38.551935860058315,43.571061833688695,18.90844314868804,17.449063965884864,22.537900874635568,38.99786780383796,1372,938,True,True
Lombok Barat,787339,22746128B38668827904245,Lombok Barat,100.0,923.5709770010528,852.494306995858,64.97608684520662,50.23625160635781,56.97293910269437,24.05440226580995,24.840431584508472,27.920865742306397,49214,5914,True,True
Lombok Tengah,1149627,22746128B98880758851169,Lombok Tengah,100.0,1166.4680369307864,985.562367422344,45.837213030989325,60.37801556074248,39.167869110092255,24.96108991886184,19.065099707230846,28.80204512615316,36206,8997,True,True
Lombok Timur,1460017,22746128B55307338459902,Lombok Timur,100.0,1606.67000524014,908.7223855789723,39.66995597986738,42.16318818025588,39.650178796836315,22.89123601298453,24.884117600063917,29.484533129654384,50068,10474,True,True
Lombok Utara,268761,22746128B90862663975631,Lombok Utara,100.0,811.9107170502817,331.02285061148615,35.85587092872932,53.82722043010753,26.6085214979774,21.129675765095115,24.540514616956504,35.85897435897436,23979,2418,True,True
Lumajang,1158367,22746128B76070527787319,Lumajang,100.0,1810.39351797142,639.8426576880214,26.123646314871344,60.06416768011794,24.638951576225775,20.926829371660215,14.939692231013645,25.63902708678828,64204,5427,True,True
Luwu,394206,22746128B94521952332625,Luwu,100.0,2898.4258296848766,136.0069303698066,48.413827215574926,35.45180847130012,22.65994037720544,25.21998899067148,31.298316771445958,27.230607614085216,9862,11899,True,True
Luwu Timur,321021,22746128B1110744719374,Luwu Timur,100.0,6709.967017830991,47.8424110203407,44.189371532116965,51.058333890746944,23.123931517120717,25.79648411371237,27.96763309172707,52.512541806020074,8002,3588,True,True
Luwu Utara,345321,22746128B26232805086319,Luwu Utara,100.0,7568.368243082654,45.62687608595378,34.914335625199875,55.421325088339216,21.606762711864405,26.13772693364743,31.9541093700032,29.80545740086376,6254,5094,True,True
Madiun,763828,22746128B56340035124164,Madiun,100.0,1117.5001179735436,683.5149166562176,34.71914592253311,53.66779019832815,29.469036368614947,25.204588100311412,19.504704769491187,27.459105064743486,40172,6101,True,True
Magelang,1362099,22746128B50341569898666,Magelang,100.0,1131.2190150196236,1204.0983946653082,44.80443812491281,44.37789805477848,40.71516917019332,21.133562097456245,16.510920956765723,34.525730271290094,129018,15371,True,True
Magetan,692785,22746128B43524249433579,Magetan,100.0,701.9619990388228,986.926644104113,36.15454609506798,58.6058751182592,34.026220469054934,24.281694796594135,15.412622804406071,31.965562913907284,30231,5285,True,True
Mahakam Ulu,35245,22746128B30313932055345,Mahakam Hulu,60.9,18120.1034871582,1.9450771914729013,60.47122270166607,17.852647291941874,15.191579048303966,9.823900924702771,59.67349874145991,80.77410832232496,8343,757,True,True
Majalengka,1374601,22746128B87647472826371,Majalengka,100.0,1340.6817659863727,1025.2999890609178,45.1121357009259,46.63118327272727,43.61968821663821,20.37006509090909,9.571881643606455,26.41636363636364,86079,11000,True,True
Majene,188857,22746128B56869239776422,Majene,100.0,891.3560716087303,211.87604596572567,35.86773659706546,42.91933103922919,20.305525112866817,23.857528561596688,27.387838600451467,34.93048864418444,7088,1453,True,True
Malaka,198496,22746128B56140662064287,Malaka,100.0,1116.191941891297,177.83321358122743,77.58304885993485,33.58471184022824,24.56863192182411,23.656180456490727,30.19543973941368,62.46433666191155,307,1402,True,True
Malang,2774002,22746128B8866265958554,Malang,100.0,3456.826944728574,802.4706021891448,42.79670332657256,50.45919602165794,37.30037437255957,21.27960624837132,13.838801274887206,23.405738772910208,362385,34537,True,True
Malinau,88445,22746128B54632748429230,Malinau,100.0,39912.85790073007,2.2159525689685626,70.5367255224231,39.88283386243387,18.26255717304532,16.830773544973546,63.53345855834703,78.93756613756612,4259,945,True,True
Maluku Barat Daya,89926,22746128B88480653802061,Maluku Barat Daya,100.0,4600.7192491781525,19.546074239601534,57.53626291079812,18.590421115065244,15.793268032437046,13.932143534994074,88.45283824157062,226.2158956109134,2343,843,True,True
Maluku Tengah,450384,22746128B41463091507887,Maluku Tengah,100.0,8113.273885077951,55.51199261599596,48.73169609962813,55.46611370436864,16.275270085617926,23.791137642130455,47.499956758626645,59.79233991621784,11563,1671,True,True
Maluku Tenggara,128774,22746128B6545713511337,Maluku Tenggara,100.0,1012.3898869713424,127.1980307757116,43.9481694785276,46.58827098321344,16.520333588957055,20.983613309352524,71.22852760736197,67.89808153477219,1304,1668,True,True
Maluku Tenggara Barat / Kepulauan Tanimbar,134167,22746128B78864950196660,Maluku Tenggara Barat,68.9,4432.507439447951,30.268871926971862,57.62030046948356,28.672433198380567,13.052329812206573,12.537164642375169,87.14964788732394,119.52901484480432,1704,741,True,True
Mamasa,178098,22746128B65559589019405,Mamasa,100.0,2970.0397897533508,59.96485320312503,32.371375028121484,36.90030558858502,12.703226546681668,14.774341260404276,45.79055118110236,58.90487514863258,4445,841,True,True
Mamberamo Raya,40887,22746128B39960960221771,Mamberamo Raya,100.0,28903.60057779255,1.414598845218427,71.89041078838173,35.22185096700797,17.020954356846474,5.804907849829352,98.63485477178423,148.3902161547213,241,879,True,True
Mamberamo Tengah,55074,22746128B2349164731379,Mamberamo Tengah,100.0,3086.662464322216,17.84257288789541,61.612384164222874,21.3905,16.098369501466276,12.777,105.76539589442817,74.5,341,12,True,False
Mamuju,306597,22746128B65468173429736,Mamuju,100.0,4794.426602266177,63.94862731970515,35.79956538932304,47.414305783679865,16.238713774597496,21.042267604403285,32.144148385274455,40.73423029879434,10621,11446,True,True
Mamuju Tengah,150458,22746128B49136567123703,Mamuju Tengah,100.0,2875.820455617958,52.31828701478149,36.78337493849435,29.910765583937767,15.475362637362643,15.616662882371491,52.1128423814991,43.812537229755776,6097,28539,True,True
Mamuju Utara / Pasangkayu,210278,22746128B5634485200629,Mamuju Utara,68.6,2951.413170291426,71.24654796442374,37.43895321477429,51.00211909527621,15.052650889192886,24.598090072057644,49.95704514363885,44.4351481184948,3655,4996,True,True
Mandailing Natal,521528,22746128B80893459197040,Mandailing Natal,100.0,6536.62277986846,79.78554332463636,47.65027139695032,30.53141096883305,19.30747343826857,15.76794757187726,52.104648303000495,42.85479584440686,8132,4139,True,True
Manggarai,345826,22746128B41361424069199,Manggarai,100.0,1341.48691901114,257.79304672975957,52.007897447795834,34.11410902439024,19.828006960556845,19.476636341463408,36.580046403712295,51.21951219512195,2155,4100,True,True
Manggarai Barat,287142,22746128B27819456459641,Manggarai Barat,100.0,3135.771267671506,91.56981663819496,51.44980217633928,43.282896740088106,29.60092745535715,21.22667348017621,36.652901785714285,46.88845814977974,3584,5675,True,True
Manggarai Timur,306838,22746128B57997288446056,Manggarai Timur,100.0,2401.349709792137,127.77730738208895,38.54621417565486,30.1268031496063,20.556169491525424,21.5059031496063,37.59013867488444,54.33543307086615,649,1270,True,True
Manokwari,211063,22746128B58641314112332,Manokwari,100.0,1955.134122005504,107.95320772341665,50.36790471139396,52.682104066390046,21.084336957482545,24.89238921161825,38.09113409352073,81.75203319502073,11313,6025,True,True
Manokwari Selatan,40319,22746128B90822416479405,Manokwari Selatan,100.0,2375.8411839600176,16.970410426507076,47.486987096774186,29.299126760563375,18.57829677419355,22.245408450704225,37.45161290322581,101.00704225352112,310,426,True,True
Mappi,118820,22746128B63262525003276,Mappi,100.0,25826.064383132874,4.600778432102179,74.97425513092712,24.601347578347585,20.15768294409059,9.006672364672365,70.05307855626327,242.9031339031339,2826,351,True,True
Maros,424592,22746128B73491405172020,Maros,100.0,1441.097156940414,294.63107185739585,74.76836235443236,61.009295527688366,62.876060801711134,27.567269559427366,17.666481818902003,26.18632782155144,25246,9011,True,True
Maybrat,50059,22746128B44891092584435,Maybrat,100.0,3303.0771489659296,15.155262121465013,70.69457798165136,28.064316279069764,18.407605504587156,12.352534883720931,60.37003058103976,389.3627906976744,327,215,True,True
Melawi,250492,22746128B3341090541732,Melawi,100.0,10024.76442425307,24.987320339815746,36.38348666741046,40.91880274955172,14.022210309048308,18.228753735803945,29.09907397076872,44.73759713090257,8963,1673,True,True
Mempawah,324456,22746128B13218426778114,Mempawah,100.0,2001.896018627288,162.07435200479665,37.744170069721115,52.209742252066114,22.86620281374503,18.986086260330584,15.93152390438247,37.66683884297521,8032,1936,True,True
Merangin,383224,22746128B71403115718321,Merangin,100.0,7418.179586970953,51.66011357733669,36.74278974002778,43.380550707998445,20.24901885294701,18.186415996938383,29.57729708275452,32.10103329506315,10078,2613,True,True
Merauke,243628,22746128B65756496772256,Merauke,100.0,44014.03193926345,5.535234770951933,49.593047174735744,54.22014450615266,16.279888261777373,24.39056953065447,83.64051285397363,87.31765218338234,30652,9183,True,True
Mesuji,248750,22746128B5734020897269,Mesuji,100.0,2176.2909879874733,114.29997246371532,29.812037526125792,33.481256521739134,29.35513870416112,19.627243873517788,15.969029070872129,35.538339920948616,10526,2530,True,True
Mimika,335373,22746128B99426029309213,Mimika,100.0,17827.76875742301,18.811832516077455,64.9034236137546,48.17342959451278,22.11111997208477,22.916557090982444,52.87780738484964,78.82731490821061,15762,9914,True,True
Minahasa,356624,22746128B63895215577583,Minahasa,100.0,1110.666869109651,321.08997748882354,70.40301568958247,53.522868972567714,47.30215217207929,22.36216323053331,27.022606495149727,29.300903049923328,23710,5869,True,True
Minahasa Selatan,243684,22746128B98133955192071,Minahasa Selatan,100.0,1485.219121691575,164.07275966286954,38.66824807417974,50.65243277310924,15.150343509272467,19.897742296918768,28.762482168330955,32.73109243697479,7010,1428,True,True
Minahasa Tenggara,122605,22746128B38105670760260,Minahasa Tenggara,100.0,703.5292561802185,174.2713596100872,35.46490228945217,50.60281419529838,14.800721041155628,22.836320976491866,33.13791223766694,27.528933092224232,7338,2212,True,True
Minahasa Utara,237708,22746128B90516172699691,Minahasa Utara,100.0,1015.3955249344476,234.10384836524275,91.40406673559824,49.62851206698407,76.86044401772526,19.73792398620916,37.2594682422452,32.800525365293055,33850,6091,True,True
Mojokerto,1170760,22746128B795310620233,Mojokerto,100.0,974.1019040667652,1201.8865737888505,55.17683812236421,49.48817659783678,46.426414434757966,21.83123392330384,12.523808774469693,21.552556538839724,127096,20340,True,True
Morowali,178654,22746128B26432903559283,Morowali,100.0,4135.369031469492,43.20146488510985,54.84171098130843,35.14788298969072,44.75900000000001,19.129468078055964,50.02088785046729,48.61469072164948,21400,27160,True,True
Morowali Utara,131353,22746128B96188894812390,Morowali Utara,100.0,8949.94843141293,14.676397412410932,35.052690713853615,37.6015537990821,18.094718844525104,18.67571545130036,58.35813672111313,71.37888832228455,6612,3922,True,True
Muara Enim,654720,22746128B32446581498560,Muara Enim,100.0,6751.481889954112,96.97426589771241,86.14908995357234,38.198780055401656,68.64461110394633,17.185032132963993,19.070544235233427,30.37571560480148,15508,10830,True,True
Muaro Jambi,435795,22746128B29274337249674,Muaro Jambi,100.0,5418.1572504633705,80.4323277923929,79.0191486892022,50.80373419308615,63.37446588528396,16.25047107289988,20.55885850178359,27.632813899337275,17661,5583,True,True
Mukomuko,207380,22746128B39825953538573,Mukomuko,100.0,4259.246920948215,48.689358435653226,30.090107301704965,46.120755887421005,22.950548554484808,18.370327398047092,29.3180133432172,37.47099368179207,5396,1741,True,True
Muna,234539,22746128B70372019871554,Muna,100.0,1941.858168650575,120.78070571085246,34.33133957805908,64.3312886925795,16.147780759493667,25.305627915194343,39.9893670886076,48.832508833922255,5925,2830,True,True
Muna Barat,94305,22746128B23924471266348,Muna Barat,100.0,814.1849294453526,115.82749396288067,31.390474217311237,57.85488707926168,10.458703499079192,25.184680781758964,60.64917127071824,68.52008686210641,1086,921,True,True
Murung Raya,121996,22746128B54866510421393,Murung Raya,100.0,23865.253060133466,5.1118670182380095,51.54672206824876,28.0130758513932,14.794736185692017,12.831527089783284,38.747704832842544,62.68343653250774,11546,2584,True,True
Musi Banyuasin,666458,22746128B84212736337013,Musi Banyuasin,100.0,14755.872301321491,45.16561179106396,46.536264413518886,37.11187135180699,23.29080348677168,16.419278895796015,31.137972166998008,30.16415551575177,32695,9491,True,True
Musi Rawas,419572,22746128B56500782521831,Musi Rawas,100.0,6320.222357893712,66.38563902359715,31.527108429561203,48.4274368878211,17.144866859122406,21.6151753834781,25.773210161662817,30.03363518758085,8660,5411,True,True
Musi Rawas Utara,203119,22746128B26074251210079,Musi Rawas Utara,100.0,5833.840291154741,34.81737412454857,77.9503849416755,34.099514627659566,18.86573992576882,18.401205452127655,33.01086956521739,37.40791223404256,3772,3008,True,True
Nabire,178421,22746128B29146649309875,Nabire,100.0,12264.533233923285,14.547720373613041,54.09008272148801,47.30355518580144,15.341273535650188,20.115648225180248,68.03246859193996,91.9597892401553,12258,7212,True,True
Nagan Raya,180440,22746128B8237986094994,Nagan Raya,100.0,3423.920014028605,52.6998292193436,50.70211453287197,39.52346439106616,20.706275778546715,18.118061946902657,33.7242214532872,36.0480404551201,2890,2373,True,True
Nagekeo,172974,22746128B97494513966687,Nagekeo,100.0,1412.4878708784229,122.46052059365853,61.298396158463376,40.569723113964685,15.891231692677067,20.98175200642055,41.96158463385353,46.056179775280896,833,1246,True,True
Natuna,87825,22746128B6637644559706,Natuna,100.0,1987.865770295129,44.18054846176109,40.50875747172859,33.56610034207526,19.213535137318257,16.193775370581527,32.929321486268165,72.71493728620298,4952,877,True,True
Nduga,116376,22746128B7624163664321,Nduga,100.0,6972.34928329282,16.691074309610507,96.90862619047617,6.026758620689654,15.331466666666664,0.9456206896551724,93.12857142857143,158.86206896551724,420,29,True,False
Ngada,178843,22746128B33181363193361,Ngada,100.0,1712.9689026145627,104.40528122082418,51.35669230769231,43.85571810287241,17.174156882591095,23.815547094188375,42.59615384615385,37.716098864395455,988,1497,True,True
Nganjuk,1145155,22746128B46559606025688,Nganjuk,100.0,1290.2470012235676,887.5471122304691,38.95827322561699,55.73945710267229,32.607218373199125,24.91751898734177,17.40399387329702,24.242237368819648,86833,9243,True,True
Ngawi,889988,22746128B17210029520680,Ngawi,100.0,1393.2755169639536,638.7738743442123,37.496112316506185,59.380745153933844,34.81408257439881,24.989793614595207,16.603392132620545,31.355188141391107,57427,7016,True,True
Nias,159325,22746128B114560941686,Nias,100.0,862.9853771141845,184.62074123756463,59.883688362919145,42.33185040431266,22.82166272189349,12.316014824797849,44.44970414201183,65.10916442048517,507,742,True,True
Nias Barat,100960,22746128B23007358779926,Nias Barat,100.0,456.6171016810652,221.1042898487798,45.92055602358888,22.86824049586777,14.940377422072451,4.787880165289256,51.56444818871103,55.147107438016526,1187,1210,True,True
Nias Selatan,404325,22746128B70987165350034,Nias Selatan,100.0,2500.723834531461,161.68318725036463,67.8871851851852,27.646462730627302,18.524259259259257,9.413171217712176,55.87453703703704,72.07232472324723,2160,1355,True,True
Nias Utara,164166,22746128B50601239773602,Nias Utara,100.0,1202.5761242135504,136.5119402377623,40.54944,33.007639908256884,20.992912,9.478696100917432,40.4,48.0848623853211,250,872,True,True
Nunukan,216970,22746128B24707766174966,Nunukan,100.0,14184.356120249096,15.296429260561297,73.52784663461536,33.29079070707069,17.740419551282045,14.331411313131316,67.64342948717949,62.76444444444444,6240,2475,True,True
Ogan Ilir,446141,22746128B50783491652131,Ogan Ilir,100.0,2384.257632952215,187.1194596733169,109.0298081123245,36.141750650477015,99.0234291371655,17.930071769297484,8.263650546021841,30.535559410234168,8333,4612,True,True
Ogan Komering Ilir,825692,22746128B6554957987252,Ogan Komering Ilir,100.0,17944.15769247883,46.01453097718167,39.4536077047952,35.62699900090827,20.002537868381616,16.391019255222524,31.27110389610389,35.497729336966394,32032,11010,True,True
Ogan Komering Ulu,390470,22746128B55651065226017,Ogan Komering Ulu,100.0,3866.795606783332,100.98025334336715,45.23640989804101,39.569384067796605,21.19432936189712,17.107339322033898,24.891854737083285,29.3071186440678,8729,2950,True,True
Ogan Komering Ulu Selatan,439948,22746128B38683854456350,Ogan Komering Ulu Selatan,100.0,4232.228711915137,103.9518490013074,32.26006117044752,33.31198895366678,15.818718333480447,15.6325777845965,33.238149880836794,40.50843817121817,11329,3259,True,True
Ogan Komering Ulu Timur,685776,22746128B29719145941035,Ogan Komering Ulu Timur,100.0,3395.786106929177,201.94911528752027,23.617833998686137,37.312131481702224,17.72839031785335,17.627772201692697,25.922583253322557,29.910716414352127,19789,8389,True,True
Pacitan,589357,22746128B46377021687256,Pacitan,100.0,1418.6156422505564,415.4451582565502,28.68401720328548,51.2938862928349,26.6594567809617,22.340115459501565,20.89895599669427,37.7095015576324,59291,5136,True,True
Padang Lawas,290481,22746128B18337582481574,Padang Lawas,100.0,3831.149226919644,75.82085238521371,49.84509354026845,35.908646405430424,23.767914848993293,17.31808515890157,37.02369966442953,43.53224313483493,4768,3241,True,True
Padang Lawas Utara,290671,22746128B6160471216736,Padang Lawas Utara,100.0,3957.259257589704,73.4526047143655,40.68968202080238,51.75136572343835,16.230854011887068,25.42101494927924,45.981426448737,37.22690870261612,2692,1873,True,True
Padang Pariaman,474990,22746128B3683779023382,Padang Pariaman,100.0,1354.305344467039,350.72592893512,43.88129957097556,37.01241752738654,28.820803767953745,16.556109859154923,24.492072374556987,36.347417840375584,5361,3195,True,True
Pakpak Bharat,58261,22746128B12751431115951,Pakpak Bharat,100.0,1322.9319053832537,44.03930373356728,49.10692753623188,36.16010352941175,24.338818840579712,15.968517647058825,29.36231884057971,29.26823529411765,138,425,True,True
Pamekasan,901666,22746128B37926964335633,Pamekasan,100.0,798.082844565417,1129.7899787471156,37.9860631940772,68.93710226928896,34.07135510312004,26.22939122541604,14.618433809271988,23.837367624810888,45384,6610,True,True
Pandeglang,1350503,22746128B79755996911998,Pandeglang,100.0,2780.353303151256,485.73071575807944,30.62069277108433,43.889914028714735,27.693820814120688,19.44333575505968,7.945931875650752,26.793115377962287,40338,5781,True,True
Pangandaran,438741,22746128B59857718615465,Pangandaran,100.0,1133.233138175489,387.15863948911266,28.442885695250784,47.92814012409515,24.22375078519083,19.511328335056884,12.049443228323977,31.046794208893484,21014,3868,True,True
Pangkajene dan Kepulauan,366192,22746128B84288456023840,Pangkajene Dan Kepulauan,100.0,881.648103830956,415.349387594455,42.62818355481728,44.67186773090079,20.353299003322263,25.54450893196504,26.94933554817276,32.475864690231845,4816,2631,True,True
Paniai,243966,22746128B72382312298600,Paniai,100.0,4709.036005398205,51.80805577199442,80.24296992019644,35.17069916434541,17.928821976672804,19.67291782729805,97.2486187845304,60.362116991643454,1629,718,True,True
Parigi Moutong,469668,22746128B5854376167403,Parigi Moutong,100.0,5781.753003488999,81.23280252832988,32.13233663037153,33.40045868529348,15.203905161665691,14.80574252761533,43.41983210040728,48.39029672947802,12031,18468,True,True
Pasaman,327768,22746128B82897046958257,Pasaman,100.0,3935.4724912820575,83.2855523005379,41.087465460526325,31.408158415841587,21.248091940789475,16.42025192519252,33.66940789473684,39.70957095709571,6080,909,True,True
Pasaman Barat,468987,22746128B95220206981522,Pasaman Barat,100.0,3737.6160008498255,125.47757712225278,42.82723167396062,36.2762907098121,24.064809901531728,14.795981210855953,36.07503646973012,41.059498956158656,10968,1916,True,True
Paser,292393,22746128B17746000623405,Paser,100.0,10620.68954320596,27.53051003049453,49.54696927905651,41.74482819097109,24.851821190793228,21.604393796687237,26.623359330416587,33.89006170834686,10514,6158,True,True
Pasuruan,1681022,22746128B81373906315979,Pasuruan,100.0,1491.1515922872377,1127.3313918550193,40.76186943389972,50.56250845685468,34.86048736894433,22.324966972138515,13.753713244155218,22.520511716587738,132768,16259,True,True
Pati,1392603,22746128B37789509782125,Pati,100.0,1581.5309710327326,880.541086774062,47.23108548743108,52.97553478978212,43.63557541870221,22.547150992774643,15.30533616478194,24.646128463332765,95593,17577,True,True
Pegunungan Arfak,42914,22746128B30560862468368,Pegunungan Arfak,100.0,3285.5965162530365,13.061250761532955,71.28761978361666,18.53862601626016,16.563214064914987,6.7306178861788615,78.47140649149921,144.1138211382114,1294,123,True,True
Pegunungan Bintang,86070,22746128B40289792856685,Pegunungan Bintang,100.0,15286.654173008215,5.630401461686403,82.32121095334688,3.208454545454545,17.472292089249493,0.6838181818181818,95.91413116970926,737.3636363636364,1479,22,True,False
Pekalongan,1041335,22746128B43405552393366,Pekalongan,100.0,892.6201058098918,1166.6049120136906,43.904871138082314,41.9584584672753,42.538607098754554,21.79907406454931,12.712333439179574,24.31040246881831,85029,15554,True,True
Pelalawan,427434,22746128B44055596539945,Pelalawan,100.0,13066.77609820594,32.71151175986603,38.32941257668712,38.62690552584669,20.297182302317655,15.785400932400933,29.551593387866397,34.845468257232966,23472,7293,True,True
Pemalang,1576420,22746128B43122306499336,Pemalang,100.0,1137.3508755745745,1386.0454445982764,40.24848356478604,53.60291304250907,37.730788178397496,22.694964690934214,15.65412038554108,25.819776643409643,88499,44861,True,True
Penajam Paser Utara,523288,22746128B96540112180119,Penajam Paser Utara,100.0,3233.72633232329,161.82198065723162,60.04471523668639,52.48807728951975,37.15517888841927,21.381616857865065,16.261411665257818,30.35543457126191,9464,10286,True,True
Penukal Abab Lematang Ilir,210633,22746128B2393542990028,Penukal Abab Lematang Ilir,100.0,1923.4813619699432,109.50612996025038,43.18762349313149,39.657735455167696,26.75684945332212,17.649191649555096,17.333333333333332,33.2217659137577,3567,2922,True,True
Pesawaran,512164,22746128B94381737455512,Pesawaran,100.0,1359.1019622775298,376.8400121663688,43.587046762220766,41.72951353364789,41.80025029931927,17.683395083188472,13.424314986487872,26.978892475788427,29233,4027,True,True
Pesisir Barat,177385,22746128B87029922352837,Pesisir Barat,100.0,2684.438440233343,66.07899713452953,40.02044010133912,41.69783589329022,30.87343648208469,21.10202344381567,19.06225117625769,55.5626515763945,2763,1237,True,True
Pesisir Selatan,547763,22746128B35993392452682,Pesisir Selatan,100.0,6100.4221094492,89.79099973287862,29.600224255832664,44.775689553122234,22.41322013274337,17.395669428825094,30.5684835076428,34.62918023083753,9944,3379,True,True
Pidie,461254,22746128B35853530005037,Pidie,100.0,2975.825643975726,155.00034450397473,49.24651247273073,32.494651663904115,24.46106525656834,15.715914573505035,24.187897182965,30.763483360958816,10543,7843,True,True
Pidie Jaya,170580,22746128B77747107542596,Pidie Jaya,100.0,942.5240670110676,180.98211596966783,47.38721706304268,40.6337316112084,25.303267270668176,19.717146672504377,24.653831634579088,38.367338003502624,2649,2284,True,True
Pinrang,435066,22746128B71783882222616,Pinrang,100.0,1910.2986245864247,227.74763819671952,39.5466810513927,50.133106263982086,23.74998577873675,25.03210439970172,26.09219301686936,30.807233407904548,10196,2682,True,True
Pohuwato,157527,22746128B36723886609479,Pohuwato,100.0,4360.543214656093,36.12554497121841,30.13357194244604,50.83196739130435,10.912237260191844,18.982993311036797,36.86930455635492,53.653010033444815,6672,1196,True,True
Polewali Mandar,513066,22746128B50766380968306,Polewali Mandar,100.0,2085.743031011993,245.98715775215257,41.5247217859064,41.44761680697536,24.562153630984405,17.96911891160553,24.05992469069392,29.609440769693325,9295,6652,True,True
Ponorogo,968994,22746128B39928875112308,Ponorogo,100.0,1416.6284038661709,684.0142392708519,38.0763602189404,51.67860613135722,35.25923225125363,20.92954613744797,16.991680723375445,30.619835549690382,87147,9851,True,True
Poso,258768,22746128B71918225941207,Poso,100.0,7313.172276834867,35.38382390083589,28.724656410900412,51.52678812145479,17.93413311565993,24.676162996329676,41.45447695592114,47.7349015682349,7963,5994,True,True
Pringsewu,434739,22746128B80903663444835,Pringsewu,100.0,603.7215414286396,720.098539090122,55.00951206405846,45.62741437571592,53.056798755363,19.767467640320728,12.119663565693896,30.624856815578465,47082,3492,True,True
Probolinggo,1200981,22746128B57336658570108,Probolinggo,100.0,1725.4334787660796,696.0459587574859,33.808840892181784,53.610773527842014,29.29220427490856,24.150907489770507,16.990498480996962,25.96584237680128,64516,5621,True,True
Pulang Pisau,142028,22746128B75083695068268,Pulang Pisau,100.0,9740.566887430805,14.581081536770972,48.8267608040201,48.29852354740062,18.72054221105527,17.76215107033639,31.693299832495807,44.16452599388379,5970,1635,True,True
Pulau Morotai,82247,22746128B67952855762127,Pulau Morotai,100.0,2342.9540771144816,35.10397442415652,47.272748091603056,39.274717073170734,18.39405930710511,18.88459024390244,52.05578391074575,43.55609756097561,1703,615,True,True
Pulau Taliabu,63085,22746128B98781354669228,Pulau Taliabu,100.0,2990.444597968367,21.09552540878315,47.69258930540244,23.7038891966759,16.59414994487321,13.253786703601106,53.28500551267916,49.59279778393352,3628,361,True,True
Puncak,126152,22746128B1222572676249,Puncak,100.0,7965.687735083529,15.836925096170262,79.16377094972064,26.429384615384613,15.262885474860337,7.061615384615385,88.93016759776536,139.84615384615384,358,13,True,False
Puncak Jaya,239596,22746128B50358350022934,Puncak Jaya,100.0,4419.6904911319625,54.211035926779374,56.82553193960512,8.052115976331361,13.86951858304297,0.8017976331360946,88.05807200929152,133.88402366863906,1722,845,True,True
Purbalingga,1057643,22746128B86887436396051,Purbalingga,100.0,807.9918344312332,1308.9773373075025,54.1795292508918,61.07517469581563,47.96876575505351,22.97977653576022,13.563512824868354,27.841527351864677,58870,10109,True,True
Purwakarta,1075243,22746128B43709097539954,Purwakarta,100.0,988.8541800983968,1087.362547117925,70.89612366297054,44.582996587427765,61.86450744512334,20.775687012835927,10.972210907445124,22.098887036103463,66285,25787,True,True
Purworejo,808153,22746128B47019757463267,Purworejo,100.0,1089.796675698999,741.5630988979188,42.64472020910748,49.31344918006812,40.631904874558586,18.621953339142834,13.849862672236712,29.46225144577359,86654,12623,True,True
Raja Ampat,73137,22746128B90221566890304,Raja Ampat,100.0,7798.8176356342,9.377960021250388,57.82456680851063,26.080669158878504,18.11780595744681,15.364566355140182,53.20510638297873,188.5570093457944,1175,535,True,True
Rejang Lebong,294879,22746128B47928451075254,Rejang Lebong,100.0,1506.9537930492834,195.67885980320585,35.96361855877616,39.29712015191622,21.43564975845411,18.375650822879503,23.7944847020934,40.12210841293589,4968,8689,True,True
Rembang,674717,22746128B94981829239468,Rembang,100.0,1039.3217422830649,649.1897287916423,36.07082754880694,55.64472910402888,30.917455410942395,24.889391611545403,16.61352133044107,26.45444978953698,24894,6652,True,True
Rokan Hilir,691826,22746128B71759944188311,Rokan Hilir,100.0,9178.085015941388,75.37803352206583,35.386264505323595,39.544845464324126,20.6689873190573,14.008591609896024,33.61891374566336,31.827536751523844,16718,5578,True,True
Rokan Hulu,609692,22746128B35208725321264,Rokan Hulu,100.0,7241.139049686012,84.19835550961244,35.230851815902284,40.23788465553237,19.479241608023944,18.37838517745303,21.54096902046429,28.48982254697286,12363,3832,True,True
Rote Ndao,157788,22746128B61006797400672,Rote Ndao,100.0,1285.9915057003775,122.69754450210415,88.05836266666665,35.88867738231917,27.458290666666667,22.25332032146958,53.153333333333336,46.050516647531566,750,871,True,True
Sabu Raijua,97742,22746128B67076907647447,Sabu Raijua,100.0,461.020629378241,212.01220459878445,102.71634104046248,36.3928569023569,33.14194508670521,17.165515151515148,26.95953757225433,50.82154882154882,346,594,True,True
Sambas,667834,22746128B87993072617697,Sambas,100.0,5817.765257992071,114.79218744389397,40.71945023143141,49.403997140678605,26.178700004325812,18.962522302706827,30.3574858329368,37.879527258863895,23117,5246,True,True
Samosir,146539,22746128B81816662901100,Samosir,100.0,1238.2047132928874,118.34795848118968,58.11692762645916,45.84519443133553,34.27599221789883,19.663704105710234,35.2,29.126474752241624,1285,2119,True,True
Sampang,1038386,22746128B2542813239591,Sampang,100.0,1226.2431410579425,846.8026977946082,30.294374508626344,54.04855912849455,28.60987429023804,30.171814542590887,16.931125791657568,23.86678041737761,36632,7619,True,True
Sanggau,522799,22746128B74989070523542,Sanggau,100.0,12757.125514678488,40.980940369243974,41.17537690779014,40.779900834105646,20.927677662957077,14.720664874884154,29.594197138314787,39.41668211306766,25160,5395,True,True
Sarmi,43846,22746128B27261093121909,Sarmi,100.0,14037.746786373806,3.1234357384591482,54.46769823788547,48.62648484848486,15.419266519823788,17.41469696969697,67.7511013215859,96.48484848484848,454,99,True,False
Sarolangun,314735,22746128B44731308508060,Sarolangun,100.0,5870.5418491619785,53.61259796571053,58.45187204930018,41.88639824253075,24.645705347817007,17.503825659050964,26.323271359933152,32.339191564147626,9574,2845,True,True
Sekadau,227866,22746128B16160803458764,Sekadau,100.0,5700.99731939905,39.96949783235816,44.482915655246565,34.14508169149448,19.94088700261177,14.781009130225854,32.023045014595176,38.1119654012494,13018,2081,True,True
Seluma,222168,22746128B87861638449066,Seluma,100.0,2453.4780354390423,90.55226775659466,67.64057888949972,46.19022351959968,70.83910472787244,19.512481234361964,19.051951621770204,33.20350291909925,3638,1199,True,True
Semarang,1107054,22746128B46914217687538,Semarang,100.0,1003.9227994806986,1102.728218317831,51.256720272696185,60.824792252886006,47.105546168860776,21.737542478354975,11.930764518151252,25.15597943722944,140376,22176,True,True
Seram Bagian Barat,233187,22746128B92585048181027,Seram Bagian Barat,100.0,4991.369643163775,46.7180386688802,54.93932989690722,45.95041051314142,19.26628350515464,21.201420525657078,46.14819587628865,85.42803504380475,2328,799,True,True
Seram Bagian Timur,151788,22746128B38603798591380,Seram Bagian Timur,100.0,5811.279283011031,26.11955003500593,56.27647064522378,23.559849297573443,15.129857585739202,9.19137803320562,57.78628172834722,202.234993614304,5161,783,True,True
Serang,1738298,22746128B3242616561013,Serang,100.0,1467.1497813489318,1184.812908741852,50.37289620120513,47.44119638993633,45.390565706051866,22.122892625332263,8.393515850144093,27.93398034246152,76340,16177,True,True
Serdang Bedagai,708267,22746128B52277249956552,Serdang Bedagai,100.0,1940.5358381372785,364.9852716350067,32.979624217119,51.727973205128194,26.04027965669218,25.532415256410264,21.85775922059847,23.555641025641027,21555,7800,True,True
Seruyan,180308,22746128B10156150641021,Seruyan,100.0,16608.958560420077,10.856068990965056,37.864693667763134,36.700894832458616,16.561700041118424,13.734194590230116,29.478104440789476,70.20912394025031,9728,4954,True,True
Siak,496891,22746128B48036345674071,Siak,100.0,7821.285419417959,63.53060569383714,32.951329577674976,38.55482275049525,20.575489553797937,15.73570461891356,23.426503506939262,27.93639870712126,13402,9591,True,True
Siau Tagulandang Biaro,74938,22746128B24839603722983,Siau Tagulandang Biaro,100.0,220.0113664149733,340.6096749504118,41.06682971745711,29.345707224334603,15.195248738647832,8.080057984790876,56.65943491422805,44.71768060836502,3964,1052,True,True
Sidenreng Rappang,336245,22746128B89870320898123,Sidenreng Rappang,100.0,1980.6320028655505,169.76651872408678,46.51291147540984,48.77518825385044,26.07344126625212,23.308137038411587,25.2616167326173,24.48812395620709,8845,10778,True,True
Sidoarjo,2215288,22746128B7257810863239,Sidoarjo,100.0,726.0998159237403,3050.941415240166,69.09642490308161,63.60944095788606,60.65278894170888,24.239285511229028,10.412925702487142,21.83927386931272,328369,73871,True,True
Sigi,276556,22746128B27078250924142,Sigi,100.0,5427.923679510623,50.95060585393752,63.68819449281672,43.57216445182724,51.991259251197214,20.423688419553866,34.67120156726165,40.3623635500712,9188,4214,True,True
Sijunjung,252768,22746128B5140836931072,Sijunjung,100.0,3067.745643273596,82.39535782708207,46.584748595505616,38.69943444055944,27.52383473782771,15.7126368006993,30.976357677902623,33.15340909090909,4272,2288,True,True
Sikka,350343,22746128B25889265457696,Sikka,100.0,1694.8620665170165,206.7088566799796,50.31520602739726,36.075431143114315,21.781384657534243,20.9834707470747,30.383013698630137,49.6978697869787,1825,3333,True,True
Simalungun,1082872,22746128B18371020983209,Simalungun,100.0,4403.9824056455545,245.8847243830594,40.77512850367848,50.556120868482914,39.71955262357877,24.693103581800585,25.87970450538092,24.86737657308809,32894,7231,True,True
Simeulue,101604,22746128B32199422560180,Simeulue,100.0,1837.4799955747928,55.29529586427778,59.84156457564576,40.85707723577236,21.520132841328415,12.376060975609755,30.745387453874535,75.89430894308944,271,492,True,True
Sinjai,276173,22746128B62270956264702,Sinjai,100.0,871.0650804031454,317.05208510044037,30.408663262328567,39.318370338248045,17.478837758972865,21.657483376698472,21.379632331485265,33.05319456490315,3427,3459,True,True
Sintang,454581,22746128B74245273608062,Sintang,100.0,22400.50051200684,20.293341202637016,46.62632443213296,37.770258620689674,18.67478083102493,17.120356387147336,31.742382271468145,52.1189263322884,18050,5104,True,True
Situbondo,707572,22746128B65817775308435,Situbondo,100.0,1658.0920678841794,426.73866771638467,30.47169735379668,57.55489567120622,26.609664932485163,24.4097531614786,17.14571854234162,27.206225680933848,42287,4112,True,True
Sleman,1190034,22746128B68764842139539,Sleman,100.0,574.6429814890753,2070.9101795975284,63.818387770153386,62.898824994958666,55.08479236042431,22.233244141964104,12.422875223888711,26.526124218592457,294231,99180,True,True
Solok,420412,22746128B59065860162276,Solok,100.0,3246.0423875926795,129.515252667968,36.71769571230983,28.94849889462049,21.388156984785606,14.757589535740602,32.96011987090825,32.8249815770081,4338,2714,True,True
Solok Selatan,201979,22746128B25846553351835,Solok Selatan,100.0,3610.29700331076,55.9452587459643,59.25721980952381,44.3725387263339,23.82084,16.31225387263339,30.35923809523809,37.713425129087774,2625,1162,True,True
Soppeng,241460,22746128B93867843889604,Soppeng,100.0,1361.280734024955,177.37707877938243,33.55416959798993,49.225554804442304,16.064635929648244,20.0314487365202,36.8821608040201,25.254305488491877,3980,6213,True,True
Sorong,125222,22746128B25112391877259,Sorong,100.0,7797.964167076169,16.058293846578643,60.266997096188746,43.45143462109956,21.270393829401087,23.56866121842496,32.980036297640645,129.99034175334324,2755,1346,True,True
Sorong Selatan,58288,22746128B99267537228675,Sorong Selatan,100.0,5645.155743464656,10.325313002653553,44.37300792393028,39.3585711297071,15.35648415213946,14.960529288702926,46.676703645007926,130.72384937238493,1262,478,True,True
Sragen,1018657,22746128B28263166501815,Sragen,100.0,977.7776158622332,1041.8084679732806,38.82786114695076,46.12917040845471,35.47383369582581,21.19052944872893,15.778793575896094,25.006512425021423,81381,17505,True,True
Subang,1687343,22746128B90150108137034,Subang,100.0,2170.9992987822943,777.2195048365168,54.300810437345994,45.387004448575794,48.52838947744179,21.22518126286435,11.639298956726009,23.402031737600424,86842,15061,True,True
Sukabumi,2875411,22746128B66929526216355,Sukabumi,100.0,4164.150013993627,690.5157091692616,48.1504898469293,45.73999293105214,41.66353252494372,20.174354062083804,11.64791670970274,25.59911894273128,145227,19522,True,True
Sukamara,70142,22746128B44365111458704,Sukamara,100.0,3283.4756994952463,21.36211941839028,34.227763953488385,29.78709615384616,18.448253100775197,16.13149928774929,18.5562015503876,41.62179487179487,2580,1404,True,True
Sukoharjo,959018,22746128B41417259813102,Sukoharjo,100.0,493.5528321636134,1943.090865867191,62.13806419319639,55.933299064337646,56.713909705230485,22.10152956171606,12.36734693877551,25.719185423365488,147539,34521,True,True
Sumba Barat,160172,22746128B3578697728098,Sumba Barat,100.0,710.0553913836418,225.5767675925713,57.13633948339482,43.535177489177485,20.33512525625256,21.616168831168835,47.18060680606806,45.36623376623377,4878,1155,True,True
Sumba Barat Daya,342287,22746128B80160169684098,Sumba Barat Daya,100.0,1405.7510828111976,243.49047579284104,66.96774388489207,37.14965652374366,18.887106474820143,18.47612770862148,48.05035971223022,43.11802674043338,695,2169,True,True
Sumba Tengah,96036,22746128B11743482298506,Sumba Tengah,100.0,1814.394145767639,52.930064960813034,51.19917777777777,28.243158004158005,26.807688888888887,20.271945945945948,46.62222222222222,59.2016632016632,135,481,True,True
Sumba Timur,266655,22746128B15873256673931,Sumba Timur,100.0,6985.763637903372,38.171202723376254,53.06643233499724,40.93192085174769,23.98105712701054,20.428075934110083,37.35024958402662,51.00401767778224,3606,2489,True,True
Sumbawa,550684,22746128B848155691224,Sumbawa,100.0,6646.474038820834,82.85355464921038,32.79985759459748,48.80996928769657,14.742871744024011,22.40746586493987,42.47304105477543,35.51822386679001,18658,5405,True,True
Sumbawa Barat,160732,22746128B87271379033569,Sumbawa Barat,100.0,1753.0868465782794,91.68513260693325,32.20093160210018,44.76937259242861,19.548660280970637,22.556425946424618,36.29090393075067,28.782820456054903,7047,4517,True,True
Sumedang,1203722,22746128B19624873108228,Sumedang,100.0,1557.520005733475,772.8452896713434,51.099412950528006,44.01241707556427,45.91034712178604,21.57542139352307,9.26736111111111,23.011907098462544,69696,15285,True,True
Sumenep,1165227,22746128B46307112426649,Sumenep,100.0,2089.844200054539,557.5664444122632,45.90806664059977,62.215305811368715,39.94958642027776,24.04083507991955,22.3061557554018,25.134751773049647,58823,9447,True,True
Supiori,25524,22746128B73598541988454,Supiori,100.0,670.9449239397005,38.04187063541136,13.954617647058823,53.31886046511627,10.55939705882353,11.127883720930235,63.45588235294117,250.9883720930233,68,86,False,False
Tabalong,273602,22746128B29828162207979,Tabalong,100.0,3159.3458849423746,86.60083763034714,35.16668254860097,55.85703543488265,20.72152736262501,22.844132535664976,23.409315653444207,30.312011044638748,17798,4346,True,True
Tabanan,470510,22746128B4646422714630,Tabanan,100.0,861.5399737424655,546.1267199897175,79.96059468185376,47.72661902627095,69.64761204804779,20.028985295436204,19.215412998576213,23.261723303147136,49867,11153,True,True
Takalar,325192,22746128B33549586615312,Takalar,100.0,573.0492341327744,567.4765458715432,113.83172491257815,33.196290011830314,91.21547271378616,16.473740127316766,14.692698950937798,22.76435130415188,9437,17751,True,True
Tambrauw,32755,22746128B68810971865676,Tambrauw,100.0,11736.140783068524,2.790951523626483,44.3749849187935,24.17567073170731,17.77272389791183,12.831853658536588,59.27610208816705,254.30487804878047,862,82,True,False
Tana Tidung,29486,22746128B22343651246279,Tana Tidung,100.0,2917.787514807804,10.105602224410866,73.62333404482392,36.04117588932806,17.954974386339384,16.710573122529645,63.52508004268943,59.73320158102767,937,506,True,True
Tana Toraja,298208,22746128B55477646801661,Tana Toraja,100.0,2022.1733956713892,147.4690551454866,49.9830348537005,42.7677751798561,21.381439328743543,22.87422482014389,23.47934595524957,32.02218225419664,2324,1668,True,True
Tanah Bumbu,352072,22746128B5843223707622,Tanah Bumbu,100.0,4705.356045955303,74.8236682966083,47.44433669500073,55.304085325067305,24.465940030255005,25.85663120972347,21.15772223022619,26.442695162737586,27764,12259,True,True
Tanah Datar,397235,22746128B43985885623603,Tanah Datar,100.0,1315.2188010780956,302.02959361163573,37.50150508193321,26.26514907898844,21.466612528521047,13.648600842959723,18.31819124662933,27.44583203246956,4821,6406,True,True
Tanah Laut,372716,22746128B54914598899185,Tanah Laut,100.0,3842.123173217068,97.00782176848308,38.706555622296975,56.38974409665019,22.53578183565593,21.794205930807248,20.30520182604517,24.787891268533773,16648,7284,True,True
Tangerang,3468939,22746128B62876177397182,Tangerang,100.0,1026.6228271912094,3378.980973461159,70.6498348537353,45.88117945698541,60.18505608752616,21.499584829363663,7.122519908082008,22.830263508709564,490002,180032,True,True
Tanggamus,685539,22746128B69666188283297,Tanggamus,100.0,2775.187390247571,247.02440001316234,29.4658260108603,47.926072681704255,22.080931248036624,19.1158320802005,17.91168155095813,30.298872180451127,22283,1596,True,True
Tanjung Jabung Barat,344131,22746128B97653119007289,Tanjung Jabung Barat,100.0,4929.383103093293,69.8121839595,41.72979979787772,49.41732602277521,22.81394118241537,21.950560944749046,22.448206164729665,32.84479122733024,9895,2371,True,True
Tanjung Jabung Timur,243255,22746128B13468366985120,Tanjung Jabung Timur,100.0,4951.3846851264725,49.12868126177245,42.901370520622045,53.633732229795534,20.73292478025693,21.3304040895813,32.3567444219067,28.98831548198637,11832,1027,True,True
Tapanuli Selatan,324079,22746128B22210082667393,Tapanuli Selatan,100.0,4142.997261284039,78.22331987242448,44.09610839884153,52.035408336157225,17.314647083160942,19.74528905455778,38.381878361605295,30.78176889190105,2417,2951,True,True
Tapanuli Tengah,410849,22746128B86210793324026,Tapanuli Tengah,100.0,2334.296474320438,176.00549224134292,47.00119235886715,44.42203947368421,25.761150351644165,22.260607752489328,28.57232465310777,30.008534850640117,5261,2812,True,True
Tapanuli Utara,334715,22746128B99937545443202,Tapanuli Utara,100.0,3712.590126374637,90.15673387216889,48.80883792184725,35.88501044882451,23.017826376554176,18.94935027309427,36.45026642984014,28.902873426739493,2252,4211,True,True
Tapin,203482,22746128B54842505361870,Tapin,100.0,2191.433368797789,92.85338212752931,41.763185403963405,52.79607303770455,24.75416939786585,23.18124828076832,19.96951219512195,27.71330329618212,10496,4217,True,True
Tasikmalaya,1946197,22746128B89217704079934,Tasikmalaya,100.0,2695.224948122655,722.090748438498,35.91417201181422,45.80728993523034,32.69951667581485,17.719883632923366,12.01381374317154,23.976784804599376,76518,13741,True,True
Tebo,363894,22746128B61304276790881,Tebo,100.0,6268.868551604343,58.04779554786986,36.67591221719458,42.6128500734934,19.500911199095025,18.038727094561487,33.08676470588235,44.95100440960314,8840,2041,True,True
Tegal,1713090,22746128B39713682939315,Tegal,100.0,994.7154564685736,1722.1909932733836,61.636218689625416,35.065765334618604,58.29307800161312,19.42104568844535,12.010569654680848,22.089236352295764,106626,70543,True,True
Teluk Bintuni,92923,22746128B11480476919105,Teluk Bintuni,100.0,20754.31791831986,4.477285178231599,46.23582157979267,47.43979886148008,15.042080449700684,24.72233017077799,59.963644327639074,78.12049335863378,6849,1054,True,True
Teluk Wondama,47619,22746128B47515282892276,Teluk Wondama,100.0,6436.345007349112,7.398453617018344,60.06944857768051,55.22866203703703,12.586838074398248,26.635671296296294,58.969365426695845,62.35648148148148,457,216,True,True
Temanggung,827132,22746128B37534287210764,Temanggung,100.0,872.8685469049568,947.6020220145051,44.0406380072272,47.84069870812349,39.49662690174235,22.02645281366324,17.62229843257302,27.809174512809285,86894,9134,True,True
Timor Tengah Selatan,494692,22746128B39495189442435,Timor Tengah Selatan,100.0,3954.095422057076,125.10876627824064,46.43160030864197,30.03191268656716,18.169796296296298,21.930914552238807,31.38117283950617,56.829104477611935,648,2680,True,True
Timor Tengah Utara,283855,22746128B66987763142599,Timor Tengah Utara,100.0,2615.4775726441726,108.52893672991077,49.79949134615385,37.03374653837128,22.287731730769227,22.11127223656419,28.752884615384616,84.71626378784323,1040,4261,True,True
Toba Samosir / Toba,222422,22746128B48431928866564,Toba Samosir,82.8,2145.692432653556,103.65977742901995,54.527829402084485,47.60465790327815,34.204328853538115,22.377049983771503,22.633845309928688,27.638104511522236,3646,3081,True,True
Tojo Una-Una,174355,22746128B20933115656615,Tojo Una-Una,100.0,5447.00826217306,32.00931439939506,41.53524397834912,31.248166666666677,20.291422192151558,13.720463178294578,44.33843031123139,164.40406976744185,7390,1032,True,True
Tolikara,250038,22746128B10432975654062,Tolikara,100.0,3643.986062343117,68.61661809958275,59.211713866471015,6.9534625000000005,13.276482758620691,2.1019625,98.14600146735143,389.0625,1363,80,True,False
Toli-Toli,238049,22746128B86630799177927,Toli-Toli,100.0,3589.908751682733,66.31059908929913,32.055197319933,41.9753409715857,17.976613400335,15.97743583868011,47.59039642657733,59.05728689275894,8955,2182,True,True
Toraja Utara,286668,22746128B99951949618583,Toraja Utara,100.0,1238.8073607498618,231.40643903381164,42.04528956228957,41.38227412777525,20.79072091283201,25.546975985500683,20.81406659184437,29.735840507476208,2673,2207,True,True
Trenggalek,750476,22746128B86316028646138,Trenggalek,100.0,1248.0771530076736,601.3057752010511,25.573667426210655,49.71385357899886,23.671050406746456,20.36865644872004,17.48479492312279,26.986466655796512,46958,6133,True,True
Tuban,1237088,22746128B21203406788524,Tuban,100.0,1977.277200404132,625.6522857529303,37.381133733133424,59.50776907008572,34.56234073347941,24.619337535114887,16.108972436858494,25.30965929554131,86710,13883,True,True
Tulang Bawang Barat,304759,22746128B7348236235073,Tulang Bawang Barat,100.0,1306.476985518469,233.26779069059364,32.37106402288646,34.90204012263396,26.81974440169676,14.169349506798184,20.26881720430108,24.197147427352707,10137,7502,True,True
Tulangbawang,460341,22746128B49188423555547,Tulangbawang,100.0,3092.73776798677,148.84579118379662,28.80686472282218,41.82636938202247,22.94160431965443,19.152453125,17.07458603311735,31.9561095505618,13890,5696,True,True
Tulungagung,1125005,22746128B2754392863745,Tulungagung,100.0,1150.4011475483649,977.9240940410335,36.89154369316262,49.712274444508246,32.73037456818014,22.011140954240112,12.647602008426157,21.71665614055233,121289,17417,True,True
Wajo,393747,22746128B4429389080756,Wajo,100.0,2504.7285284753407,157.20146735410032,47.14233533042847,34.951960572429904,21.042568990559182,16.225635879088784,25.562182280319536,27.85484813084112,11016,13696,True,True
Wakatobi,121788,22746128B42553963392557,Wakatobi,100.0,463.2019232154871,262.92636946445225,35.01944627871785,32.473601081081085,14.690452194249554,14.939836756756756,60.97468702710138,51.79567567567568,7269,925,True,True
Waropen,36783,22746128B12986554349068,Waropen,100.0,10796.339479981987,3.4069880877867105,90.82030235478803,41.180103448275865,17.989034536891683,21.244592672413788,95.88257456828885,83.9375,3185,464,True,True
Way Kanan,509245,22746128B8708218473228,Way Kanan,100.0,3650.971766680149,139.48204273928408,34.32648032629558,35.74959849272349,19.12841026871401,14.538247141372144,26.144625719769675,36.37006237006237,10420,3848,True,True
Wonogiri,1059766,22746128B32217084331074,Wonogiri,100.0,1922.75300010492,551.1711592399914,36.67222276618363,47.9940585531005,35.76035560155915,21.12559183891661,15.423142915757474,22.589094796863865,107238,28060,True,True
Wonosobo,941526,22746128B92173297199140,Wonosobo,100.0,993.8601522305069,947.3425389748709,33.05725863058348,46.74498856664806,30.673766193820875,20.20805688789738,16.635139787908003,29.68167875069716,87132,7172,True,True
Yahukimo,382349,22746128B87177062694316,Yahukimo,100.0,14614.752225939435,26.161853043350014,56.76105533980581,10.102678571428568,11.871388673139158,3.7851607142857144,93.09838187702266,112.1875,3090,112,True,True
Yalimo,111371,22746128B10188501962211,Yalimo,100.0,4003.5171224330666,27.818289917120737,74.2931610576923,2.9978965517241383,14.3239375,0.607448275862069,92.90384615384616,803.8275862068965,416,29,True,False
