nama_bps,penduduk,shapeID,nama_geo,skor,luas_km2,kepadatan,d_mbps_fixed,d_mbps_mobile,u_mbps_fixed,u_mbps_mobile,lat_ms_fixed,lat_ms_mobile,tests_fixed,tests_mobile,data_cukup_fixed,data_cukup_mobile,Q_mobile,D_mobile,U_mobile,rank_mobile,Q_fixed,D_fixed,U_fixed,rank_fixed,kelas,data_memadai_mobile,muncul_di_7_skenario,tier_kualitas,status_prioritas
Aceh Barat,210738,22746128B65593111718524,Aceh Barat,100.0,2810.080457345788,74.99358228306703,46.07007818248712,41.89679044735957,27.34250754231053,21.35321796165489,25.27299484915379,33.285906491759164,5436,2973,True,True,0.4193227091633466,0.3047808764940239,0.1769793336613704,278.0,0.4814814814814815,0.3177387914230019,0.1647534474045195,314.0,Jarang: perluasan cakupan,True,0,Menengah-bawah,-
Aceh Barat Daya,163464,22746128B227561513795,Aceh Barat Daya,100.0,1893.1534335108845,86.34482398864697,46.07128721017203,46.916885755603765,21.147531039640988,20.26450903832249,31.902019446522065,33.37237888647867,1337,1383,True,True,0.5109561752988048,0.2878486055776892,0.1407705830066189,353.0,0.4044834307992203,0.3011695906432748,0.1793514813674863,298.0,Jarang: perluasan cakupan,True,0,Menengah-atas/baik,-
Aceh Besar,439753,22746128B90547447297479,Aceh Besar,100.0,2897.326691492086,151.7788799210395,88.33252069985214,43.72516028518616,82.47930273533758,22.66437047795089,10.934542878265155,31.40784261948772,32464,7574,True,True,0.499003984063745,0.5547808764940239,0.2779430088411295,121.0,0.9337231968810916,0.5643274853801169,0.0374018216431266,484.0,Jarang: perluasan cakupan,True,0,Menengah-bawah,-
Aceh Jaya,102242,22746128B21424895456858,Aceh Jaya,100.0,3878.163465010479,26.363509666997427,53.77124349881798,30.769939516129032,18.94570449172577,14.846080645161289,30.8983451536643,30.38508064516129,846,496,True,True,0.3266932270916334,0.1035856573705179,0.0697449246837351,447.0,0.5048732943469786,0.1111111111111111,0.0550140784058912,468.0,Jarang: perluasan cakupan,True,0,Menengah-bawah,-
Aceh Selatan,246901,22746128B12428400263117,Aceh Selatan,100.0,4216.151608404183,58.56074992840502,50.77165451230628,31.86747519661221,29.13811668185962,11.246441318814275,36.96581586144029,31.798850574712645,2194,3306,True,True,0.3067729083665338,0.3147410358565737,0.218187012904557,217.0,0.4259259259259259,0.327485380116959,0.1880008663634394,289.0,Jarang: perluasan cakupan,True,0,Menengah-bawah,-
Aceh Singkil,140432,22746128B17710719872214,Aceh Singkil,100.0,1887.1706631746083,74.41404359463948,26.35985425623388,38.00863530552861,15.265284178847809,14.658852570320075,42.74204643164232,33.60329776915616,2326,1031,True,True,0.347609561752988,0.2300796812749004,0.1501017840986651,336.0,0.1042884990253411,0.2436647173489278,0.2182532897111741,246.0,Jarang: perluasan cakupan,True,0,Menengah-bawah,-
Aceh Tamiang,316534,22746128B57620394058931,Aceh Tamiang,100.0,2143.063096835926,147.70167078484016,45.896935714285725,39.066513665869486,21.25132807881773,18.128429449948754,35.451847290640394,29.05978817902289,8120,5854,True,True,0.4661354581673307,0.4850597609561753,0.2589562070443326,150.0,0.3703703703703703,0.4961013645224171,0.3123601184030034,112.0,Jarang: perluasan cakupan,True,0,Menengah-bawah,-
Aceh Tengah,232425,22746128B89023327523654,Aceh Tengah,100.0,4706.022086538294,49.38884597776498,45.42779968701097,31.142410760034164,25.315703798548867,15.276471961286648,22.49694124342012,41.55792769712497,7029,3513,True,True,0.1942231075697211,0.2699203187250996,0.2174955556261011,218.0,0.5058479532163742,0.2826510721247563,0.1396726058160345,366.0,Jarang: perluasan cakupan,True,0,Rendah,-
Aceh Tenggara,241328,22746128B65780821536148,Aceh Tenggara,100.0,4146.757009707713,58.196802811219015,40.248776938078976,30.08583013803681,23.352452218430027,19.58765567484663,26.92759629449049,36.00958588957055,4102,2608,True,True,0.2270916334661354,0.3027888446215139,0.2340280313010904,197.0,0.3732943469785574,0.3157894736842105,0.1979070483225607,275.0,Jarang: perluasan cakupan,True,0,Rendah,-
Aceh Timur,454431,22746128B94735591859977,Aceh Timur,100.0,5440.522283112851,83.52709103141336,40.931046195319205,44.52707323872275,24.871934934444305,20.26811936137861,27.155863252052445,32.730106436898126,8161,3946,True,True,0.4860557768924303,0.4910358565737052,0.2523650418247329,168.0,0.378167641325536,0.5019493177387914,0.3121283281845506,113.0,Jarang: perluasan cakupan,True,0,Menengah-bawah,-
Aceh Utara,645802,22746128B43339434023645,Aceh Utara,100.0,2710.32541653556,238.27470902940075,36.4492728044124,39.90423331770589,23.978721316443423,19.39027316768245,27.41457058003516,33.164244413189564,16499,6399,True,True,0.3904382470119522,0.6414342629482072,0.3909937937493055,26.0,0.3138401559454191,0.6491228070175439,0.4454020040354297,20.0,Padat: upgrade kapasitas,True,0,Menengah-bawah,-
Agam,574226,22746128B89220130199878,Agam,100.0,2237.9099731386427,256.5903038515239,86.53432156721132,31.836946709916592,58.11557163491919,17.035845227062094,27.635460864855105,32.437442075996294,11077,4316,True,True,0.2948207171314741,0.6394422310756973,0.4509214139458105,5.0,0.6881091617933723,0.6471734892787524,0.201847482036258,269.0,Padat: upgrade kapasitas,True,7,Menengah-bawah,Inti
Alor,231970,22746128B1117135414899,Alor,100.0,2943.8824950801068,78.79730267348452,54.86667657550533,32.37929562043796,18.939011890606416,19.0318199513382,38.8359096313912,99.82116788321169,841,822,True,True,0.0786852589641434,0.3306772908366534,0.30465786257361,79.0,0.4522417153996101,0.3440545808966861,0.1884587470408749,287.0,Jarang: perluasan cakupan,True,0,Rendah,-
Asahan,835180,22746128B26461090721788,Asahan,100.0,3781.143910340474,220.8802467729392,28.2674541219576,47.21030288826957,21.460925830934308,24.34940473777552,19.63093431038995,30.28198631872308,19105,7894,True,True,0.5886454183266931,0.6633466135458167,0.2728706687195442,129.0,0.3255360623781676,0.6705653021442495,0.4522721141167843,16.0,Padat: upgrade kapasitas,True,0,Menengah-atas/baik,-
Asmat,123246,22746128B62198228854475,Asmat,100.0,25024.52838059434,4.9250079012707,91.50420930232556,22.352646055437106,20.7146011627907,12.669562899786778,76.56744186046512,258.0319829424307,2580,469,True,True,0.0109561752988047,0.0776892430278884,0.0768380660624434,438.0,0.5,0.0838206627680311,0.0419103313840155,482.0,Jarang: perluasan cakupan,True,0,Rendah,-
Badung,578791,22746128B76986430159502,Badung,100.0,394.9666300520784,1465.4174706447563,107.40915423644292,71.47090829457268,95.95729579772512,26.397895500475,10.59989340622518,29.14689154010339,379009,81053,True,True,0.8117529880478087,0.7798804780876494,0.1468101696798464,341.0,0.9571150097465888,0.7846003898635477,0.0336475800721209,491.0,Padat: upgrade kapasitas,True,0,Menengah-atas/baik,-
Balangan,142029,22746128B67876608948387,Balangan,100.0,1902.3735675163484,74.65883800384513,38.76716147859922,49.76138933764136,24.89738897535668,21.7676408185245,19.598962386511023,35.17124394184168,7710,1857,True,True,0.5438247011952191,0.2330677290836653,0.1063197409564927,403.0,0.4415204678362573,0.246588693957115,0.1377147384380379,369.0,Jarang: perluasan cakupan,True,0,Menengah-atas/baik,-
Bandung,3812412,22746128B73297609500416,Bandung,100.0,1754.4664651429348,2172.9751327503463,55.72574960631821,42.62943340889115,48.566883337456176,21.53410847943748,7.58083297635496,20.453655302154168,331486,64851,True,True,0.7111553784860558,0.9392430278884464,0.2712952969000491,136.0,0.827485380116959,0.9405458089668616,0.1622579027165053,320.0,Padat: upgrade kapasitas,True,0,Menengah-atas/baik,-
Bandung Barat,1931072,22746128B79756617117888,Bandung Barat,100.0,1276.939082920077,1512.2663452230358,64.14545471060384,42.662615731201406,52.88332370247599,21.49932651995934,8.040537899787937,22.706887551855825,138167,36399,True,True,0.6723107569721115,0.8994023904382471,0.2947244885001826,91.0,0.8742690058479532,0.9015594541910332,0.1133539664626153,394.0,Padat: upgrade kapasitas,True,0,Menengah-atas/baik,-
Banggai,385116,22746128B48169474795911,Banggai,100.0,8319.511456152424,46.29069892261522,41.653145265979965,41.103123078770416,15.719428390009876,17.687252521613832,38.33286298857063,56.17279058597502,14174,8328,True,True,0.2619521912350597,0.3745019920318725,0.2764003745972286,123.0,0.2923976608187134,0.3859649122807017,0.2731096747717246,159.0,Jarang: perluasan cakupan,True,0,Menengah-bawah,-
Banggai Kepulauan,126865,22746128B2571336805106,Banggai Kepulauan,100.0,2364.9814630256933,53.64312658827031,35.39730621585708,45.15873926868045,11.820164624243318,20.139346581875994,51.27565332939613,75.2114467408585,6773,629,True,True,0.3027888446215139,0.1822709163346613,0.1270813161695846,372.0,0.145224171539961,0.1939571150097465,0.1657898536681752,312.0,Jarang: perluasan cakupan,True,0,Menengah-bawah,-
Banggai Laut,75832,22746128B78411617556279,Banggai Laut,100.0,683.8647550747455,110.88742245783914,52.84814597441686,36.07579695431472,16.766968397291198,16.682989847715735,38.39804364183597,61.01015228426396,1329,197,True,True,0.1743027888446215,0.2260956175298804,0.1866865208488753,265.0,0.4385964912280702,0.2348927875243664,0.1318696351013987,375.0,Jarang: perluasan cakupan,True,0,Rendah,-
Bangka,350006,22746128B27585215741432,Bangka,100.0,3016.294109859981,116.03841908382324,47.36342845273264,50.40879259058951,41.42432025480059,19.89298215251488,18.13709379615953,34.449972958355865,10832,3698,True,True,0.5597609561752988,0.4780876494023904,0.2104728496373074,223.0,0.5857699805068226,0.4892787524366472,0.2026739471594298,267.0,Jarang: perluasan cakupan,True,0,Menengah-atas/baik,-
Bangka Barat,221628,22746128B47433230053131,Bangka Barat,100.0,2887.5347156509547,76.75336292884604,50.02856288857006,55.54440295169946,36.46976901004304,19.85490250447227,21.647297943567672,29.22942754919499,4182,2236,True,True,0.7360557768924303,0.3217131474103585,0.0849143267567181,425.0,0.5779727095516569,0.3352826510721247,0.141498428766306,362.0,Jarang: perluasan cakupan,True,0,Menengah-atas/baik,-
Bangka Selatan,213683,22746128B19321376976921,Bangka Selatan,100.0,3706.3730980832593,57.65285748229329,41.40578417266185,43.94102755267424,20.79848201438849,19.492981091302,31.52086330935252,36.212857914640736,1390,1851,True,True,0.4272908366533864,0.2798804780876494,0.1602901144426278,317.0,0.3362573099415205,0.2914230019493177,0.1934298872587576,282.0,Jarang: perluasan cakupan,True,0,Menengah-bawah,-
Bangka Tengah,216454,22746128B66707258567489,Bangka Tengah,100.0,2125.703995607666,101.82697141617932,62.97055202129009,54.51880865800867,45.79600304143961,24.61593593073593,18.887086554302368,32.95800865800866,7891,2310,True,True,0.6424302788844622,0.3565737051792829,0.1274999603180901,371.0,0.7202729044834308,0.3693957115009746,0.1033299894744441,413.0,Jarang: perluasan cakupan,True,0,Menengah-atas/baik,-
Bangkalan,1123061,22746128B23347682239441,Bangkalan,100.0,1303.3189439398827,861.6931451982352,45.39588090693236,54.825739549839234,34.04590288188462,28.16412574954376,13.938265282368825,22.54375597462414,21479,11507,True,True,0.8705179282868526,0.7948207171314741,0.1029150330947127,407.0,0.6257309941520468,0.7992202729044834,0.2991233769934908,126.0,Padat: upgrade kapasitas,True,0,Menengah-atas/baik,-
Bangli,263972,22746128B25936754669599,Bangli,100.0,523.3115126456958,504.4261278821135,42.414093409941664,42.66280557432432,36.317128231914346,19.45752640765766,16.37120222860625,25.45152027027027,11487,17760,True,True,0.6115537848605578,0.5318725099601593,0.2066038634307391,230.0,0.5467836257309941,0.5419103313840156,0.2456026355687789,204.0,Padat: upgrade kapasitas,True,0,Menengah-atas/baik,-
Banjar,618481,22746128B79736905882971,Banjar,100.0,4725.111346006233,130.8923652186003,76.56775039543227,48.3578017155585,56.17566586937232,19.05923970427942,21.471085220477605,21.82379981991375,51842,21101,True,True,0.7938247011952191,0.5846613545816733,0.1205427294804844,385.0,0.7387914230019493,0.5935672514619883,0.15504485710703,335.0,Jarang: perluasan cakupan,True,0,Menengah-atas/baik,-
Banjarnegara,1077335,22746128B31481808975183,Banjarnegara,100.0,1149.186836096787,937.4759318155508,29.256189275990582,47.961694454340346,24.80849271761254,22.336342358389736,15.436969680949488,30.628191426196413,75662,8421,True,True,0.593625498007968,0.795816733067729,0.3233996285773242,61.0,0.4005847953216374,0.8001949317738791,0.4796490088118281,7.0,Padat: upgrade kapasitas,True,0,Menengah-atas/baik,-
Bantaeng,209844,22746128B71175962379658,Bantaeng,100.0,398.84058474727743,526.1350224249776,50.48825741417093,30.56898165225744,32.10906428049671,20.660810374639773,25.020891161431702,24.10413064361191,6845,10410,True,True,0.4621513944223108,0.4800796812749004,0.2582101871398866,152.0,0.5428849902534113,0.4892787524366471,0.2236566616888767,239.0,Padat: upgrade kapasitas,True,0,Menengah-bawah,-
Bantul,1033465,22746128B15956982783625,Bantul,100.0,515.6310946556745,2004.272067203632,47.787122640459536,57.9380838641189,40.17437151686884,22.013388153955034,11.12619314631077,28.379470847623715,116813,36738,True,True,0.7719123505976095,0.850597609561753,0.1940108093522325,253.0,0.7183235867446394,0.8538011695906432,0.2404956510835242,213.0,Padat: upgrade kapasitas,True,0,Menengah-atas/baik,-
Banyu Asin,908792,22746128B71070720422540,Banyu Asin,100.0,11103.644076786406,81.84628341068193,71.23720890018285,42.183702242372256,58.55292100777836,19.081931258424213,17.710372183829683,31.071437323857367,32269,8161,True,True,0.4770916334661355,0.5647410358565736,0.2953078125744035,90.0,0.760233918128655,0.5740740740740741,0.1376434914446609,370.0,Jarang: perluasan cakupan,True,0,Menengah-bawah,-
Banyumas,1883070,22746128B18933963724988,Banyumas,100.0,1389.831315659251,1354.8910423757338,62.829438097440246,55.23275737164819,59.401430640440175,22.15786118788323,13.246806207335082,26.727390866660567,190291,54635,True,True,0.7868525896414342,0.8884462151394423,0.1893700099998413,262.0,0.8021442495126705,0.8908382066276803,0.1762574619351064,303.0,Padat: upgrade kapasitas,True,0,Menengah-atas/baik,-
Banyuwangi,1774328,22746128B51270543903443,Banyuwangi,100.0,3603.001945255754,492.458240922224,31.61053909280686,55.088030189878445,27.210635212684128,23.091782315086995,22.420922744060647,31.80789703662509,118321,12587,True,True,0.6693227091633467,0.7888446215139442,0.2608530023332962,148.0,0.3216374269005848,0.7933723196881091,0.5381940882094775,1.0,Padat: upgrade kapasitas,True,0,Menengah-atas/baik,-
Barito Kuala,340257,22746128B88870484763637,Barito Kuala,100.0,2379.7486424192102,142.9802265394301,64.96924666931005,45.80794347440071,52.002893457573336,20.840381177863275,20.755154639175256,24.65847883989345,25220,6758,True,True,0.6762948207171314,0.4950199203187251,0.1602405120553642,318.0,0.6978557504873295,0.5058479532163742,0.1528390501920818,342.0,Jarang: perluasan cakupan,True,0,Menengah-atas/baik,-
Barito Selatan,138163,22746128B74191069780867,Barito Selatan,100.0,6633.74446375493,20.82730209987542,38.74937606359158,44.15719420289856,17.362531291983885,16.447288198757764,32.88821092700403,36.46169772256729,17864,2415,True,True,0.4282868525896414,0.1314741035856573,0.0751654735639116,440.0,0.2875243664717349,0.1423001949317738,0.1013854215352112,415.0,Jarang: perluasan cakupan,True,0,Menengah-bawah,-
Barito Timur,121622,22746128B29529230943245,Barito Timur,100.0,3292.7376227254545,36.93643828788624,30.91609497700744,47.1490599226804,14.882875751680228,13.46619201030928,28.09453484258932,38.82796391752577,11308,1552,True,True,0.4621513944223108,0.1334661354581673,0.0717845748480182,442.0,0.2475633528265107,0.145224171539961,0.1092719887220759,401.0,Jarang: perluasan cakupan,True,0,Menengah-bawah,-
Barito Utara,166579,22746128B89680104320053,Barito Utara,100.0,9934.419205817989,16.76786499027993,47.762327592246606,33.214473653481235,19.083772477814104,15.778561815793314,38.35643390938814,49.47146401985112,17128,6851,True,True,0.1633466135458167,0.1573705179282868,0.1316645767527499,367.0,0.3830409356725146,0.1676413255360623,0.1034278353453484,412.0,Jarang: perluasan cakupan,True,0,Rendah,-
Barru,191690,22746128B81694843903641,Barru,100.0,1188.6715360380135,161.26406176000987,45.949035671342685,45.9935914074074,23.45790681362725,18.237895407407407,32.20120240480962,24.98488888888889,4990,3375,True,True,0.6733067729083665,0.3844621513944223,0.1256011809336359,376.0,0.3957115009746588,0.3957115009746588,0.2391239089710414,216.0,Jarang: perluasan cakupan,True,0,Menengah-atas/baik,-
Batang,855842,22746128B4894534477686,Batang,100.0,859.2567975108437,996.0258708214634,35.997975459550254,47.06158057935536,31.544632282044105,22.35921134230925,13.013343286367451,24.947572419420645,64302,9804,True,True,0.6952191235059761,0.7788844621513944,0.2373890890620783,190.0,0.5097465886939572,0.7836257309941521,0.3841751878070745,56.0,Padat: upgrade kapasitas,True,0,Menengah-atas/baik,-
Batang Hari,323914,22746128B80000441774097,Batang Hari,100.0,5463.887067399572,59.28270405379378,91.95736926315789,48.1064612447499,67.63160263157893,16.3061981672394,36.58831578947368,31.636502481863307,9500,2619,True,True,0.5816733067729083,0.3725099601593625,0.1558308598276218,327.0,0.6159844054580896,0.384990253411306,0.1478422610565834,347.0,Jarang: perluasan cakupan,True,0,Menengah-atas/baik,-
Batu Bara,450421,22746128B96384374000902,Batu Bara,100.0,912.7762425728068,493.4626680580729,23.68744015837783,47.672969987389656,19.473906833043383,22.164897351828497,22.10918471414002,26.069356872635563,16669,3965,True,True,0.6882470119521913,0.6404382470119522,0.1996585371660766,244.0,0.2865497076023392,0.6481481481481481,0.4624214858132986,11.0,Padat: upgrade kapasitas,True,0,Menengah-atas/baik,-
Bekasi,3331400,22746128B74302729610221,Bekasi,100.0,1267.8879362940395,2627.5192819780923,65.00937678126624,47.76622957509383,55.12998585806964,20.37717737720165,7.43030788568587,21.72797358992329,434382,152669,True,True,0.7818725099601593,0.9422310756972112,0.2055264995793718,234.0,0.8830409356725146,0.9434697855750488,0.1103473433421109,399.0,Padat: upgrade kapasitas,True,0,Menengah-atas/baik,-
Belitung,195675,22746128B80009106787015,Belitung,100.0,2311.694398938334,84.64570407310995,50.15403968784837,56.8206590093324,26.94948963210702,23.16282950466619,30.04169453734671,33.28750897343862,4485,2786,True,True,0.652390438247012,0.3157370517928287,0.1097532182028856,397.0,0.4785575048732943,0.3284600389863548,0.1712730222784598,307.0,Jarang: perluasan cakupan,True,0,Menengah-atas/baik,-
Belitung Timur,135877,22746128B98690900191937,Belitung Timur,100.0,2554.175607912196,53.19798669249174,50.97973297002726,50.278226666666654,21.20161852861035,19.52742346666667,31.96185286103542,31.3264,1101,1875,True,True,0.6165338645418327,0.1852589641434263,0.0710405390390628,444.0,0.4639376218323587,0.1978557504873294,0.1060630241403812,406.0,Jarang: perluasan cakupan,True,0,Menengah-atas/baik,-
Belu,245054,22746128B36840991830224,Belu,100.0,1123.200186707537,218.17482128304533,69.43462096195262,41.78394085281978,29.818702081837763,22.15262861072903,33.98061737257717,50.169188445667125,1393,1454,True,True,0.2918326693227092,0.4641434262948207,0.328691211250615,59.0,0.5565302144249513,0.4746588693957115,0.2104968670322112,258.0,Padat: upgrade kapasitas,True,0,Menengah-bawah,-
Bener Meriah,177600,22746128B4257100474226,Bener Meriah,100.0,1931.7304273313728,91.93829402239578,35.282964648437506,34.54147983367983,26.290073632812504,19.07195800415801,29.03359375,37.1002079002079,5120,2405,True,True,0.2609561752988047,0.3127490039840637,0.2311352200758718,201.0,0.2797270955165691,0.3255360623781676,0.2344748051632221,224.0,Jarang: perluasan cakupan,True,0,Menengah-bawah,-
Bengkalis,604531,22746128B45456061674897,Bengkalis,100.0,8508.695245117306,71.04861351649757,41.62171864331634,41.4309342070072,26.374502460651733,17.396787376303823,18.352205719352693,32.45025407863065,22555,7478,True,True,0.4312749003984064,0.4950199203187251,0.2815302534880398,112.0,0.5019493177387915,0.5058479532163742,0.251937918219851,193.0,Jarang: perluasan cakupan,True,0,Menengah-bawah,-
Bengkayang,312147,22746128B96004883426087,Bengkayang,100.0,5632.738894010716,55.41655771260861,44.27353094359514,47.35107923211169,26.8056425935688,18.71034869109948,25.946441750131783,36.56614310645724,9485,2865,True,True,0.4830677290836653,0.3545816733067729,0.183294709607784,270.0,0.4502923976608187,0.3664717348927875,0.2014522987129942,272.0,Jarang: perluasan cakupan,True,0,Menengah-bawah,-
Bengkulu Selatan,176907,22746128B78254403614329,Bengkulu Selatan,100.0,1227.0581435251715,144.17165228354233,77.63060136830101,43.78320971004721,68.89655165336373,16.440167902899525,24.33728620296465,30.50236008091706,4385,2966,True,True,0.5169322709163346,0.3605577689243028,0.1741738226377359,282.0,0.7115009746588694,0.3723196881091618,0.1074138671348069,404.0,Jarang: perluasan cakupan,True,0,Menengah-atas/baik,-
Bengkulu Tengah,125675,22746128B16836972822517,Bengkulu Tengah,100.0,1044.9508444761225,120.26881519293488,94.32870903361344,60.90278778625952,83.69583998599438,20.06111297709924,16.42156862745098,27.55114503816793,2856,655,True,True,0.8147410358565736,0.2828685258964143,0.0524039300963476,466.0,0.8499025341130604,0.2933723196881092,0.0440344417465583,481.0,Jarang: perluasan cakupan,True,0,Menengah-atas/baik,-
Bengkulu Utara,316824,22746128B39887218554518,Bengkulu Utara,100.0,4434.97658689229,71.43758118957902,42.81037404453308,47.00189210550502,29.377972416085075,15.199816377171215,23.205882352941178,33.10467787887143,6018,10881,True,True,0.5209163346613546,0.3884462151394422,0.186098236535928,266.0,0.4629629629629629,0.4015594541910331,0.2156522994729622,252.0,Jarang: perluasan cakupan,True,0,Menengah-atas/baik,-
Berau,268689,22746128B34069275840087,Berau,100.0,22530.61462872419,11.925506890408991,54.47638732515973,35.85136632135772,21.6970987739596,15.864393541988102,45.75979968917285,41.84846815076041,17373,9074,True,True,0.245019920318725,0.2360557768924303,0.1782174092474722,274.0,0.4152046783625731,0.2446393762183235,0.143063962700774,361.0,Jarang: perluasan cakupan,True,0,Rendah,-
Biak Numfor,144454,22746128B19254678251292,Biak Numfor,100.0,2252.2535744772604,64.13753834690982,49.86309370292257,46.47431932773108,22.05764959325097,24.44124831932773,40.01657125640253,87.30798319327731,3319,2380,True,True,0.3137450199203187,0.2201195219123506,0.1510581181251091,332.0,0.3957115009746589,0.232943469785575,0.14076505971448,363.0,Jarang: perluasan cakupan,True,0,Menengah-bawah,-
Bima,559349,22746128B14082340634491,Bima,100.0,4208.850024700672,132.89829685479947,41.95369775367932,50.68748370309505,18.34755569326104,23.650960010955902,51.05979860573199,40.66639276910436,6455,3651,True,True,0.5179282868525896,0.5776892430278885,0.2784876430532849,119.0,0.239766081871345,0.5867446393762183,0.4460631761339672,19.0,Jarang: perluasan cakupan,True,0,Menengah-atas/baik,-
Bintan,172663,22746128B62804497316712,Bintan,100.0,1336.200188109894,129.21941003783152,54.09383547266686,46.59239875941515,41.52129092419209,18.00525742135578,11.191331923890065,33.24767390341161,13244,2257,True,True,0.5089641434262948,0.3416334661354582,0.1677542816780686,300.0,0.7777777777777778,0.3538011695906432,0.078622482131254,441.0,Jarang: perluasan cakupan,True,0,Menengah-atas/baik,-
Bireuen,470358,22746128B71427834061478,Bireuen,100.0,1791.1150952362696,262.6062396833042,47.76438916625062,45.1482554225879,25.21756789815276,20.924189603590133,23.02695956065901,33.085639491398645,12018,5348,True,True,0.4890438247011952,0.6215139442231076,0.3175663878351137,70.0,0.5370370370370371,0.6296296296296297,0.2914951989026063,134.0,Padat: upgrade kapasitas,True,0,Menengah-bawah,-
Blitar,1282970,22746128B45235083091424,Blitar,100.0,1754.036170656345,731.4387362490501,27.71877776817701,57.14522798948751,25.276965769586106,22.98153985983356,14.093778040690989,22.064607971966712,150451,9132,True,True,0.8984063745019921,0.796812749003984,0.0809510960143489,433.0,0.4093567251461988,0.8011695906432748,0.4732054307308231,8.0,Padat: upgrade kapasitas,True,0,Menengah-atas/baik,-
Blora,920104,22746128B85780086903212,Blora,100.0,1948.7609184571263,472.14822058750286,38.959052617784906,64.7939653976238,33.97199244573261,26.77291943456768,19.187191662555502,28.286185066342902,64864,11531,True,True,0.8127490039840638,0.7191235059760956,0.1346565927524959,359.0,0.4532163742690058,0.7251461988304093,0.3964980677815396,47.0,Padat: upgrade kapasitas,True,0,Menengah-atas/baik,-
Boalemo,157072,22746128B1718153682633,Boalemo,100.0,1840.11345580259,85.35995403147082,34.31449582482836,34.41003141361256,17.427169233624056,21.26599127399651,28.731675635553906,69.06980802792322,5389,573,True,True,0.1304780876494023,0.2778884462151395,0.2416300931731242,187.0,0.2690058479532163,0.2914230019493177,0.2130285101968696,255.0,Jarang: perluasan cakupan,True,0,Rendah,-
Bogor,5760944,22746128B99423643145371,Bogor,100.0,2993.3203118327765,1924.5999090797727,76.10976423921213,49.01577639840112,64.24529862275796,21.3757803120068,6.434554151967547,22.66025871096842,484156,203393,True,True,0.7878486055776892,0.9342629482071714,0.1982051872192505,246.0,0.9337231968810916,0.935672514619883,0.0620133830352359,461.0,Padat: upgrade kapasitas,True,0,Menengah-atas/baik,-
Bojonegoro,1335288,22746128B62232019301027,Bojonegoro,100.0,2313.908631453912,577.0703224184745,41.95961675438024,57.173208111164975,37.159391548444034,24.32521255453224,16.92521737709205,26.82614315721441,122368,12378,True,True,0.8027888446215139,0.7808764940239044,0.1539975555943556,329.0,0.5350877192982456,0.7855750487329435,0.3652234875688246,69.0,Padat: upgrade kapasitas,True,0,Menengah-atas/baik,-
Bolaang Mongondow,261398,22746128B99982169683342,Bolaang Mongondow,100.0,3237.574185282363,80.73884490069294,38.66181008849557,51.66231936758894,17.434085486725657,20.55933438735177,31.05858407079646,31.29090909090909,5650,1265,True,True,0.6444223107569721,0.3705179282868526,0.1317479087633529,366.0,0.3031189083820662,0.3840155945419103,0.2676132067226763,169.0,Jarang: perluasan cakupan,True,0,Menengah-atas/baik,-
Bolaang Mongondow Selatan,74490,22746128B14720240696101,Bolaang Mongondow Selatan,100.0,1800.0859589791962,41.38135716710009,24.835364864864868,53.238367120954,12.450306306306306,22.041011925042586,52.25855855855856,37.48892674616695,2220,1174,True,True,0.5707171314741035,0.1015936254980079,0.0436124029777305,472.0,0.0623781676413255,0.1111111111111111,0.1041802035954082,409.0,Jarang: perluasan cakupan,True,0,Menengah-atas/baik,-
Bolaang Mongondow Timur,94242,22746128B26195600949416,Bolaang Mongondow Timur,100.0,878.8342327816199,107.23524014501838,35.28857320767419,53.85102941176471,15.016679569168623,20.65147794117648,43.18646920228879,43.20588235294117,2971,544,True,True,0.5418326693227091,0.2320717131474103,0.1063276773384549,402.0,0.1725146198830409,0.2417153996101364,0.2000159593265164,273.0,Jarang: perluasan cakupan,True,0,Menengah-atas/baik,-
Bolaang Mongondow Utara,89348,22746128B96389329417801,Bolaang Mongondow Utara,100.0,1675.2669099491352,53.3335908859519,40.00016853932584,58.92345209580839,14.076816479400753,22.410122754491017,41.77858559153999,39.48802395209581,4539,334,True,True,0.6085657370517928,0.1374501992031872,0.0538027174171838,464.0,0.246588693957115,0.1471734892787524,0.1108821707723934,397.0,Jarang: perluasan cakupan,True,0,Menengah-atas/baik,-
Bombana,165590,22746128B28760414544557,Bombana,100.0,3334.0543027230046,49.666257644561625,45.260632870565125,46.027442637759705,18.52421988500912,19.689501355013554,48.59612957509466,67.44715447154472,7131,1107,True,True,0.3316733067729083,0.2091633466135458,0.139789447786543,354.0,0.2992202729044834,0.2222222222222222,0.1557288282434481,333.0,Jarang: perluasan cakupan,True,0,Menengah-bawah,-
Bondowoso,800132,22746128B61555758059649,Bondowoso,100.0,1555.4405759704453,514.4085941700438,20.535724432508108,55.893187560738575,21.02811894115799,22.948250340136045,19.61799117155469,28.27930029154519,70001,5145,True,True,0.7599601593625498,0.7111553784860558,0.1707056237202584,293.0,0.3138401559454191,0.7173489278752436,0.4922160284835979,4.0,Padat: upgrade kapasitas,True,0,Menengah-atas/baik,-
Bone,844021,22746128B25468135680533,Bone,100.0,4598.264112413759,183.55209256498088,52.089378506989206,44.229476441340125,35.55201511846931,21.32784361311708,23.147566174283728,28.98366283887771,20174,16894,True,True,0.5667330677290836,0.6523904382470119,0.2826592038221616,110.0,0.5877192982456141,0.6598440545808967,0.2720409698710714,160.0,Padat: upgrade kapasitas,True,0,Menengah-atas/baik,-
Bone Bolango,174793,22746128B41707288718561,Bone Bolango,100.0,1900.88306026943,91.95357865687168,57.554576075326366,59.08070874751491,46.7566098865825,23.039019880715703,25.17547613952493,44.70079522862823,9346,1006,True,True,0.5727091633466135,0.3087649402390438,0.1319324296439739,365.0,0.6062378167641326,0.3216374269005848,0.1266486554267409,380.0,Jarang: perluasan cakupan,True,0,Menengah-atas/baik,-
Boven Digoel,71509,22746128B21273779065212,Boven Digoel,100.0,23653.752832901544,3.0231566426336154,55.09656200456804,38.805164556962026,19.07513435442697,13.498738396624477,78.24385328496572,183.03481012658227,7443,948,True,True,0.1523904382470119,0.0268924302788844,0.022794281043158,490.0,0.3576998050682261,0.030214424951267,0.0194067310359502,501.0,Jarang: perluasan cakupan,True,0,Rendah,-
Boyolali,1118557,22746128B51975137382727,Boyolali,100.0,1084.9293560859874,1030.9952382847566,59.63768197409005,52.62761798819778,56.08635428336418,21.37507247507292,13.243800123380629,23.649901648239844,121575,29486,True,True,0.8197211155378485,0.8117529880478087,0.1463419231440771,342.0,0.7846003898635477,0.8157894736842105,0.1757207345850005,304.0,Padat: upgrade kapasitas,True,0,Menengah-atas/baik,-
Brebes,2108502,22746128B82312103386068,Brebes,100.0,1754.3785125275033,1201.8512452950174,44.11348747682349,43.41769195229824,40.22081046321611,20.22126996130153,15.285605417805852,28.99378060338019,127284,50648,True,True,0.548804780876494,0.8824701195219123,0.3981662989476358,23.0,0.5916179337231968,0.8849902534113061,0.3614141483229408,74.0,Padat: upgrade kapasitas,True,0,Menengah-atas/baik,-
Buleleng,825944,22746128B19337828575841,Buleleng,100.0,1310.2911622046188,630.3515003568483,47.7092820810267,48.41309010989011,43.45492668242758,21.607930141287287,26.03334752793645,25.039246467817897,68101,6370,True,True,0.7231075697211156,0.7290836653386454,0.2018777479722543,241.0,0.4980506822612086,0.7348927875243665,0.3688789333090144,65.0,Padat: upgrade kapasitas,True,0,Menengah-atas/baik,-
Bulukumba,463164,22746128B72639885395673,Bulukumba,100.0,1165.7531983120195,397.3087962963768,39.90948052057805,32.25203395952478,19.73998766162427,19.81052183997592,27.443674469703367,25.18642327236672,11833,56479,True,True,0.446215139442231,0.6374501992031872,0.353010269678259,41.0,0.3576998050682261,0.6452241715399609,0.4144276111548092,33.0,Padat: upgrade kapasitas,True,0,Menengah-bawah,-
Bulungan,164536,22746128B10941975158621,Bulungan,100.0,12711.14062387571,12.944235680230552,57.98416513555904,35.6383922163255,22.970846403764288,15.98249456659085,50.69056688326238,53.449583017437455,8926,3957,True,True,0.1872509960159362,0.1384462151394422,0.112522023459945,395.0,0.4288499025341131,0.1471734892787524,0.0840581527459541,438.0,Jarang: perluasan cakupan,True,0,Rendah,-
Bungo,390852,22746128B28569646979400,Bungo,100.0,4692.868470696153,83.28637430190324,37.88337704478412,39.72160264900662,20.876722311611687,18.9865618950586,33.647894877983376,34.17906265919511,7458,3926,True,True,0.3735059760956175,0.4591633466135458,0.287663092649323,100.0,0.2641325536062378,0.4707602339181286,0.3464171311970635,91.0,Jarang: perluasan cakupan,True,0,Menengah-bawah,-
Buol,155929,22746128B60636029206407,Buol,100.0,3864.73217067885,40.34665097442203,42.16486141304348,30.62603376503237,20.58389979619565,8.509306197964849,49.403872282608695,71.38390379278447,5888,2162,True,True,0.0896414342629482,0.1792828685258964,0.1632116950524595,312.0,0.2514619883040936,0.1929824561403508,0.1444547040114907,356.0,Jarang: perluasan cakupan,True,0,Rendah,-
Buru,145909,22746128B29167244459072,Buru,100.0,4459.193238881496,32.72094125183023,51.61965106535792,32.51120367346938,15.849078046444818,15.981346938775507,50.4318889154896,90.84489795918368,8354,2450,True,True,0.0856573705179282,0.1563745019920318,0.1429798733353439,348.0,0.3791423001949318,0.1695906432748538,0.1052916566920875,407.0,Jarang: perluasan cakupan,True,0,Rendah,-
Buru Selatan,83587,22746128B90083339512512,Buru Selatan,100.0,4140.547219578561,20.187428271499765,31.05715900251659,32.421615533980585,12.066054221002062,11.701466019417474,57.89590482727065,188.1864077669903,4371,515,True,True,0.0607569721115537,0.0737051792828685,0.0692270757607022,448.0,0.0799220272904483,0.080896686159844,0.0744312590008701,446.0,Jarang: perluasan cakupan,True,0,Rendah,-
Buton,125654,22746128B86741169633217,Buton,100.0,1653.5757568292142,75.9892611397168,52.49940195208518,42.44398999999999,15.654122670807457,16.09904,51.51929902395741,43.79375,4508,800,True,True,0.3446215139442231,0.2211155378486056,0.1449143664386279,343.0,0.3810916179337232,0.232943469785575,0.1441706659978948,358.0,Jarang: perluasan cakupan,True,0,Menengah-bawah,-
Buton Selatan,104395,22746128B94245100908076,Buton Selatan,100.0,539.6934608995003,193.43387971758293,37.900760229132565,59.13423237597911,15.30499099836334,24.623394255874675,56.762956901254775,40.90600522193211,3666,383,True,True,0.6015936254980079,0.3147410358565737,0.125394835002619,378.0,0.1598440545808967,0.3226120857699805,0.2710444619237068,162.0,Padat: upgrade kapasitas,True,0,Menengah-atas/baik,-
Buton Tengah,124926,22746128B6718763508294,Buton Tengah,100.0,846.1567540064638,147.6393108114879,41.2357590435316,34.23045224056604,14.27405487431024,18.54146521226415,53.49448191293685,41.3001179245283,3262,1696,True,True,0.2280876494023904,0.3057768924302789,0.2360329597942889,195.0,0.2153996101364522,0.3157894736842105,0.2477685441674361,202.0,Jarang: perluasan cakupan,True,0,Rendah,-
Buton Utara,71406,22746128B51044624823813,Buton Utara,100.0,1664.2309275097673,42.90630514050516,49.87627473065624,32.33863524130191,15.101612389813909,9.46220650953984,48.489960822722814,43.51627384960718,4084,891,True,True,0.1892430278884462,0.099601593625498,0.0807526864652942,434.0,0.3606237816764132,0.1091617933723196,0.0697954546318145,452.0,Jarang: perluasan cakupan,True,0,Rendah,-
Ciamis,1273158,22746128B17121530580660,Ciamis,100.0,1593.4094456216596,799.0149697545471,35.152724944143,43.0708252310536,32.637125984147254,19.49458105360444,12.362166187892328,27.257116451016635,75192,10820,True,True,0.5846613545816733,0.8057768924302788,0.3346702830113807,55.0,0.5058479532163742,0.8099415204678362,0.4002342601142232,42.0,Padat: upgrade kapasitas,True,0,Menengah-atas/baik,-
Cianjur,2634844,22746128B34542084533901,Cianjur,100.0,3592.529722164756,733.4230204816004,51.7963272612614,39.98147550362612,47.09607535542374,18.79354673650281,10.894518371875824,26.69488315874295,125273,24820,True,True,0.5368525896414342,0.8416334661354582,0.3898003603117411,27.0,0.7709551656920077,0.8450292397660819,0.1935495822076309,281.0,Padat: upgrade kapasitas,True,0,Menengah-atas/baik,-
Cilacap,2064810,22746128B37209370352000,Cilacap,100.0,2345.170638996848,880.4519234827309,46.83193255419952,50.4445251868549,41.97214190830309,21.38439423419148,14.648632642657953,32.51448570411674,133396,42145,True,True,0.5956175298804781,0.8476095617529881,0.3427584482785987,47.0,0.635477582846004,0.8508771929824561,0.310163811087172,115.0,Padat: upgrade kapasitas,True,0,Menengah-atas/baik,-
Cirebon,2438657,22746128B77544549346240,Cirebon,100.0,1068.3446477388704,2282.650084091653,56.458126533039824,43.56831124664457,52.511161657939,21.35847136033476,9.666320294234266,24.92282488552029,146278,50664,True,True,0.6344621513944223,0.9272908366533864,0.3389598974619451,51.0,0.8157894736842105,0.928849902534113,0.1711039294141787,308.0,Padat: upgrade kapasitas,True,0,Menengah-atas/baik,-
Dairi,342229,22746128B7455670127099,Dairi,100.0,1992.5757110415373,171.75206849285232,59.686793650793646,37.37488605058853,22.2786821219716,20.25496343601302,39.26190476190476,31.92962684698222,2394,3993,True,True,0.3794820717131474,0.5159362549800797,0.3201476960683164,64.0,0.4883040935672514,0.5263157894736843,0.2693136349646045,164.0,Padat: upgrade kapasitas,True,0,Menengah-bawah,-
Deiyai,110187,22746128B51921656212420,Deiyai,100.0,1837.225353351001,59.974678554824415,98.16655013850412,17.42921714285714,15.63817451523546,10.822805714285714,95.29085872576178,73.32857142857142,1805,350,True,True,0.046812749003984,0.1782868525896414,0.1699407549086522,294.0,0.4961013645224171,0.1881091617933723,0.0947879499485121,424.0,Jarang: perluasan cakupan,True,0,Rendah,-
Deli Serdang,2106860,22746128B17104196518473,Deli Serdang,100.0,2593.9701766420085,812.21442673925,70.29314650313445,53.3637235818556,63.47743554097711,20.836554952483585,14.599976437469383,21.88913490741648,161273,51035,True,True,0.8635458167330677,0.8436254980079682,0.1151162283138362,391.0,0.8060428849902534,0.8469785575048733,0.1642775174887619,316.0,Padat: upgrade kapasitas,True,0,Menengah-atas/baik,-
Demak,1276683,22746128B71519500232359,Demak,100.0,1002.4266474555856,1273.5924401456675,39.76126431106131,63.17072842582108,35.51236322780968,23.981794620611552,13.17042536302937,27.852718006795016,85668,17660,True,True,0.8177290836653387,0.8555776892430279,0.1559469294138188,326.0,0.5536062378167641,0.8586744639376218,0.3833069244477883,58.0,Padat: upgrade kapasitas,True,0,Menengah-atas/baik,-
Dharmasraya,252149,22746128B7219534805401,Dharmasraya,100.0,3017.018793734563,83.57554832725515,32.83227558814544,34.62282966299633,17.99189306446685,15.297272272272274,19.828292086770546,37.68752085418752,3273,5994,True,True,0.2559760956175299,0.3705179282868526,0.2756741956476881,126.0,0.361598440545809,0.3840155945419103,0.2451561544102838,205.0,Jarang: perluasan cakupan,True,0,Menengah-bawah,-
Dogiyai,129273,22746128B76462588476684,Dogiyai,100.0,4644.639181130036,27.83273252424056,77.97042402826854,34.18192941176471,17.036267373380447,19.78957647058824,93.3798586572438,116.48235294117649,1698,85,True,False,,,,,0.4619883040935672,0.1442495126705653,0.0776079249455672,443.0,Jarang: perluasan cakupan,False,0,,-
Dompu,258349,22746128B31420255543838,Dompu,100.0,2281.489794154457,113.23697377999744,42.73053821062442,41.8827378768021,19.381573858341103,21.685286697247708,27.344361602982293,34.38499344692005,4292,3052,True,True,0.4053784860557768,0.4083665338645418,0.2428235266106887,184.0,0.4083820662768031,0.4210526315789473,0.2491022878834513,200.0,Jarang: perluasan cakupan,True,0,Menengah-bawah,-
Donggala,316206,22746128B11403753934380,Donggala,100.0,4906.163738249235,64.45076374740769,33.74578281355171,54.29727596803932,17.237696432577962,22.136730178242168,42.511554857527486,45.45789797172712,4457,1627,True,True,0.5249003984063745,0.3764940239043824,0.178872160759353,272.0,0.1578947368421052,0.3888888888888888,0.327485380116959,107.0,Jarang: perluasan cakupan,True,0,Menengah-atas/baik,-
Empat Lawang,352187,22746128B47089116764549,Empat Lawang,100.0,2390.4123294409287,147.33315907986875,46.00495767195767,41.95354025423729,22.923625966625963,17.979152118644066,27.33333333333333,35.47330508474576,2457,2360,True,True,0.3944223107569721,0.5099601593625498,0.3088204949127792,76.0,0.4551656920077972,0.52046783625731,0.2835687333994506,147.0,Jarang: perluasan cakupan,True,0,Menengah-bawah,-
Ende,286911,22746128B46201528673681,Ende,100.0,2067.767347471384,138.75400457931383,49.34753849480969,34.91153491233467,22.380509948096883,14.583536245257868,25.82742214532872,61.33763970060494,2312,9753,True,True,0.1523904382470119,0.4581673306772908,0.3883470103649148,28.0,0.5175438596491229,0.4697855750487329,0.226650935330529,235.0,Jarang: perluasan cakupan,True,0,Rendah,-
Enrekang,245256,22746128B73854324401708,Enrekang,100.0,1824.7193779475776,134.40751655515436,27.533905599483628,47.91477272727272,16.326339519122158,25.14353316953317,31.36307890914959,34.6492628992629,6197,1628,True,True,0.5159362549800797,0.4213147410358565,0.2039431913779146,237.0,0.1861598440545809,0.4327485380116959,0.3521881376605907,84.0,Jarang: perluasan cakupan,True,0,Menengah-atas/baik,-
Fakfak,92700,22746128B79106566109504,Fakfak,100.0,10986.93955597058,8.437290432677813,57.27254838709677,48.88103307392996,17.459336405529957,21.946396887159533,60.159242191500255,102.01556420233464,1953,514,True,True,0.3545816733067728,0.049800796812749,0.0321423469468738,480.0,0.3908382066276803,0.0555555555555555,0.0338423218540177,490.0,Jarang: perluasan cakupan,True,0,Menengah-bawah,-
Flores Timur,300997,22746128B68993103553012,Flores Timur,100.0,1748.2749815157424,172.16799598598482,37.38768044619423,37.314545030538575,16.196622047244087,17.58676679622432,49.66469816272966,53.69239311493615,1524,9005,True,True,0.2121513944223107,0.4890438247011952,0.3852924953572165,30.0,0.175438596491228,0.5,0.4122807017543859,34.0,Padat: upgrade kapasitas,True,0,Rendah,-
Garut,2779698,22746128B66421464971893,Garut,100.0,3089.2222610832164,899.8051176237855,51.5902190416972,42.26229361523384,48.4585217886937,20.77138679641557,13.289474658198426,21.58120974516942,135093,28568,True,True,0.6862549800796813,0.8655378486055777,0.2715581895525467,134.0,0.7212475633528266,0.868421052631579,0.2420744844567558,211.0,Padat: upgrade kapasitas,True,0,Menengah-atas/baik,-
Gayo Lues,110542,22746128B71384327775718,Gayo Lues,100.0,5450.885330577422,20.2796414336403,42.91711496062992,27.62581212723657,19.685392755905514,13.010336978131212,41.640944881889766,49.38369781312127,3175,1006,True,True,0.1205179282868526,0.1015936254980079,0.0893497722258376,419.0,0.2982456140350877,0.1091617933723196,0.0766047672788208,444.0,Jarang: perluasan cakupan,True,0,Rendah,-
Gianyar,533046,22746128B44616450347238,Gianyar,100.0,365.4913987843127,1458.436509786558,80.3914577313689,56.82053670516077,73.1234847035474,23.743802074847864,14.077832212845086,22.226148833197566,111856,41738,True,True,0.8934262948207171,0.7729083665338645,0.0823717083855812,429.0,0.8606237816764133,0.7777777777777778,0.1084037253627896,403.0,Padat: upgrade kapasitas,True,0,Menengah-atas/baik,-
Gorontalo,417661,22746128B1660874628525,Gorontalo,100.0,2163.4776841607554,193.05075483688967,54.86370667244367,55.22920940683044,54.02323844598498,24.199363990413424,33.950577700751005,43.795086878370284,34620,3338,True,True,0.546812749003984,0.5617529880478087,0.2545792923921842,165.0,0.4814814814814814,0.571150097465887,0.2961519023897192,130.0,Padat: upgrade kapasitas,True,0,Menengah-atas/baik,-
Gorontalo Utara,136881,22746128B78667545948550,Gorontalo Utara,100.0,1700.1905223774077,80.50921246672802,32.50478592067244,39.66862420382165,14.609468085106386,16.259356687898087,42.328867874967166,47.76433121019108,3807,471,True,True,0.2679282868525896,0.2420318725099601,0.1771846875446421,276.0,0.1491228070175438,0.2553606237816764,0.2172805307616018,248.0,Jarang: perluasan cakupan,True,0,Menengah-bawah,-
Gowa,839803,22746128B57887954309635,Gowa,100.0,1804.8851371422247,465.2944293893998,99.43476183474792,37.79714736431635,82.50001884648796,17.770500602644542,17.29637550402103,20.652469070154915,44889,56418,True,True,0.6195219123505976,0.7081673306772909,0.2694421517118776,139.0,0.8421052631578947,0.7144249512670565,0.1128039396737458,395.0,Padat: upgrade kapasitas,True,0,Menengah-atas/baik,-
Gresik,1390172,22746128B46933486274006,Gresik,100.0,1252.8444289272015,1109.6126285929936,55.889955728308,54.02841105701614,49.531986874476885,20.605372346640703,12.029047353336546,21.167586281510328,157708,46215,True,True,0.8864541832669323,0.847609561752988,0.0962425199600006,413.0,0.7787524366471734,0.8508771929824561,0.1882545056598612,288.0,Padat: upgrade kapasitas,True,0,Menengah-atas/baik,-
Grobogan,1531863,22746128B71964042918672,Grobogan,100.0,2030.2767746748675,754.509443790153,41.14372816573808,62.02502953868596,38.97839634337643,26.46141244757796,15.506009628387517,27.37835045280496,92435,16453,True,True,0.8247011952191234,0.8157370517928286,0.1429977301947588,347.0,0.5409356725146199,0.8196881091617934,0.3762895705801214,60.0,Padat: upgrade kapasitas,True,0,Menengah-atas/baik,-
Gunung Kidul,754056,22746128B54859500646728,Gunung Kidul,100.0,1474.2359469165526,511.4893593370522,25.971150372870703,42.06862385547114,25.768513070099694,18.79049899404641,13.043818196090744,24.053377129952786,63695,24355,True,True,0.6264940239043825,0.703187250996016,0.2626446405612609,143.0,0.4249512670565302,0.7095516569200779,0.4080267812698303,38.0,Padat: upgrade kapasitas,True,0,Menengah-atas/baik,-
Gunung Mas,150923,22746128B12491014044373,Gunung Mas,100.0,10102.427717348151,14.93928036137602,57.22341313782992,27.766948952879577,19.857210205278594,14.81166884816754,30.93020527859237,34.25567190226876,8525,2292,True,True,0.2300796812749004,0.1314741035856573,0.101224583736766,408.0,0.5350877192982456,0.1403508771929824,0.0652508464142813,459.0,Jarang: perluasan cakupan,True,0,Rendah,-
Halmahera Barat,140416,22746128B52341022582766,Halmahera Barat,100.0,2176.5901813319865,64.51191464718958,50.88720029027576,45.95980520833333,23.711107402031924,20.187389062500007,42.98984034833092,80.50208333333333,2067,1920,True,True,0.3087649402390438,0.2171314741035856,0.1500888874779765,337.0,0.391812865497076,0.2300194931773879,0.1398948964353704,365.0,Jarang: perluasan cakupan,True,0,Menengah-bawah,-
Halmahera Selatan,273020,22746128B2838702785556,Halmahera Selatan,100.0,8154.722067059245,33.479988374202975,46.73730303867402,44.94985634975711,19.546294613259665,19.95760305343511,48.951864640883976,99.96721027064538,14480,5764,True,True,0.2818725099601593,0.2818725099601593,0.2024203980889192,240.0,0.3167641325536062,0.2953216374269005,0.2017743351230577,270.0,Jarang: perluasan cakupan,True,0,Menengah-bawah,-
Halmahera Tengah,64429,22746128B46636453933041,Halmahera Tengah,100.0,2265.3268331499903,28.44137060364484,50.8027511148272,29.42359895565828,16.20562026198439,22.68298621811333,58.82810758082497,41.98921417565485,14352,11682,True,True,0.1743027888446215,0.0727091633466135,0.0600357534007396,458.0,0.3362573099415205,0.0818713450292397,0.0543415067884135,469.0,Jarang: perluasan cakupan,True,0,Rendah,-
Halmahera Timur,101451,22746128B70343351071090,Halmahera Timur,100.0,6466.873275309777,15.687797747225886,56.75880762806236,36.72464775910364,16.170369988864145,18.639203081232488,54.60467706013363,64.13025210084034,3592,1428,True,True,0.1743027888446215,0.0826693227091633,0.0682598292090601,451.0,0.3976608187134503,0.087719298245614,0.0528367702882938,474.0,Jarang: perluasan cakupan,True,0,Rendah,-
Halmahera Utara,212742,22746128B41252486574655,Halmahera Utara,100.0,3477.619126838182,61.17461177912918,59.78406552623951,38.060588869565215,25.56528993911279,19.600262260869567,39.41635256596114,45.47165217391304,3449,2875,True,True,0.247011952191235,0.2878486055776892,0.2167465595784193,219.0,0.4883040935672514,0.3001949317738791,0.1536085177205521,338.0,Jarang: perluasan cakupan,True,0,Rendah,-
Hulu Sungai Selatan,244223,22746128B37889128386884,Hulu Sungai Selatan,100.0,1697.039958264933,143.91116650529287,44.181442607174105,54.252699975080986,29.84421443569553,23.008610765013707,19.767585301837272,28.33266882631448,22860,4013,True,True,0.7410358565737052,0.4252988047808764,0.1101371406803066,396.0,0.5194931773879142,0.4366471734892787,0.2098119459358814,259.0,Jarang: perluasan cakupan,True,0,Menengah-atas/baik,-
Hulu Sungai Tengah,273672,22746128B20472072190374,Hulu Sungai Tengah,100.0,1663.0675971507171,164.55855460648374,40.42215102074281,50.757603507565335,22.43176412232516,22.404175034387897,21.055915389030087,31.99621733149932,12197,2908,True,True,0.6115537848605578,0.4681274900398406,0.181842351708703,271.0,0.4434697855750487,0.47953216374269,0.2668741379113801,172.0,Padat: upgrade kapasitas,True,0,Menengah-atas/baik,-
Hulu Sungai Utara,242092,22746128B21492383155838,Hulu Sungai Utara,100.0,890.5225302163792,271.85387431037424,34.6760387847053,53.235622797927455,24.89136659766195,23.146231778929188,17.361909400876765,30.71364421416235,16424,2895,True,True,0.6683266932270916,0.4780876494023904,0.1585689116045777,320.0,0.4171539961013645,0.4883040935672514,0.2846060896230179,145.0,Padat: upgrade kapasitas,True,0,Menengah-atas/baik,-
Humbang Hasundutan,211870,22746128B305851071948,Humbang Hasundutan,100.0,2531.3428554744187,83.69865802326954,51.79981481481483,34.737779633401225,19.443085978835978,21.19254541751527,44.52513227513227,34.624032586558044,756,2455,True,True,0.2888446215139442,0.3316733067729083,0.2358712560118093,196.0,0.4025341130604288,0.3440545808966861,0.205560875331061,263.0,Jarang: perluasan cakupan,True,0,Menengah-bawah,-
Indragiri Hilir,699324,22746128B36468792556341,Indragiri Hilir,100.0,13434.19171689976,52.055532237214834,33.83831342924009,33.6079179644049,19.05060331773128,15.434917130144605,28.21121283039648,53.78642936596218,29056,7192,True,True,0.1563745019920318,0.4750996015936255,0.4008061379978095,22.0,0.2729044834307992,0.4844054580896686,0.3522090367786479,83.0,Jarang: perluasan cakupan,True,0,Rendah,-
Indragiri Hulu,480336,22746128B72920479258091,Indragiri Hulu,100.0,8003.809863818256,60.01341963049249,30.52299376139744,37.05920787292816,16.718820616181976,17.310908011049722,25.396919090123813,26.976243093922648,20838,7240,True,True,0.4860557768924303,0.4611553784860557,0.2370081427278932,192.0,0.2748538011695907,0.4717348927875243,0.3420767643605439,93.0,Jarang: perluasan cakupan,True,0,Menengah-bawah,-
Indramayu,1950316,22746128B59462811669242,Indramayu,100.0,2083.1934427840174,936.2145444321112,39.628663832238544,47.44151016668639,35.36737686143687,20.035689088544743,11.21890153729752,22.58736257240809,116308,33836,True,True,0.7609561752988048,0.850597609561753,0.2033301058713353,238.0,0.5886939571150097,0.8538011695906433,0.351173580474904,86.0,Padat: upgrade kapasitas,True,0,Menengah-atas/baik,-
Intan Jaya,147845,22746128B83440404091664,Intan Jaya,100.0,4633.199508105553,31.909914464367983,68.40955607476636,5.784025641025641,15.934184579439249,14.407897435897436,92.95443925233644,64.82051282051282,856,39,True,False,,,,,0.4171539961013645,0.1695906432748538,0.0988452287313475,419.0,Jarang: perluasan cakupan,False,0,,-
Jayapura,176375,22746128B71103770185906,Jayapura,100.0,14348.435236946603,12.29228115034049,56.032989917849136,62.527064606741575,22.07827128454069,24.537458489388268,42.173823749066464,68.82209737827715,5356,3204,True,True,0.5199203187250996,0.148406374501992,0.0712468849700798,443.0,0.4463937621832359,0.1569200779727095,0.086871934004385,433.0,Jarang: perluasan cakupan,True,0,Menengah-atas/baik,-
Jayawijaya,286601,22746128B40741333574981,Jayawijaya,100.0,2636.821585982331,108.69184381818108,41.4785214026733,28.45941639163917,10.035500622328048,13.1086600660066,107.53871962768548,263.06490649064904,18479,1818,True,True,0.0268924302788844,0.4243027888446214,0.4128922556784812,12.0,0.1647173489278752,0.4366471734892787,0.3647238086552747,71.0,Jarang: perluasan cakupan,True,6,Rendah,Pendukung
Jember,2635737,22746128B56085237319005,Jember,100.0,3306.4354983074463,797.1536119029769,36.095365852820976,54.18337546377318,29.117418581092675,22.16996534826741,18.84810503302313,27.84602730136507,174726,28570,True,True,0.7529880478087649,0.851593625498008,0.2103538039078744,225.0,0.4230019493177387,0.854775828460039,0.4932039867917573,3.0,Padat: upgrade kapasitas,True,0,Menengah-atas/baik,-
Jembrana,329703,22746128B85592790675198,Jembrana,100.0,853.4568059330597,386.3148055156057,40.94116511951729,63.578727702512,37.77899736984606,28.191667583968385,23.33472576777288,21.669700818515384,25854,14172,True,True,0.9482071713147412,0.5657370517928286,0.0293011222044094,483.0,0.4269005847953216,0.5750487329434697,0.3295600925640937,103.0,Padat: upgrade kapasitas,True,0,Menengah-atas/baik,-
Jeneponto,427667,22746128B64050318598962,Jeneponto,100.0,796.248386321889,537.1025013633279,37.685028646656136,33.356194597612905,22.67270184307531,16.041713617645,26.051079515534493,23.82306135269073,9495,14327,True,True,0.4940239043824701,0.6334661354581673,0.3205187219250488,63.0,0.3450292397660819,0.6413255360623782,0.4200494739122009,29.0,Padat: upgrade kapasitas,True,0,Menengah-bawah,-
Jepara,1255376,22746128B68650893607060,Jepara,100.0,1022.960245088054,1227.1992054705315,53.395551456325386,59.54790102192584,51.10870724222586,23.57867898095284,14.25985785294296,25.9513985510723,131976,20843,True,True,0.8376494023904382,0.849601593625498,0.1379333264551357,355.0,0.7183235867446394,0.8528265107212476,0.2402211126690454,214.0,Padat: upgrade kapasitas,True,0,Menengah-atas/baik,-
Jombang,1384556,22746128B39847330151566,Jombang,100.0,1120.5177292082717,1235.6395297540637,42.5053058628441,53.157855135516485,37.53970037218559,23.12533082485743,13.492007222611194,23.319536715856312,135685,17009,True,True,0.8326693227091633,0.8615537848605578,0.1441643783432009,344.0,0.5916179337231968,0.864522417153996,0.3530554510599653,81.0,Padat: upgrade kapasitas,True,0,Menengah-atas/baik,-
Kaimana,68923,22746128B93097528927367,Kaimana,100.0,16155.602973374009,4.266197932295795,62.6927220990392,24.63479824561404,18.179505543237248,10.177631578947368,62.42645971914265,103.4780701754386,1353,228,True,True,0.0368525896414342,0.0249003984063745,0.0239827542419961,489.0,0.4200779727095516,0.0292397660818713,0.0169567844236973,504.0,Jarang: perluasan cakupan,True,0,Rendah,-
Kampar,921673,22746128B8837306932395,Kampar,100.0,10733.295569031854,85.87045740725233,81.20399027767726,40.71771937172775,70.98251680297217,15.633828830715531,21.049069986248824,26.058010471204188,41451,14325,True,True,0.5577689243027888,0.5786852589641434,0.2559126045618323,161.0,0.7612085769980508,0.587719298245614,0.1403423275537771,364.0,Jarang: perluasan cakupan,True,0,Menengah-atas/baik,-
Kapuas,439795,22746128B40136746216216,Kapuas,100.0,17298.480475919197,25.423909378180827,41.13877731481482,34.99021739130435,19.239742335390943,14.611664003320536,28.180298353909464,41.478572169762366,19440,9637,True,True,0.2380478087649402,0.3675298804780876,0.2800401977746385,115.0,0.3723196881091618,0.3762183235867447,0.2361448346879762,221.0,Jarang: perluasan cakupan,True,0,Rendah,-
Kapuas Hulu,272260,22746128B82886709098386,Kapuas Hulu,100.0,31118.314233989007,8.749188595268562,47.689092348284966,32.56481948615282,17.345242911588556,15.39658058058058,34.09670394103112,65.2218885552219,23877,2997,True,True,0.1165338645418326,0.2330677290836653,0.2059074459135569,231.0,0.4044834307992203,0.2417153996101364,0.1439455254988239,359.0,Jarang: perluasan cakupan,True,0,Rendah,-
Karanganyar,974825,22746128B38192287274107,Karanganyar,100.0,803.7884077477185,1212.7880803003122,47.85101097782303,55.37766890662896,43.94393034394229,21.56963417037187,12.742038865034749,23.544917138237672,112955,39584,True,True,0.8555776892430279,0.8157370517928287,0.1178106299900001,390.0,0.6881091617933723,0.8196881091617934,0.2556532114344774,188.0,Padat: upgrade kapasitas,True,0,Menengah-atas/baik,-
Karangasem,506755,22746128B60715781377305,Karang Asem,100.0,839.9665438917042,603.3037907106634,55.46460269603186,44.106410833775904,50.361701537877366,18.59317429633564,19.51984051642301,23.792352628783856,26335,9415,True,True,0.6723107569721116,0.6782868525896414,0.2222673052808685,211.0,0.6549707602339181,0.6851851851851851,0.2364089235434264,220.0,Padat: upgrade kapasitas,True,0,Menengah-atas/baik,-
Karawang,2607281,22746128B53840275251202,Karawang,100.0,1914.192304569556,1362.0789268538506,57.55740189673007,43.31438787683378,50.331315229781936,20.829185326992324,8.698159211331827,21.94768660325649,189484,74436,True,True,0.6932270916334662,0.906374501992032,0.2780511420453643,120.0,0.8352826510721247,0.9083820662768032,0.1496262857707405,343.0,Padat: upgrade kapasitas,True,0,Menengah-atas/baik,-
Karimun,268590,22746128B38340908247842,Karimun,100.0,921.5521298828908,291.4539409009146,43.96160690184891,46.55021714031971,30.406656443737305,19.728430950266432,11.471992099632413,27.86145648312611,18227,4504,True,True,0.6284860557768925,0.5049800796812749,0.1876071411564895,264.0,0.6500974658869396,0.5155945419103314,0.1804078367892874,296.0,Padat: upgrade kapasitas,True,0,Menengah-atas/baik,-
Karo,437547,22746128B49947212525753,Karo,100.0,2176.217935539713,201.0584477107924,38.89840630877072,37.0495677444188,22.62342135407761,20.190293687451888,30.304240041032656,29.82935591480626,11698,7794,True,True,0.4183266932270916,0.5776892430278884,0.3360264122791701,54.0,0.317738791423002,0.5867446393762183,0.4003131067868936,41.0,Padat: upgrade kapasitas,True,0,Menengah-bawah,-
Katingan,176764,22746128B40819362853427,Katingan,100.0,19401.8017197171,9.11070026142796,46.92787937960277,39.08492959582791,17.186543405489846,16.50591655801825,29.76311091274269,45.2929161234246,8962,2301,True,True,0.2669322709163346,0.1434262948207171,0.1051411882351073,404.0,0.4376218323586744,0.1520467836257309,0.0855077915711956,435.0,Jarang: perluasan cakupan,True,0,Menengah-bawah,-
Kaur,135779,22746128B79405855452274,Kaur,100.0,2541.2459691024765,53.4300896689488,36.90091273821465,44.35689861111112,23.035737211634903,19.756927777777776,31.489468405215646,33.43472222222222,997,720,True,True,0.4631474103585657,0.1862549800796812,0.0999914683893906,409.0,0.2748538011695906,0.1988304093567251,0.1441811155569234,357.0,Jarang: perluasan cakupan,True,0,Menengah-bawah,-
Kayong Utara,139479,22746128B56151469580770,Kayong Utara,100.0,4619.247977557729,30.195174772527537,43.1402120771542,35.68832630813955,24.119206455364925,17.8204011627907,26.07172627701852,57.05741279069768,10317,1376,True,True,0.1752988047808764,0.1434262948207171,0.1182838367644957,389.0,0.4298245614035088,0.1559454191033138,0.0889162477343456,429.0,Jarang: perluasan cakupan,True,0,Rendah,-
Kebumen,1448563,22746128B26305825050369,Kebumen,100.0,1330.6978101393577,1088.5739714626109,43.31408130690375,51.2295361377009,40.421722894513536,21.47519834021253,13.505714263872855,33.02889259682094,130813,22774,True,True,0.600597609561753,0.8496015936254979,0.339332907414168,50.0,0.6062378167641325,0.8528265107212476,0.3358108287830254,98.0,Padat: upgrade kapasitas,True,0,Menengah-atas/baik,-
Kediri,1714171,22746128B82286187836997,Kediri,100.0,1522.9854298583596,1125.5334203423213,39.174821859844045,53.511245421988,36.135243414473415,22.254809041151425,15.410987727827138,23.711737279545915,172993,14799,True,True,0.8286852589641434,0.8625498007968126,0.1477674957540357,340.0,0.5165692007797271,0.8654970760233918,0.4184079431847975,31.0,Padat: upgrade kapasitas,True,0,Menengah-atas/baik,-
Keerom,65450,22746128B17774751253690,Keerom,100.0,9080.53029926554,7.207728826728742,80.1767651901215,51.419944751381216,17.59780556644454,22.498725966850824,65.62955703645629,107.96464088397792,2551,905,True,True,0.3934262948207171,0.0298804780876494,0.0181247123061538,492.0,0.4892787524366471,0.0350877192982456,0.0179200437741527,502.0,Jarang: perluasan cakupan,True,0,Menengah-bawah,-
Kendal,1087809,22746128B21241240008354,Kendal,100.0,1001.4485013829736,1086.23558625108,53.28780037248069,52.1059495531572,52.005961184562345,23.55518728329345,13.049814681639653,26.52180495189725,108462,20477,True,True,0.7559760956175299,0.8127490039840637,0.198330185235155,245.0,0.7387914230019493,0.8167641325536062,0.2133457968073747,254.0,Padat: upgrade kapasitas,True,0,Menengah-atas/baik,-
Kep. Seribu,29355,22746128B63742079715926,Kepulauan Seribu,76.9,10.78310347666094,2722.314597419589,42.511383529411766,67.33330619469027,15.633510588235294,25.48032389380532,24.628235294117648,29.7929203539823,425,565,True,True,0.7908366533864541,0.447211155378486,0.0935401819018745,416.0,0.4395711500974658,0.4483430799220272,0.2512643966424617,194.0,Padat: upgrade kapasitas,True,0,Menengah-atas/baik,-
Kepahiang,159639,22746128B30869437307727,Kepahiang,100.0,705.6155178415368,226.24077272043613,49.79233896260554,37.82260970777613,42.19259630076397,16.78435661218425,25.348612786489745,34.88905398712234,2487,2019,True,True,0.3316733067729083,0.3834661354581673,0.256280654275329,159.0,0.5263157894736842,0.3947368421052631,0.1869806094182825,291.0,Padat: upgrade kapasitas,True,0,Menengah-bawah,-
Kepulauan Anambas,50983,22746128B99951880476592,Kepulauan Anambas,100.0,637.3767943307663,79.98879227087518,41.87632247929164,45.9239552631579,20.83034961439589,17.46977105263158,45.66980862610682,67.77105263157895,3501,380,True,True,0.3256972111553785,0.1683266932270916,0.1135031586800209,393.0,0.2602339181286549,0.1773879142300194,0.1312255622812717,376.0,Jarang: perluasan cakupan,True,0,Menengah-bawah,-
Kepulauan Aru,112697,22746128B17511076551422,Kepulauan Aru,100.0,8122.684168710953,13.874354543306676,54.61717574370709,27.8628,17.230962471395873,20.43756712328767,58.52768878718536,137.7054794520548,2185,730,True,True,0.0328685258964143,0.0856573705179283,0.082841939016841,428.0,0.3732943469785575,0.0916179337231968,0.0574174769824713,464.0,Jarang: perluasan cakupan,True,0,Rendah,-
Kepulauan Mentawai,95323,22746128B86355072671334,Kepulauan Mentawai,100.0,6000.678479685166,15.88537034982105,44.31817927046262,34.38981313131312,15.635842526690388,15.68471212121212,37.77535587188612,112.46969696969695,2248,396,True,True,0.095617529880478,0.0776892430278884,0.0702607895112776,446.0,0.3391812865497076,0.0838206627680311,0.0553902625309211,466.0,Jarang: perluasan cakupan,True,0,Rendah,-
Kepulauan Meranti,217407,22746128B32802105420608,Kepulauan Meranti,100.0,3641.0961748683712,59.70921655423162,30.60668690065209,43.17184361370717,18.34298647871116,16.305209345794395,28.371020329881087,37.03489096573209,10428,1605,True,True,0.4063745019920318,0.2888446215139442,0.1714655322931381,289.0,0.2417153996101364,0.3021442495126705,0.2291113315018106,231.0,Jarang: perluasan cakupan,True,0,Menengah-bawah,-
Kepulauan Sangihe,144408,22746128B28296608330436,Kepulauan Sangihe,100.0,599.749115808737,240.7806801103354,40.8175969833662,33.15571704545455,16.90835311530871,14.14486818181818,45.05469410769665,65.1659090909091,7094,880,True,True,0.1195219123505976,0.3705179282868526,0.3262329169378264,60.0,0.2417153996101364,0.3810916179337232,0.2889759052167999,138.0,Padat: upgrade kapasitas,True,0,Rendah,-
Kepulauan Selayar,145776,22746128B1615833901652,Kepulauan Selayar,100.0,1173.4583661804284,124.22767113118508,38.281117258464086,19.09453086303053,17.908746490503713,11.492363503166647,42.23410404624278,53.59542489838359,4844,21158,True,True,0.097609561752988,0.3087649402390438,0.2786265297376232,117.0,0.2202729044834308,0.3206627680311891,0.2500294487572624,196.0,Jarang: perluasan cakupan,True,0,Rendah,-
Kepulauan Sula,111795,22746128B81791072961966,Kepulauan Sula,100.0,1787.7740495281776,62.53307012119597,44.177506124335565,34.074520710059176,13.889762653108388,19.079250493096648,54.09382944303212,72.95266272189349,4327,507,True,True,0.1175298804780876,0.1832669322709163,0.1617275916255297,314.0,0.2582846003898635,0.1939571150097465,0.1438609790666833,360.0,Jarang: perluasan cakupan,True,0,Rendah,-
Kepulauan Talaud,100244,22746128B45484540858108,Kepulauan Talaud,100.0,1013.3543350747644,98.92294978202672,31.62838793637677,30.831013440860207,11.168103077876472,13.426774193548384,84.8748192522206,131.56182795698925,4841,372,True,True,0.0587649402390438,0.2320717131474103,0.2184340327931302,216.0,0.0584795321637426,0.2417153996101364,0.2275799961241635,234.0,Jarang: perluasan cakupan,True,0,Rendah,-
Kepulauan Yapen,121653,22746128B96094928872069,Kepulauan Yapen,100.0,2433.5650233780734,49.98962379527109,61.29883150851578,46.336991344195525,22.33131670721816,20.030382892057027,71.53345498783455,97.12321792260693,4932,1964,True,True,0.3077689243027888,0.1573705179282868,0.1089367629085252,399.0,0.405458089668616,0.168615984405458,0.1002492694808279,418.0,Jarang: perluasan cakupan,True,0,Menengah-bawah,-
Kerinci,259640,22746128B64633952285861,Kerinci,100.0,3401.9194949917865,76.32161795193419,35.08904881541265,49.7493962962963,17.726699166883623,19.3469425925926,35.24433741213226,44.78333333333333,7682,1080,True,True,0.4691235059760956,0.3595617529880478,0.1908828828113839,259.0,0.2144249512670565,0.3732943469785574,0.2932507248194126,132.0,Jarang: perluasan cakupan,True,0,Menengah-bawah,-
Ketapang,613999,22746128B56277764926455,Ketapang,100.0,29743.9669260485,20.64280805336311,42.51751494423494,38.72930541688794,18.61074981946562,17.560713913967067,28.46828612693573,45.43717472118959,49852,18830,True,True,0.2589641434262948,0.4073705179282869,0.301876160695862,84.0,0.3927875243664717,0.4152046783625731,0.2521174606431608,192.0,Jarang: perluasan cakupan,True,0,Menengah-bawah,-
Klaten,1308775,22746128B24447956326165,Klaten,100.0,701.2801217132874,1866.2656468895063,47.65023724128447,48.594794952351016,42.31059350202848,19.11668240129856,13.823447706800522,26.4146245680176,145430,38196,True,True,0.7061752988047809,0.8784860557768924,0.258120902842812,153.0,0.6598440545808968,0.8810916179337231,0.2997085522990929,125.0,Padat: upgrade kapasitas,True,0,Menengah-atas/baik,-
Klungkung,210360,22746128B73073409478343,Klungkung,100.0,313.1175764429418,671.8243108218905,61.10132569824147,40.84373726668777,50.6233583567312,18.615484024043027,19.48056745973105,21.443055994938312,13534,6322,True,True,0.6573705179282869,0.5,0.1713147410358565,290.0,0.6978557504873295,0.5087719298245614,0.1537225129099551,337.0,Padat: upgrade kapasitas,True,0,Menengah-atas/baik,-
Kolaka,254270,22746128B69202393010200,Kolaka,100.0,3076.0354560713595,82.6615959507657,43.55077622250501,39.81623901757188,27.37281130703508,16.844000199680508,33.31785129976368,54.07448083067093,11002,5008,True,True,0.247011952191235,0.3675298804780876,0.2767456072125839,122.0,0.3508771929824561,0.3810916179337231,0.2473752607639957,203.0,Jarang: perluasan cakupan,True,0,Rendah,-
Kolaka Timur,131041,22746128B88028223529334,Kolaka Timur,100.0,3718.645329091758,35.238907828837085,37.547033979219314,48.31844105691056,16.92359786576804,16.576571138211385,40.50154450996912,56.15853658536584,3561,492,True,True,0.4033864541832669,0.1444223107569721,0.0861643069157632,423.0,0.2163742690058479,0.1578947368421052,0.123730378578024,382.0,Jarang: perluasan cakupan,True,0,Menengah-bawah,-
Kolaka Utara,154176,22746128B11198700179718,Kolaka Utara,100.0,3250.608881222819,47.42988333373464,33.303731266552425,40.745594298245614,14.562365944851226,17.472679824561403,39.55740769590279,47.266447368421055,6419,912,True,True,0.2858565737051793,0.1912350597609561,0.136569260805384,358.0,0.1725146198830409,0.2046783625730994,0.1693683526555179,309.0,Jarang: perluasan cakupan,True,0,Menengah-bawah,-
Konawe,282999,22746128B78249855862414,Konawe,100.0,5070.925208090045,55.80815894277232,46.02681853146855,42.129339460305054,21.048445221445224,23.196957176378568,40.0618881118881,69.98924520922957,8580,5114,True,True,0.2549800796812749,0.3366533864541832,0.2508134791511245,170.0,0.3450292397660818,0.3489278752436647,0.2285375557151488,233.0,Jarang: perluasan cakupan,True,0,Menengah-bawah,-
Konawe Kepulauan,41021,22746128B22870517920414,Konawe Kepulauan,100.0,712.0787066663718,57.607395946498166,35.446912429378536,44.904991071428576,14.825822033898309,21.36866071428572,52.3319209039548,111.5,708,112,True,True,0.2758964143426294,0.1205179282868525,0.0872674640085078,422.0,0.138401559454191,0.1276803118908382,0.1100091576135487,400.0,Jarang: perluasan cakupan,True,0,Menengah-bawah,-
Konawe Selatan,340022,22746128B90195550492320,Konawe Selatan,100.0,4251.557149714712,79.97587425652179,51.307037460148784,43.52608413205538,20.822158740701383,18.60146467873625,44.58501594048885,44.98331558395456,7528,5634,True,True,0.350597609561753,0.4193227091633466,0.272309169695719,131.0,0.3927875243664717,0.4317738791423001,0.2621784860678878,180.0,Jarang: perluasan cakupan,True,0,Menengah-bawah,-
Konawe Utara,76966,22746128B68991025063444,Konawe Utara,100.0,4679.958090215198,16.44587376987833,51.45688750222856,18.827723635307777,24.15316580495632,10.691540824622534,52.1807808878588,54.06939605110337,5609,17220,True,True,0.0926294820717131,0.0657370517928286,0.0596478627323375,459.0,0.3654970760233918,0.0711500974658869,0.0451449448833259,480.0,Jarang: perluasan cakupan,True,0,Rendah,-
Kota Ambon,369797,22746128B58388026658287,Kota Ambon,100.0,296.5852627567851,1246.848870920644,45.83807108874657,51.385639110070265,24.009422049405305,22.42834238875877,19.48783165599268,45.08220140515223,10930,8540,True,True,0.4910358565737052,0.6932270916334662,0.3528277328931287,42.0,0.5448343079922027,0.6998050682261209,0.3185272581497061,111.0,Padat: upgrade kapasitas,True,0,Menengah-bawah,-
Kota Balikpapan,735912,22746128B66626446070966,Kota Balikpapan,100.0,542.2332478270959,1357.1871569090194,74.99994487197277,70.56485871613664,63.4978465274146,24.542540238515897,22.81568133545377,23.558686690223794,93691,67920,True,True,0.9302788844621516,0.796812749003984,0.0555546737353374,463.0,0.7124756335282652,0.8011695906432749,0.2303557789861267,227.0,Padat: upgrade kapasitas,True,0,Menengah-atas/baik,-
Kota Banda Aceh,270795,22746128B56363132836699,Kota Banda Aceh,100.0,55.328162662571806,4894.342898235918,72.16871577203582,39.76987018390112,60.51652241459422,18.715397648477538,11.322026707610254,30.29140789870365,49499,16585,True,True,0.4521912350597609,0.6842629482071713,0.3748452405517373,34.0,0.8762183235867447,0.6910331384015594,0.0855372403284581,434.0,Padat: upgrade kapasitas,True,0,Menengah-bawah,-
Kota Bandar Lampung,1237627,22746128B13880384963573,Kota Bandar Lampung,100.0,175.8062165905898,7039.722621880512,78.86284087214841,48.1624766874612,73.40945094632214,21.37759563019248,10.080180483156774,23.738698518759424,107046,33823,True,True,0.750996015936255,0.9173306772908368,0.2284189933493119,206.0,0.9220272904483432,0.919103313840156,0.0716649757380238,449.0,Padat: upgrade kapasitas,True,0,Menengah-atas/baik,-
Kota Bandung,2569102,22746128B71762235135177,Kota Bandung,100.0,168.04769526752324,15287.93355904181,71.20486819604646,60.92158067527497,61.59164490357711,26.22678983949668,6.560943696277955,20.25717401195537,397416,127474,True,True,0.955179282868526,0.9840637450199204,0.0441064427548768,471.0,0.9113060428849902,0.9844054580896686,0.0873108154835866,432.0,Padat: upgrade kapasitas,True,0,Menengah-atas/baik,-
Kota Banjar,214084,22746128B64728543729693,Kota Banjar,100.0,130.47760057300326,1640.7720486875317,59.58797105960264,47.3911404140414,52.77251569536424,21.21332763276328,11.481324503311258,24.48064806480648,15100,2222,True,True,0.7121513944223108,0.5946215139442231,0.1711609736353391,291.0,0.8157894736842106,0.6023391812865497,0.110957217605417,396.0,Padat: upgrade kapasitas,True,0,Menengah-atas/baik,-
Kota Banjar Baru,284079,22746128B6711072078761,Kota Banjar Baru,100.0,323.40123284718106,878.4103805016654,75.14788709541541,61.55395979336528,56.32115000589712,24.991594510487328,17.500513891931053,22.731997261467605,59351,16067,True,True,0.9163346613545816,0.5956175298804781,0.0498325423405977,469.0,0.7836257309941521,0.6042884990253411,0.1307524822452492,377.0,Padat: upgrade kapasitas,True,0,Menengah-atas/baik,-
Kota Banjarmasin,672668,22746128B37126944555810,Kota Banjarmasin,100.0,97.89448734548613,6871.357297434342,76.55176958971013,74.60109460197073,61.42122869369696,28.27274914533597,13.650564541476268,19.727225717486856,82722,34809,True,True,0.99601593625498,0.8436254980079682,0.0033610577609879,502.0,0.8518518518518519,0.8469785575048733,0.1254783048155367,381.0,Padat: upgrade kapasitas,True,0,Menengah-atas/baik,-
Kota Batam,1316743,22746128B16651418017337,Kota Batam,100.0,1010.9840585969828,1302.4369561547207,58.109795736166525,45.498023546511625,51.922870733533806,18.63459543189369,11.316125106771352,30.127242524916944,170926,48160,True,True,0.5567729083665338,0.8595617529880478,0.3809810558562563,32.0,0.8138401559454191,0.8625730994152047,0.1605764736728109,324.0,Padat: upgrade kapasitas,True,0,Menengah-atas/baik,-
Kota Batu,227482,22746128B69457994360094,Kota Batu,100.0,196.31743344387536,1158.7457925127887,41.99403587582424,51.53196042743071,35.17871402880965,22.599940934711128,13.71764363953425,23.03968999530296,55051,8516,True,True,0.8197211155378485,0.5737051792828685,0.1034269297312741,406.0,0.580896686159844,0.5818713450292398,0.2438642089303831,207.0,Padat: upgrade kapasitas,True,0,Menengah-atas/baik,-
Kota Baubau,173182,22746128B66779214231616,Kota Baubau,100.0,290.42252192424513,596.31050254833,37.97855520504732,44.6511474820144,20.383996094336787,23.596323227132583,21.867808322066995,41.55395683453237,6657,1946,True,True,0.4003984063745019,0.4571713147410358,0.2741206488785892,127.0,0.4015594541910331,0.4668615984405457,0.2793889097880068,151.0,Padat: upgrade kapasitas,True,0,Menengah-bawah,-
Kota Bekasi,2652952,22746128B54763839112631,Kota Bekasi,100.0,214.0923403599424,12391.625013485906,77.52891218829681,60.77260843412168,63.51649598081162,25.07248732763269,7.816616426811875,19.698084379734485,370224,155772,True,True,0.9561752988047808,0.9840637450199204,0.0431262995825462,473.0,0.9317738791423,0.9844054580896686,0.0671621657566051,456.0,Padat: upgrade kapasitas,True,0,Menengah-atas/baik,-
Kota Bengkulu,409591,22746128B322693337562,Kota Bengkulu,100.0,186.642292220326,2194.524055225861,77.96988478654013,52.33138210862621,79.52623741694265,22.29115814696486,20.212789303639283,31.277422790202344,49213,9390,True,True,0.6523904382470119,0.7400398406374502,0.2572449246837352,156.0,0.760233918128655,0.7456140350877193,0.1787729557812659,299.0,Padat: upgrade kapasitas,True,0,Menengah-atas/baik,-
Kota Bima,168060,22746128B33789977192923,Kota Bima,100.0,210.9988452735203,796.4972499358555,35.718950664136635,47.09554940506984,17.67633870967742,21.11773874806001,16.604364326375713,43.01189860320745,3162,1933,True,True,0.4352589641434263,0.4800796812749004,0.271120696496881,137.0,0.4463937621832359,0.4892787524366472,0.2708677693801322,163.0,Padat: upgrade kapasitas,True,0,Menengah-bawah,-
Kota Binjai,314552,22746128B66679629138785,Kota Binjai,100.0,94.20524527245207,3339.0072823469704,83.18396565670902,68.14446498732572,90.04136024976941,25.32309188846641,12.920208614205634,20.97164131812421,28186,6312,True,True,0.9770916334661356,0.701195219123506,0.0160632370914747,495.0,0.8859649122807017,0.7076023391812865,0.0806914948189186,439.0,Padat: upgrade kapasitas,True,0,Menengah-atas/baik,-
Kota Bitung,239840,22746128B20507278995893,Kota Bitung,100.0,310.9967679320903,771.1977252843085,45.13618061556869,46.7937844251337,25.340371468457096,24.03986497326204,20.96018081499701,32.66711229946524,15043,2992,True,True,0.5288844621513944,0.5408366533864541,0.2547965508483992,164.0,0.5214424951267056,0.5497076023391813,0.2630666985853197,178.0,Padat: upgrade kapasitas,True,0,Menengah-atas/baik,-
Kota Blitar,157785,22746128B15123001204790,Kota Blitar,100.0,33.36753963539739,4728.697462386961,50.437065345640335,52.85119470924691,43.03381562085416,24.228982364156337,16.14370395461089,20.506673021925643,35427,4196,True,True,0.8824701195219123,0.5727091633466135,0.067310439516833,453.0,0.6627680311890838,0.5799220272904483,0.1955682470199757,277.0,Padat: upgrade kapasitas,True,0,Menengah-atas/baik,-
Kota Bogor,1089179,22746128B63896883204987,Kota Bogor,100.0,111.74011647975745,9747.43032595024,77.9354260083835,58.59002861262064,65.06618234085238,22.65798470943773,5.150389000342516,20.677303981368524,122622,72136,True,True,0.9322709163346614,0.9113545816733069,0.061725210710941,457.0,0.9502923976608186,0.9132553606237817,0.0453957343000126,479.0,Padat: upgrade kapasitas,True,0,Menengah-atas/baik,-
Kota Bontang,193097,22746128B2679722836886,Kota Bontang,100.0,165.58513935714396,1166.1493341109365,47.650130229353294,50.941406140531626,23.9996498671129,18.334894704306613,19.41598582537652,28.41294044920668,10159,4853,True,True,0.6972111553784861,0.5428286852589641,0.1643624704369771,309.0,0.5750487329434697,0.550682261208577,0.23401312464614,225.0,Padat: upgrade kapasitas,True,0,Menengah-atas/baik,-
Kota Bukittinggi,126764,22746128B12322141134935,Kota Bukittinggi,100.0,23.83151049700669,5319.176055412935,109.57138363780778,37.60683499762244,75.69959283161238,20.601374940561104,24.77938840349484,30.355444602948168,10072,4206,True,True,0.4133466135458167,0.5428286852589641,0.3184522864716433,68.0,0.7514619883040936,0.5487329434697856,0.1363809947220227,373.0,Padat: upgrade kapasitas,True,0,Menengah-bawah,-
Kota Cilegon,464999,22746128B25933583546422,Kota Cilegon,100.0,164.28599327581858,2830.4238890245288,76.22335358884182,52.72610397742306,62.89236575813284,21.52524358409031,8.536048277515786,24.342358232648383,50044,11339,True,True,0.8017928286852589,0.7788844621513944,0.1543804860240314,328.0,0.9200779727095516,0.783625730994152,0.0626289570580121,460.0,Padat: upgrade kapasitas,True,0,Menengah-atas/baik,-
Kota Cimahi,613954,22746128B53430054982428,Kota Cimahi,100.0,41.14511767224919,14921.67320775676,65.90113264605718,45.00914356293169,56.49689488898864,22.79533115886416,5.941695926502812,21.6161742133538,75758,20848,True,True,0.7340637450199203,0.8555776892430279,0.2275291265218012,208.0,0.8976608187134503,0.8586744639376218,0.0878760416310431,431.0,Padat: upgrade kapasitas,True,0,Menengah-atas/baik,-
Kota Cirebon,350130,22746128B80288264799633,Kota Cirebon,100.0,39.77943760197709,8801.783562234126,78.4052952722063,49.43368256353302,73.6748206661891,23.348280525249884,9.393123209169056,24.677990461880185,27920,15307,True,True,0.74800796812749,0.7599601593625498,0.1915039046999254,258.0,0.9278752436647172,0.7651072124756335,0.0551831712701724,467.0,Padat: upgrade kapasitas,True,0,Menengah-atas/baik,-
Kota Denpasar,769162,22746128B89164850776530,Kota Denpasar,100.0,125.66672316964136,6120.649767891892,100.43655683953055,79.2852717674386,90.25559968757064,28.720769507989026,13.142911759264967,23.907313296262405,243255,71035,True,True,0.9252988047808766,0.8575697211155379,0.064061483151061,455.0,0.9083820662768032,0.8606237816764133,0.0788485725902367,440.0,Padat: upgrade kapasitas,True,0,Menengah-atas/baik,-
Kota Depok,2173248,22746128B73481124779947,Kota Depok,100.0,199.7322109802522,10880.808805620602,85.41472886720183,65.72608597525726,71.08962142603885,24.74378597140324,6.357390303586894,20.915150113693297,344086,129735,True,True,0.9701195219123506,0.9701195219123506,0.0289876351169028,484.0,0.9619883040935672,0.9707602339181286,0.0369002428097533,485.0,Padat: upgrade kapasitas,True,0,Menengah-atas/baik,-
Kota Dumai,341006,22746128B18875576502901,Kota Dumai,100.0,2270.123330904274,150.21474620242975,39.91391328613078,43.035002167238574,24.99423548521449,18.298974534946723,17.822324031653476,33.55986996568539,12005,5537,True,True,0.4392430278884461,0.5039840637450199,0.2826125775781337,111.0,0.47953216374269,0.5146198830409356,0.2678430970213057,166.0,Jarang: perluasan cakupan,True,0,Menengah-bawah,-
Kota Gorontalo,212514,22746128B66202348563483,Kota Gorontalo,100.0,67.26070152626603,3159.556697710193,69.65817350856929,57.268422803217824,58.85970939343802,25.611354579207926,29.170449224237505,35.45560024752475,32033,6464,True,True,0.6324701195219123,0.6175298804780877,0.2269606831637593,209.0,0.6111111111111112,0.6237816764132553,0.2425817630495992,210.0,Padat: upgrade kapasitas,True,0,Menengah-atas/baik,-
Kota Gunungsitoli,149739,22746128B74256869593133,Kota Gunungsitoli,100.0,311.8254608764218,480.2013266624896,52.27989926650368,29.957187978451937,23.01158435207824,13.21732095265098,38.14718826405868,38.80946980436632,2045,3527,True,True,0.2021912350597609,0.4133466135458167,0.3297715512452183,58.0,0.4395711500974659,0.4239766081871344,0.237608722911893,217.0,Padat: upgrade kapasitas,True,0,Rendah,-
Kota Jakarta Barat,2494110,22746128B58252967349746,Kota Jakarta Barat,100.0,125.47004355291278,19878.131300306697,93.5299775315944,65.6152147704701,75.41047893991119,25.277345299050967,6.783259953785149,20.77657801809755,525805,181240,True,True,0.9711155378486056,0.9840637450199204,0.0284241519975873,486.0,0.97270955165692,0.9844054580896686,0.026864866302642,493.0,Padat: upgrade kapasitas,True,0,Menengah-atas/baik,-
Kota Jakarta Pusat,1032236,22746128B21128962092426,Kota Jakarta Pusat,100.0,47.8871597808506,21555.590365431875,84.8726789718249,62.739378750515925,72.1008945825814,25.473084953485674,6.146571874962152,21.596140209764307,247701,188974,True,True,0.945219123505976,0.9123505976095618,0.0499793654068982,468.0,0.9619883040935672,0.9142300194931774,0.0347514334895067,489.0,Padat: upgrade kapasitas,True,0,Menengah-atas/baik,-
Kota Jakarta Selatan,2207857,22746128B93686700937380,Kota Jakarta Selatan,100.0,144.81255487074895,15246.309285618236,95.05067813692318,67.99525796468986,78.0051554805621,25.8878182589787,6.074589442892485,21.117524007676447,569531,266269,True,True,0.9750996015936256,0.9780876494023903,0.0243547721464738,488.0,0.9824561403508772,0.9785575048732944,0.0171676755240929,503.0,Padat: upgrade kapasitas,True,0,Menengah-atas/baik,-
Kota Jakarta Timur,3083988,22746128B5353616278909,Kota Jakarta Timur,100.0,184.65801610323663,16701.078377641817,89.76106370547168,66.9861144864884,73.33907422256844,26.07903338162749,6.999578224473897,20.06825313960923,403058,170483,True,True,0.9840637450199204,0.99402390438247,0.0158410183965333,496.0,0.9639376218323586,0.9941520467836258,0.0358514870672457,488.0,Padat: upgrade kapasitas,True,0,Menengah-atas/baik,-
Kota Jakarta Utara,1822156,22746128B85966169947265,Kota Jakarta Utara,100.0,140.26390775828412,12990.91141207979,94.75031193716887,63.077593770538655,77.50906598012334,24.45550515073582,6.656103825204412,20.61298042577511,402985,139980,True,True,0.9621513944223108,0.9661354581673308,0.0365668798907953,479.0,0.9756335282651072,0.9668615984405458,0.0235590058099548,498.0,Padat: upgrade kapasitas,True,0,Menengah-atas/baik,-
Kota Jambi,649260,22746128B99667418524197,Kota Jambi,100.0,171.48866502019808,3786.022825027704,67.57237210537063,61.36308160055916,59.97191176230345,22.799004280971527,16.174862160506432,24.82386860038441,48970,11446,True,True,0.8675298804780875,0.8227091633466135,0.1089843812002984,398.0,0.7729044834307992,0.8265107212475633,0.1876968791916981,290.0,Padat: upgrade kapasitas,True,0,Menengah-atas/baik,-
Kota Jayapura,431482,22746128B85346986276333,Kota Jayapura,100.0,758.196314685177,569.0900781800326,57.3115870868438,64.89278854961832,26.85602195398576,26.922609329940627,24.427252106286456,58.29355385920272,12344,11790,True,True,0.5567729083665338,0.6404382470119522,0.283859581593943,108.0,0.6159844054580896,0.6481481481481481,0.2488989964623493,201.0,Padat: upgrade kapasitas,True,0,Menengah-atas/baik,-
Kota Kediri,304129,22746128B79918158306090,Kota Kediri,100.0,69.1781483521511,4396.315993481533,59.09122123539616,48.782750134105775,54.019378032743134,20.95251335693596,16.96441708437363,22.73050101920395,52469,9321,True,True,0.7828685258964143,0.701195219123506,0.1522515515626736,330.0,0.7251461988304093,0.7076023391812865,0.1944871926404705,279.0,Padat: upgrade kapasitas,True,0,Menengah-atas/baik,-
Kota Kendari,383708,22746128B80961359079738,Kota Kendari,100.0,269.14904603312334,1425.63388447893,76.42370233596267,50.810259304231685,68.97001641007432,24.56184287535668,31.52230704846932,41.03078137332281,39427,16471,True,True,0.5179282868525896,0.7101593625498008,0.3423477405120554,48.0,0.6150097465886939,0.7163742690058479,0.2757971113619005,156.0,Padat: upgrade kapasitas,True,0,Menengah-atas/baik,-
Kota Kotamobagu,131721,22746128B93986330379000,Kota Kotamobagu,100.0,106.7502988880346,1233.9169198781915,37.73489831680886,46.09754188948306,16.883624971178236,23.1360004456328,19.058104680654832,34.201871657754005,8674,2244,True,True,0.4870517928286852,0.4880478087649402,0.2503432485198648,172.0,0.4366471734892787,0.4961013645224171,0.2794801059395294,150.0,Padat: upgrade kapasitas,True,0,Menengah-bawah,-
Kota Kupang,490393,22746128B56606429525327,Kota Kupang,100.0,155.46918062764854,3154.27789623784,92.09331596799444,49.24092124434991,69.74507797008175,20.91171821324116,40.75178291876848,40.89699547992555,22996,18805,True,True,0.4900398406374501,0.7928286852589641,0.4043110426818622,19.0,0.5886939571150097,0.797270955165692,0.3279223616763373,106.0,Padat: upgrade kapasitas,True,5,Menengah-bawah,Pendukung
Kota Langsa,204203,22746128B69628984727954,Kota Langsa,100.0,212.46224428910432,961.1260611656456,57.158711237833046,38.93437709631048,39.88684583620097,18.348712266411123,17.10215318061154,28.10948730234787,10171,4174,True,True,0.4830677290836653,0.5288844621513944,0.2733974460722845,128.0,0.7066276803118908,0.537037037037037,0.1575518013139845,329.0,Padat: upgrade kapasitas,True,0,Menengah-bawah,-
Kota Lhokseumawe,206394,22746128B88010078110453,Kota Lhokseumawe,100.0,138.14040162671904,1494.0886052851854,58.16726955354146,42.03804061267116,45.409432192010726,20.298087491297284,15.157771064115474,29.355302854490603,11916,4309,True,True,0.5129482071713147,0.5776892430278885,0.2813645815145791,113.0,0.7524366471734893,0.5847953216374269,0.144773890541819,354.0,Padat: upgrade kapasitas,True,0,Menengah-atas/baik,-
Kota Lubuklinggau,251980,22746128B74548717001691,Kota Lubuklinggau,100.0,366.9494738410756,686.6885442357428,131.76019836486557,41.85378554483631,119.72286190451238,20.095144235331325,13.714847230229024,30.400442827771627,19081,6323,True,True,0.4780876494023904,0.545816733067729,0.2848684941508864,106.0,0.9064327485380116,0.5555555555555556,0.0519818063677712,475.0,Padat: upgrade kapasitas,True,0,Menengah-bawah,-
Kota Madiun,205316,22746128B30166819315055,Kota Madiun,100.0,34.62464785554642,5929.764278226761,67.79131242873432,58.38624671097248,60.33821555698776,25.87565563542656,24.155768182043527,29.88810524888105,20171,7373,True,True,0.7410358565737052,0.6215139442231076,0.160949826193235,316.0,0.6676413255360625,0.6276803118908382,0.2086149964471498,261.0,Padat: upgrade kapasitas,True,0,Menengah-atas/baik,-
Kota Magelang,122903,22746128B66141272433758,Kota Magelang,100.0,17.873457979637397,6876.285503343509,52.748661683997696,41.65912990692028,46.96781210283073,20.821466005665727,10.49797804737146,27.57871307163092,13848,4942,True,True,0.5418326693227091,0.5418326693227091,0.2482500277773368,178.0,0.7807017543859649,0.5467836257309941,0.1199086898532882,387.0,Padat: upgrade kapasitas,True,0,Menengah-atas/baik,-
Kota Makasar,1482753,22746128B73854317646589,Kota Makassar,96.0,182.8827805232359,8107.668725058623,72.097101339362,75.88440767925728,54.69541449902079,29.523852776926883,15.214955113628896,21.23168547798016,152162,84878,True,True,0.9800796812749004,0.9422310756972112,0.0187695433405818,491.0,0.8118908382066277,0.9434697855750488,0.1774753105418951,302.0,Padat: upgrade kapasitas,True,0,Menengah-atas/baik,-
Kota Malang,886820,22746128B9724218643478,Kota Malang,100.0,109.95000288987814,8065.665999920038,65.59910198692258,56.527547429137925,57.19859063599482,24.26426907304764,10.259042783324215,21.652336532828624,245002,44382,True,True,0.904382470119522,0.8794820717131474,0.0840939032713765,426.0,0.8635477582846004,0.8820662768031189,0.1203599208113417,386.0,Padat: upgrade kapasitas,True,0,Menengah-atas/baik,-
Kota Manado,463564,22746128B83673204362612,Kota Manado,100.0,160.92546578122278,2880.613069843231,76.5766853723129,64.14216028894964,62.723796466985256,27.26620089808668,30.08333949786214,28.56545294806716,67591,20488,True,True,0.804780876494024,0.7798804780876494,0.1522475833716924,331.0,0.6364522417153996,0.7846003898635477,0.2852397128841163,143.0,Padat: upgrade kapasitas,True,0,Menengah-atas/baik,-
Kota Mataram,452410,22746128B34810169298981,Kota Mataram,100.0,60.20271635876552,7514.777195499902,83.55843979017054,60.744315894728416,71.58954884729292,25.89320750339973,26.289793074079093,26.876249900008,51661,12501,True,True,0.8237051792828685,0.8017928286852589,0.1413519229853495,351.0,0.6988304093567251,0.8060428849902534,0.2427556057134389,209.0,Padat: upgrade kapasitas,True,0,Menengah-atas/baik,-
Kota Medan,2510147,22746128B40654739963843,Kota Medan,100.0,283.3270481216577,8859.538884978496,75.87406408219191,66.58874303868099,68.80596975586693,24.53116345375021,14.348081123791264,19.850801879151145,228441,111114,True,True,0.9840637450199204,0.9731075697211156,0.0155076903541213,497.0,0.8352826510721247,0.9736842105263156,0.1603826818508259,325.0,Padat: upgrade kapasitas,True,0,Menengah-atas/baik,-
Kota Metro,179309,22746128B64737377738458,Kota Metro,100.0,77.78223094913798,2305.269440230516,73.66872470678716,45.048759,67.25760049990386,18.830446,11.138088829071332,27.565666666666665,26005,3000,True,True,0.6135458167330677,0.5796812749003983,0.2240202536467674,210.0,0.8830409356725146,0.5867446393762183,0.0686251040206103,453.0,Padat: upgrade kapasitas,True,0,Menengah-atas/baik,-
Kota Mojokerto,139817,22746128B53956788697299,Kota Mojokerto,100.0,20.210259187407203,6918.120084631002,68.75867107267862,50.79292378854625,58.984209306156046,24.12581718061673,15.610335598105827,20.601468428781203,24285,6810,True,True,0.8545816733067729,0.5617529880478088,0.0816891795368327,431.0,0.7855750487329434,0.5682261208576997,0.1218418582735809,384.0,Padat: upgrade kapasitas,True,0,Menengah-atas/baik,-
Kota Padang,975548,22746128B51925287869213,Kota Padang,100.0,686.0836860912239,1421.9081721034947,91.59068388836327,39.02854225786552,93.29531600756864,17.69843664404689,23.4542573320719,28.973966687230103,105700,16210,True,True,0.4701195219123506,0.8306772908366534,0.4401596800050792,8.0,0.7485380116959064,0.834307992202729,0.2097967465772944,260.0,Padat: upgrade kapasitas,True,6,Menengah-bawah,Pendukung
Kota Padang Panjang,61072,22746128B34977061629525,Kota Padang Panjang,100.0,21.09207875302146,2895.494593734692,45.0471134969325,38.75143388235294,25.33097469325153,17.700812705882353,14.661042944785276,27.966117647058823,1304,2125,True,True,0.4830677290836653,0.4651394422310757,0.2404455881652672,189.0,0.6111111111111112,0.4688109161793372,0.1823153562919644,294.0,Padat: upgrade kapasitas,True,0,Menengah-bawah,-
Kota Padangsidimpuan,247535,22746128B81378642761445,Kota Padangsidimpuan,100.0,134.5465518027805,1839.7721582849551,41.066221455277535,44.66756614349776,25.615114466494106,21.66010986547085,23.74288179465056,31.75919282511211,3477,4460,True,True,0.5129482071713147,0.6294820717131474,0.3065903715814034,78.0,0.4230019493177388,0.6364522417153996,0.3672317028221409,66.0,Padat: upgrade kapasitas,True,0,Menengah-atas/baik,-
Kota Pagar Alam,151820,22746128B19740076763731,Kota Pagar Alam,100.0,590.7659131975374,256.9884223317319,29.98520066018068,40.61384460694697,25.69618780403057,17.466487202925045,26.86657400972897,32.57769652650823,5756,1094,True,True,0.4093625498007968,0.3874501992031873,0.2288425977365439,204.0,0.2524366471734893,0.398635477582846,0.2980052741774296,127.0,Padat: upgrade kapasitas,True,0,Menengah-bawah,-
Kota Palangka Raya,318540,22746128B5087893857208,Kota Palangka Raya,100.0,2602.281750731452,122.40795982620423,97.12690064460249,58.28773368347338,81.76001758915339,24.094143837535007,21.79979012942019,29.75273109243697,60037,14280,True,True,0.7440239043824701,0.4621513944223108,0.1182997095284201,388.0,0.7787524366471735,0.4736842105263158,0.1048014773776546,408.0,Jarang: perluasan cakupan,True,0,Menengah-atas/baik,-
Kota Palembang,1740559,22746128B87825164980488,Kota Palembang,100.0,367.7985637840568,4732.370300994224,75.13940041158129,49.53727724892909,68.85876014851638,23.03856075861312,12.201817404186476,22.8726796763446,161329,54626,True,True,0.7888446215139442,0.9362549800796812,0.1976952746781797,247.0,0.8693957115009746,0.9376218323586744,0.1224574322963571,383.0,Padat: upgrade kapasitas,True,0,Menengah-atas/baik,-
Kota Palopo,201386,22746128B54354608226928,Kota Palopo,100.0,280.97286293579776,716.7453749653278,44.930730589207045,36.31962524479261,26.85432736784141,26.832050916859533,19.080396475770925,34.43172512017091,7264,5617,True,True,0.3177290836653386,0.4950199203187251,0.3377376946397676,52.0,0.5428849902534113,0.5038986354775828,0.230339629667628,228.0,Padat: upgrade kapasitas,True,0,Menengah-bawah,-
Kota Palu,402417,22746128B23229204425516,Kota Palu,100.0,388.4843180425629,1035.8642068942163,86.2457388667433,41.22004659538976,76.16972138123302,23.08411749317561,28.617519747621728,40.28514558689718,40891,26376,True,True,0.3446215139442231,0.6842629482071714,0.4484512150600784,6.0,0.6764132553606237,0.6910331384015594,0.2236091636932922,240.0,Padat: upgrade kapasitas,True,7,Menengah-bawah,Inti
Kota Pangkal Pinang,236426,22746128B92282941938888,Kota Pangkal Pinang,100.0,104.59072211263472,2260.4873092413554,44.12043215162115,46.49318762068226,38.55523108651386,21.527810984767218,9.838824205085364,28.273224629907745,19153,9322,True,True,0.6195219123505977,0.6235059760956175,0.2372303614228345,191.0,0.6744639376218323,0.6306042884990253,0.2052844369967587,264.0,Padat: upgrade kapasitas,True,0,Menengah-atas/baik,-
Kota Parepare,165845,22746128B37987509465042,Kota Parepare,100.0,87.69639090237852,1891.126855888683,51.460044653349,65.48522083593264,30.57862749706228,28.974371023081723,14.466705836271052,22.77495321272613,5106,6412,True,True,0.9312749003984064,0.5507968127490039,0.0378535658164155,478.0,0.7017543859649122,0.5584795321637427,0.166564070996204,311.0,Padat: upgrade kapasitas,True,0,Menengah-atas/baik,-
Kota Pariaman,100516,22746128B94413576870843,Kota Pariaman,100.0,64.7071409805292,1553.3988749440484,27.282693256941386,38.40122535211266,21.296502864698105,19.85298356807512,26.68708682238872,33.244131455399064,2269,852,True,True,0.3585657370517928,0.4721115537848606,0.3028285265313249,82.0,0.239766081871345,0.4766081871345029,0.3623337095174584,72.0,Padat: upgrade kapasitas,True,0,Menengah-bawah,-
Kota Pasuruan,225257,22746128B86769429493629,Kota Pasuruan,100.0,38.93001845812304,5786.203267340051,47.47446178566884,56.69184700315458,37.66604935089729,23.44661251314406,12.56729667812142,21.15168243953733,31428,3804,True,True,0.9133466135458168,0.6434262948207172,0.0557550673798828,462.0,0.6803118908382066,0.6500974658869395,0.2078284296402691,262.0,Padat: upgrade kapasitas,True,0,Menengah-atas/baik,-
Kota Payakumbuh,150446,22746128B75816793285642,Kota Payakumbuh,100.0,75.26117779065845,1998.985458591556,37.75508613264429,28.01043512382281,21.648241171403967,13.136224276246946,16.057278208440998,30.33397279386117,4644,5734,True,True,0.3097609561752987,0.5348605577689243,0.3691816399739687,37.0,0.4844054580896686,0.5428849902534113,0.2799085378597023,149.0,Padat: upgrade kapasitas,True,0,Menengah-bawah,-
Kota Pekalongan,327929,22746128B98453198956040,Kota Pekalongan,100.0,45.63410519689972,7186.050840376262,55.14689581843618,41.70701804062126,50.6377695942795,23.03581899641577,11.658417534587285,24.264874551971324,32165,8370,True,True,0.6075697211155379,0.7360557768924303,0.2888505738004158,95.0,0.7797270955165692,0.7417153996101364,0.1633798053722133,317.0,Padat: upgrade kapasitas,True,0,Menengah-atas/baik,-
Kota Pekanbaru,1046046,22746128B3549150233660,Kota Pekanbaru,100.0,625.6192451946982,1672.0169784330424,87.95686377156893,46.694466009051865,75.73787780803268,22.863665637692925,17.601695918548554,22.49685505396309,135148,43085,True,True,0.749003984063745,0.8456175298804781,0.212246631005857,221.0,0.8167641325536062,0.8489278752436646,0.1555540356196968,334.0,Padat: upgrade kapasitas,True,0,Menengah-atas/baik,-
Kota Pematang Siantar,281250,22746128B46755595316405,Kota Pematang Siantar,100.0,76.45503254745496,3678.632924855936,61.15758917337822,42.544656357882616,49.91341839964739,18.75614700805524,12.385743478783509,23.42663981588032,24957,6952,True,True,0.6533864541832669,0.6812749003984063,0.2361391089030332,194.0,0.8109161793372319,0.6881091617933723,0.1301103093449457,378.0,Padat: upgrade kapasitas,True,0,Menengah-atas/baik,-
Kota Pontianak,690969,22746128B68403360613456,Kota Pontianak,100.0,108.4312941626796,6372.413105789721,65.063655372427,66.21727068437177,52.50349968168635,28.999684422880488,17.404588432246353,29.05245148110317,84822,19580,True,True,0.8047808764940239,0.8466135458167331,0.1652751543626292,304.0,0.7456140350877193,0.8499025341130604,0.2162032762217434,249.0,Padat: upgrade kapasitas,True,0,Menengah-atas/baik,-
Kota Prabumulih,208461,22746128B13695709263199,Kota Prabumulih,100.0,406.645429143064,512.6357879868367,105.8643778532352,42.50704145798554,84.55994183487391,19.72652031163049,16.291517323775388,27.704785754034503,15903,3594,True,True,0.5637450199203188,0.4770916334661355,0.2081336010539515,229.0,0.861598440545809,0.48635477582846,0.0673122594226523,455.0,Padat: upgrade kapasitas,True,0,Menengah-atas/baik,-
Kota Probolinggo,254569,22746128B48742890195125,Kota Probolinggo,100.0,54.93695336563542,4633.839053755026,49.70070630129062,48.61136877889585,39.926413289468925,22.103397334783786,18.104298470771123,24.401142235518087,27661,3677,True,True,0.7410358565737052,0.6693227091633466,0.173330582054253,286.0,0.6150097465886939,0.6764132553606238,0.260412510592053,181.0,Padat: upgrade kapasitas,True,0,Menengah-atas/baik,-
Kota Sabang,44610,22746128B78398648082643,Kota Sabang,100.0,122.89898951185415,362.9810153621903,42.80173518284993,45.99999030470914,22.314660781841106,22.21045706371191,21.82723833543505,43.87673130193906,793,722,True,True,0.4033864541832669,0.3117529880478087,0.1859960556181648,267.0,0.4785575048732943,0.317738791423002,0.165682508198154,313.0,Padat: upgrade kapasitas,True,0,Menengah-bawah,-
Kota Salatiga,205821,22746128B99456803569608,Kota Salatiga,100.0,53.08408927719608,3877.263466370079,75.36374374104841,64.50569474738481,68.87891374964195,22.12642187847763,11.345832139788026,24.77064322279101,34910,8986,True,True,0.8844621513944223,0.6115537848605578,0.0706576086093871,445.0,0.8869395711500974,0.6179337231968811,0.0698638517454564,451.0,Padat: upgrade kapasitas,True,0,Menengah-atas/baik,-
Kota Samarinda,872306,22746128B87893249930832,Kota Samarinda,100.0,724.4576831463949,1204.0813705108137,74.51645992197197,54.62639082714891,61.56430838801207,19.68736324604054,25.143916555159684,26.21118030083312,124058,35169,True,True,0.7918326693227091,0.8017928286852589,0.1669070729036047,302.0,0.6812865497076024,0.8060428849902534,0.2568967089588819,185.0,Padat: upgrade kapasitas,True,0,Menengah-atas/baik,-
Kota Sawah Lunto,70664,22746128B93370341632229,Kota Sawah Lunto,100.0,238.5870687061289,296.1769905771291,38.1725661053386,30.18961873226112,24.695683267646007,15.822211920529805,15.558581153708348,28.2639545884579,2791,1057,True,True,0.3754980079681275,0.3147410358565737,0.1965564038666052,248.0,0.4970760233918129,0.3216374269005848,0.1617591737628672,321.0,Padat: upgrade kapasitas,True,0,Menengah-bawah,-
Kota Semarang,1735503,22746128B5783483209745,Kota Semarang,100.0,385.67465583941066,4499.914561984177,66.94241476178514,66.34340233711356,61.68689591671552,25.72817829330344,8.257098998018364,22.446742270708462,358290,115955,True,True,0.947211155378486,0.9302788844621512,0.0491083474865477,470.0,0.8810916179337231,0.9317738791423004,0.1107957244204295,398.0,Padat: upgrade kapasitas,True,0,Menengah-atas/baik,-
Kota Serang,756145,22746128B38845978082923,Kota Serang,100.0,264.8645169450153,2854.83691330754,56.928705108734285,51.518085423643136,50.4204683814263,23.64064547924433,7.75440268846738,23.82435079294876,61894,15827,True,True,0.8017928286852589,0.8316733067729083,0.164843613593435,308.0,0.8352826510721247,0.8352826510721247,0.1375855438900478,371.0,Padat: upgrade kapasitas,True,0,Menengah-atas/baik,-
Kota Sibolga,92774,22746128B47009036461165,Kota Sibolga,100.0,10.861301458062515,8541.70196437485,43.2235601141634,33.66975708215296,22.56803032465216,17.775198300283286,17.09775240813414,31.71742209631728,2803,1412,True,True,0.3326693227091633,0.5199203187250996,0.3469587784320884,43.0,0.550682261208577,0.5233918128654971,0.2351692258586687,222.0,Padat: upgrade kapasitas,True,0,Menengah-bawah,-
Kota Singkawang,257574,22746128B18670307275317,Kota Singkawang,100.0,450.9729845817054,571.1517292746697,106.38735707567874,59.32662532133677,86.38808702739988,22.9121233933162,18.088751645871213,31.765638389031704,31898,4668,True,True,0.7091633466135459,0.5378486055776892,0.1564260884747861,323.0,0.831384015594542,0.5477582846003899,0.0923608023741397,425.0,Padat: upgrade kapasitas,True,0,Menengah-atas/baik,-
Kota Solok,82654,22746128B30699524960223,Kota Solok,100.0,60.86734542862201,1357.9366640348526,34.47089580152672,36.99646339677891,22.66713893129772,18.01643118594436,21.44618320610687,31.317715959004392,2620,1366,True,True,0.3824701195219123,0.4472111553784861,0.276166251329344,124.0,0.3606237816764133,0.4512670565302143,0.2885294240583047,139.0,Padat: upgrade kapasitas,True,0,Menengah-bawah,-
Kota Sorong,306083,22746128B11366688050704,Kota Sorong,100.0,297.3143697296731,1029.4927899996885,48.115064543576025,65.29111559432934,25.301058101373528,27.916359869138503,19.056521210647865,67.21941112322791,8227,4585,True,True,0.5388446215139442,0.6264940239043825,0.2889110887128776,94.0,0.5955165692007798,0.6345029239766082,0.2566459195421953,186.0,Padat: upgrade kapasitas,True,0,Menengah-atas/baik,-
Kota Subulussalam,103499,22746128B20185680371825,Kota Subulussalam,100.0,1167.516399873413,88.6488618157499,38.35350962012828,38.092608497723816,20.518326097681296,17.179044764795137,29.762703502713368,29.131259484066767,2027,1318,True,True,0.450199203187251,0.2280876494023904,0.1254027713845812,377.0,0.3148148148148148,0.2378167641325536,0.1629485235723052,318.0,Jarang: perluasan cakupan,True,0,Menengah-bawah,-
Kota Sukabumi,375584,22746128B82825120895999,Kota Sukabumi,100.0,48.9503071438891,7672.76084491101,71.29699100569937,50.37271894292213,65.72443297316553,22.01890815552908,8.726104250771789,24.3229719484458,33688,9233,True,True,0.7669322709163346,0.7649402390438247,0.1782828843986603,273.0,0.898635477582846,0.7699805068226121,0.0780487063445922,442.0,Padat: upgrade kapasitas,True,0,Menengah-atas/baik,-
Kota Sungai Penuh,102961,22746128B31453944142504,Kota Sungai Penuh,100.0,352.7453786571496,291.8847594600886,30.27748976166499,38.51187263556116,15.583168177240683,15.593385876418663,28.513259483048003,43.551071878940725,2979,793,True,True,0.2729083665338645,0.3426294820717132,0.2491230297931779,176.0,0.2348927875243664,0.3499025341130604,0.2677129525134039,168.0,Padat: upgrade kapasitas,True,0,Menengah-bawah,-
Kota Surabaya,2940265,22746128B68603538827891,Kota Surabaya,100.0,335.9537563732384,8751.993225917142,77.4238334036901,67.45136665307231,64.47964186255548,25.51266752311039,9.925367768031265,21.745278230922604,623015,220680,True,True,0.9611553784860558,0.9800796812749004,0.0380708242726305,477.0,0.9142300194931774,0.9805068226120855,0.0840980510622451,437.0,Padat: upgrade kapasitas,True,0,Menengah-atas/baik,-
Kota Surakarta,529966,22746128B33460906687482,Kota Surakarta,100.0,46.26634129578349,11454.677096939557,69.66057776689821,63.0403485163581,60.692557326887176,23.915869676219465,11.983507236620666,23.651551272296896,98043,59145,True,True,0.903386454183267,0.8416334661354582,0.0813131934413738,432.0,0.8499025341130604,0.8450292397660819,0.126836747489256,379.0,Padat: upgrade kapasitas,True,0,Menengah-atas/baik,-
Kota Tangerang,1979289,22746128B7613374511026,Kota Tangerang,100.0,181.4671348975083,10907.14856504398,76.12436266196877,60.30299012876053,61.7638879967848,23.752858031544523,6.891737779819176,21.99021926701824,330928,165734,True,True,0.9203187250996016,0.9671314741035856,0.0770622688528752,437.0,0.9307992202729044,0.9678362573099416,0.0669750236540017,457.0,Padat: upgrade kapasitas,True,0,Menengah-atas/baik,-
Kota Tangerang Selatan,1405035,22746128B62533997811788,Kota Tangerang Selatan,100.0,164.3963913193542,8546.62920958282,96.20489233181604,69.21441404166946,77.38844585785662,24.42765126951162,6.137393329660878,20.864560862865947,413892,149270,True,True,0.9810756972111554,0.9402390438247012,0.0177933683592323,493.0,0.9824561403508772,0.9415204678362572,0.0165179029444957,505.0,Padat: upgrade kapasitas,True,0,Menengah-atas/baik,-
Kota Tanjung Balai,190449,22746128B91306693093612,Kota Tanjung Balai,100.0,60.77204372868288,3133.82582376628,31.236647713085915,40.640619274376405,23.32059970491431,20.2819589569161,13.16615594143684,24.16780045351474,8811,4410,True,True,0.5916334661354582,0.5936254980079682,0.2424167870351264,185.0,0.4532163742690058,0.6003898635477583,0.3282833464427801,105.0,Padat: upgrade kapasitas,True,0,Menengah-atas/baik,-
Kota Tanjung Pinang,242421,22746128B73074683492420,Kota Tanjung Pinang,100.0,148.27685816176037,1634.9213424493694,42.420053758912175,47.6983751276813,36.57921097439909,20.79054724208376,9.619776781685268,27.351378958120527,33241,3916,True,True,0.6683266932270917,0.6165338645418327,0.2044878255900699,235.0,0.6510721247563352,0.6237816764132553,0.2176548149668084,247.0,Padat: upgrade kapasitas,True,0,Menengah-atas/baik,-
Kota Tarakan,259336,22746128B97983454808676,Kota Tarakan,100.0,250.9772771529996,1033.304699699586,51.216049184538335,53.31495223152022,23.33682252472068,20.94286157601116,27.92115063567484,47.823047419804745,7787,5736,True,True,0.50199203187251,0.5956175298804781,0.2966222758368915,89.0,0.5165692007797271,0.6042884990253411,0.2921316720434397,133.0,Padat: upgrade kapasitas,True,0,Menengah-atas/baik,-
Kota Tasikmalaya,767854,22746128B57000549481658,Kota Tasikmalaya,100.0,183.92377458702447,4174.849073884603,55.69535725547268,40.89265629828687,51.666503880904735,20.192173463218005,11.002122369777457,23.123748740342627,65964,14885,True,True,0.6225099601593626,0.845617529880478,0.3192121950445231,66.0,0.797270955165692,0.8489278752436646,0.1721023372813667,305.0,Padat: upgrade kapasitas,True,0,Menengah-atas/baik,-
Kota Tebing Tinggi,184883,22746128B29639616204280,Kota Tebing Tinggi,100.0,39.9309083152408,4630.072487718342,74.5042808474091,44.089374652584766,74.57215299169766,22.642633685380773,9.365874606355568,24.08365758754864,17465,3598,True,True,0.6633466135458168,0.6025896414342629,0.2028638434310565,239.0,0.9044834307992202,0.6091617933723197,0.0581850445911182,463.0,Padat: upgrade kapasitas,True,0,Menengah-atas/baik,-
Kota Tegal,291687,22746128B85080883644541,Kota Tegal,100.0,38.93598957939234,7491.449508564211,70.53422180854061,35.621395888734114,66.05510134258473,21.620061500147727,11.345066847182265,24.73639778818961,35454,23691,True,True,0.50199203187251,0.7131474103585658,0.3551530928080507,39.0,0.8635477582846004,0.7192982456140351,0.0981498580759892,420.0,Padat: upgrade kapasitas,True,0,Menengah-atas/baik,-
Kota Ternate,219069,22746128B36781349389855,Kota Ternate,100.0,161.9870321205533,1352.386034438642,47.1644150384369,46.382122922864816,24.889025704676484,20.774524490240186,19.12948430493273,43.722589071910605,12488,13781,True,True,0.4153386454183267,0.5846613545816733,0.3418288995412771,49.0,0.5701754385964912,0.5925925925925926,0.2547108512020792,189.0,Padat: upgrade kapasitas,True,0,Menengah-bawah,-
Kota Tidore Kepulauan,123454,22746128B24002479708791,Kota Tidore Kepulauan,100.0,1683.9536095767253,73.31199582809832,48.335095596891925,40.645810087173096,22.2997459383094,23.1438200498132,23.69861078408288,42.94333748443338,4247,1606,True,True,0.3137450199203187,0.2091633466135458,0.1435393882636783,345.0,0.5360623781676414,0.2212475633528265,0.1026450683781144,414.0,Jarang: perluasan cakupan,True,0,Menengah-bawah,-
Kota Tomohon,105651,22746128B12552284418793,Kota Tomohon,100.0,150.37910131364112,702.5643794721643,71.24132683024939,50.63708849557523,45.41569308125503,24.460105674128062,21.94267900241352,32.531754294638205,9944,3842,True,True,0.599601593625498,0.402390438247012,0.161116490214441,315.0,0.7066276803118908,0.408382066276803,0.1198079941026488,388.0,Padat: upgrade kapasitas,True,0,Menengah-atas/baik,-
Kota Tual,94992,22746128B79752231805890,Kota Tual,100.0,231.0265138927099,411.1735852280352,29.22237625178828,38.44492794486215,13.425543633762516,21.631179824561404,71.14735336194563,74.40100250626568,699,3192,True,True,0.1792828685258964,0.349601593625498,0.286924017079094,102.0,0.0428849902534113,0.3567251461988304,0.3414269917809469,94.0,Padat: upgrade kapasitas,True,0,Rendah,-
Kota Yogyakarta,375660,22746128B9761158776103,Kota Yogyakarta,100.0,32.90537210601702,11416.37294936736,74.9348166695137,72.24948219636437,62.807183895510015,27.20115803535757,9.620737684453966,25.69608969236916,76103,40048,True,True,0.8864541832669323,0.7768924302788844,0.0882128855097538,420.0,0.9035087719298246,0.7816764132553606,0.0754249170684996,445.0,Padat: upgrade kapasitas,True,0,Menengah-atas/baik,-
Kotabaru,352736,22746128B85816588264471,Kota Baru,100.0,9173.908330195029,38.44991548901832,44.79570022944346,47.6940690495532,20.416382743716984,19.930876848090985,32.65215303345606,33.9978878960195,18741,6155,True,True,0.5209163346613546,0.3505976095617529,0.1679655878478119,299.0,0.3791423001949318,0.3625730994152046,0.2251063005141182,236.0,Jarang: perluasan cakupan,True,0,Menengah-atas/baik,-
Kotawaringin Barat,288560,22746128B93777795819955,Kotawaringin Barat,100.0,8380.849876152943,34.430875658693644,56.260205364868746,57.26405101569716,35.06731309489472,22.517737188365647,20.087155081242187,34.91851338873499,20802,8664,True,True,0.6354581673306773,0.295816733067729,0.1078375740067617,400.0,0.6530214424951266,0.3089668615984405,0.1072048759542347,405.0,Jarang: perluasan cakupan,True,0,Menengah-atas/baik,-
Kotawaringin Timur,457424,22746128B94284518008212,Kotawaringin Timur,100.0,15700.423546529331,29.13450064862207,39.99174328868788,46.09836688277182,21.149846524033165,18.848669890530346,27.23696874818809,34.19119991497502,34494,9409,True,True,0.4890438247011952,0.3824701195219123,0.195425469436993,250.0,0.3645224171539961,0.3927875243664717,0.2496076665564712,198.0,Jarang: perluasan cakupan,True,0,Menengah-bawah,-
Kuantan Singingi,356220,22746128B8182037452639,Kuantan Singingi,100.0,5283.697762950504,67.41869349489076,33.110239698200814,40.51408936897732,21.959019616947188,19.067316443891823,20.811839814277423,29.45554864780852,8615,6434,True,True,0.4760956175298805,0.4123505976095617,0.2160322852018221,220.0,0.3586744639376218,0.4239766081871345,0.2719070255235229,161.0,Jarang: perluasan cakupan,True,0,Menengah-bawah,-
Kubu Raya,670755,22746128B69090577702614,Kubu Raya,100.0,8597.861888011535,78.01416314156779,62.06896395537056,59.17333716255025,41.148196554514975,23.723781016657096,19.424297606659728,32.58328546812177,34596,6964,True,True,0.6872509960159363,0.5199203187250996,0.1626045618323518,313.0,0.7046783625730995,0.530214424951267,0.1565837921639706,331.0,Jarang: perluasan cakupan,True,0,Menengah-atas/baik,-
Kudus,899832,22746128B61967707401144,Kudus,100.0,435.52728875402914,2066.07490101084,44.311005760167575,63.39585542230686,40.90041107677144,22.85584986360596,12.833940837637202,28.8733851459159,97393,19429,True,True,0.798804780876494,0.8396414342629481,0.1689318423517087,297.0,0.635477582846004,0.8430799220272904,0.3073215310313904,118.0,Padat: upgrade kapasitas,True,0,Menengah-atas/baik,-
Kulon Progo,449501,22746128B43033686501526,Kulon Progo,100.0,574.9831988596835,781.7637122118665,26.90308495750293,57.605326294778855,24.612205927608443,21.66517816997585,10.973494284876905,31.970269986343105,54592,9519,True,True,0.6892430278884463,0.6782868525896415,0.2107823685338327,222.0,0.4658869395711501,0.6851851851851851,0.3659663562197675,67.0,Padat: upgrade kapasitas,True,0,Menengah-atas/baik,-
Kuningan,1236761,22746128B44289127403365,Kuningan,100.0,1185.606904376464,1043.145915762391,49.711596820502656,49.307218491969856,46.71686267909425,20.92216305235459,10.693379347411,25.783413483349968,70703,11021,True,True,0.7231075697211156,0.8286852589641434,0.2294566752908683,203.0,0.7407407407407407,0.8323586744639375,0.2157966933795393,251.0,Padat: upgrade kapasitas,True,0,Menengah-atas/baik,-
Kupang,386353,22746128B27765258797580,Kupang,100.0,5110.08607359505,75.60596718641821,117.77044338198291,42.17164819277109,84.80606492199293,22.08201311914324,50.58480120785103,41.97402945113789,3974,3735,True,True,0.350597609561753,0.4372509960159363,0.2839518420342534,107.0,0.567251461988304,0.449317738791423,0.1944415945647094,280.0,Jarang: perluasan cakupan,True,0,Menengah-bawah,-
Kutai Barat,181813,22746128B93368126922918,Kutai Barat,100.0,13661.47201694257,13.308448736308993,52.10445473942498,30.786477961432507,18.3816587720702,13.88402420306966,47.07457193150904,41.67168437622984,18747,10164,True,True,0.1902390438247012,0.1633466135458167,0.1322717099728575,364.0,0.3957115009746589,0.1715399610136452,0.1036596255638011,410.0,Jarang: perluasan cakupan,True,0,Rendah,-
Kutai Kartanegara,897918,22746128B55621143702768,Kutai Kartanegara,100.0,25219.42439046624,35.60422260626385,47.9178473229035,39.65623627894417,22.47696645612671,16.01104192263552,39.70858031289476,29.967832309457908,51455,29626,True,True,0.4541832669322708,0.4691235059760956,0.2560554594371518,160.0,0.3791423001949318,0.4785575048732943,0.2971161117000862,129.0,Jarang: perluasan cakupan,True,0,Menengah-bawah,-
Kutai Timur,477695,22746128B75924443266043,Kutai Timur,100.0,31454.70022428117,15.18676053479752,50.99569780051597,33.979987480987475,17.931910337137616,15.102680940680944,53.6751060387424,61.24178074178074,45738,17094,True,True,0.1394422310756972,0.3705179282868526,0.3188520817129887,67.0,0.3499025341130604,0.3762183235867446,0.2445785787839753,206.0,Jarang: perluasan cakupan,True,0,Rendah,-
Labuhan Batu,533334,22746128B75065966155231,Labuhan Batu,100.0,2731.763872488997,195.23429728721845,39.260930514767,47.90935843151693,24.45727478251233,22.41728055964653,24.665041281099352,30.4300441826215,18047,5432,True,True,0.593625498007968,0.6135458167330677,0.2493293757241949,175.0,0.3888888888888889,0.6218323586744638,0.3800086636343945,59.0,Padat: upgrade kapasitas,True,0,Menengah-atas/baik,-
Labuhan Batu Selatan,347767,22746128B23995987640193,Labuhan Batu Selatan,100.0,3081.4929261614325,112.85666017517292,41.043847162389966,50.06824568138195,20.10788480988949,22.43368176583493,40.583255291253046,38.63570057581574,5339,2605,True,True,0.5159362549800797,0.4721115537848605,0.2285320867922731,205.0,0.2641325536062378,0.4834307992202729,0.3557409877303177,79.0,Jarang: perluasan cakupan,True,0,Menengah-atas/baik,-
Labuhan Batu Utara,422072,22746128B7095356521044,Labuhan Batu Utara,100.0,3576.59984447716,118.00928769030352,32.78651918515419,42.4059063063063,18.272446072275702,20.49304924924925,34.81540393470071,31.78828828828829,7167,3330,True,True,0.4691235059760956,0.5119521912350598,0.2717833843907239,133.0,0.1939571150097465,0.5224171539961013,0.421090629975415,28.0,Jarang: perluasan cakupan,True,0,Menengah-bawah,-
Lahat,460814,22746128B84107388414918,Lahat,100.0,4233.046138627471,108.86108606163576,54.487007898320485,38.723195523069904,71.31399727644121,18.11968273184102,35.87294598275079,35.1368204659662,22030,4378,True,True,0.3396414342629482,0.5249003984063745,0.3466224742464405,45.0,0.4697855750487329,0.5350877192982456,0.2837112273862043,146.0,Jarang: perluasan cakupan,True,0,Menengah-bawah,-
Lamandau,106700,22746128B62127435888540,Lamandau,100.0,7320.308691080615,14.575888053738494,42.005016036655206,29.538410777834265,19.385490836197025,10.88360854092527,29.92640320733104,58.49669547534316,6984,1967,True,True,0.1075697211155378,0.0836653386454183,0.0746654815002936,441.0,0.368421052631579,0.0886939571150097,0.0560172360726377,465.0,Jarang: perluasan cakupan,True,0,Rendah,-
Lamongan,1394222,22746128B62762388436916,Lamongan,100.0,1751.4213448563744,796.0517348350196,47.92603954482376,56.211428135293644,41.682396203164025,23.95355394874267,14.076369691923396,22.742829597493373,90075,12447,True,True,0.8784860557768924,0.8147410358565736,0.0990023967873525,411.0,0.665692007797271,0.8187134502923976,0.2737024497566202,158.0,Padat: upgrade kapasitas,True,0,Menengah-atas/baik,-
Lampung Barat,322589,22746128B74428971192525,Lampung Barat,100.0,2420.807974192874,133.2567487545372,31.69482061032417,36.87475368672778,24.46951117026333,18.046067357512943,22.073961403175208,30.95177361498605,10519,2509,True,True,0.3854581673306773,0.4770916334661355,0.2931927667814796,92.0,0.3265107212475633,0.4883040935672514,0.3288675717884705,104.0,Jarang: perluasan cakupan,True,0,Menengah-bawah,-
Lampung Selatan,1147198,22746128B4401734887211,Lampung Selatan,100.0,2166.90972467676,529.4166097164609,59.97842509918144,39.327005095355936,55.13227718910593,18.03702787887612,11.656455581780746,28.09368175862571,59739,13738,True,True,0.4910358565737052,0.7549800796812749,0.3842577895588959,31.0,0.817738791423002,0.760233918128655,0.1385611527193552,368.0,Padat: upgrade kapasitas,True,0,Menengah-bawah,-
Lampung Tengah,1557290,22746128B57273633041967,Lampung Tengah,100.0,4616.135297124483,337.35796283312544,30.78865939107465,40.6845253071807,29.10990400389268,17.187855258708147,11.777596274155428,31.77116446849284,57544,8871,True,True,0.4322709163346613,0.7619521912350598,0.4325824193266773,9.0,0.4736842105263157,0.767056530214425,0.40371396327075,39.0,Padat: upgrade kapasitas,True,6,Menengah-bawah,Pendukung
Lampung Timur,1175365,22746128B49036162018248,Lampung Timur,100.0,3914.3378090522456,300.27173364594813,35.15046293977985,34.73280893682589,33.415910015109006,15.717935778120188,11.52115260090654,26.667057010785825,46330,16225,True,True,0.4551792828685259,0.7300796812749004,0.3977625355153092,24.0,0.5185185185185185,0.7358674463937622,0.3543065482636633,80.0,Padat: upgrade kapasitas,True,0,Menengah-bawah,-
Lampung Utara,671492,22746128B16659764843822,Lampung Utara,100.0,2552.609165455683,263.06103146821835,32.99661504525401,37.094586573354064,25.141290717242008,17.619154224987035,17.64124255241734,32.472006220839816,21987,3858,True,True,0.3645418326693227,0.6583665338645419,0.4183643910414121,11.0,0.3976608187134502,0.665692007797271,0.4009723789656076,40.0,Padat: upgrade kapasitas,True,5,Menengah-bawah,Pendukung
Landak,429744,22746128B55433427549228,Landak,100.0,8252.761741065888,52.07275012697704,44.25106634837012,42.37428427299704,21.74829329930853,18.44834540059347,27.77074415541653,44.971513353115725,12148,1685,True,True,0.3316733067729084,0.4073705179282868,0.2722565911652195,132.0,0.4269005847953216,0.4181286549707602,0.2396292876440614,215.0,Jarang: perluasan cakupan,True,0,Menengah-bawah,-
Langkat,1100570,22746128B45262154134474,Langkat,100.0,6239.6060145150495,176.38453412599603,35.87282660232535,47.92060107003892,29.0656047543479,24.531671400778205,17.690546361369304,26.456322957198445,30877,10280,True,True,0.6892430278884463,0.6772908366533865,0.2104728496373073,224.0,0.4278752436647174,0.6842105263157895,0.3914537806504565,53.0,Padat: upgrade kapasitas,True,0,Menengah-atas/baik,-
Lanny Jaya,213985,22746128B21145180666794,Lanny Jaya,100.0,3686.5280080759744,58.0451306842723,88.13477900552486,10.033682926829268,16.32133149171271,3.0812682926829265,87.02209944751381,385.1951219512195,181,41,True,False,,,,,0.4902534113060429,0.2933723196881092,0.1495455391782467,344.0,Jarang: perluasan cakupan,False,0,,-
Lebak,1478091,22746128B73767534141998,Lebak,100.0,3307.9776289289457,446.8261777449127,31.031705560753664,42.544414248194336,27.72365545709725,17.033209980302033,12.893793457721026,22.9064346684176,54507,15230,True,True,0.6603585657370518,0.7719123505976095,0.2621734178822558,146.0,0.4571150097465887,0.776803118908382,0.4217147536373964,27.0,Padat: upgrade kapasitas,True,0,Menengah-atas/baik,-
Lebong,114499,22746128B6914990948320,Lebong,100.0,1666.1972809501851,68.71875336076917,28.01798754246885,35.326968933177035,22.93170724801812,16.11144021101993,22.986409966024915,36.93728018757327,1766,3412,True,True,0.2758964143426294,0.1952191235059761,0.1413588673195663,350.0,0.2884990253411306,0.2066276803118908,0.1470157959334116,351.0,Jarang: perluasan cakupan,True,0,Menengah-bawah,-
Lembata,147202,22746128B62947944336237,Lembata,100.0,1259.2169157805515,116.89963671489738,42.56543799472295,23.425891784292435,17.679265171503957,16.322945711183497,54.9221635883905,52.48136083966703,758,2763,True,True,0.1035856573705179,0.3027888446215139,0.2714242631069348,135.0,0.232943469785575,0.3148148148148147,0.2414807595119485,212.0,Jarang: perluasan cakupan,True,0,Rendah,-
Lima Puluh Kota,410327,22746128B97954273808268,Lima Puluh Kota,100.0,3324.1227771718463,123.43918305842632,41.57987415491598,34.70078093181116,22.847201178288586,14.090366862079604,21.836295151632218,29.45078679419932,10354,3241,True,True,0.3914342629482071,0.5139442231075697,0.3127688449389692,73.0,0.4561403508771929,0.5243664717348928,0.2851817653295031,144.0,Jarang: perluasan cakupan,True,0,Menengah-bawah,-
Lingga,103880,22746128B41866695352092,Lingga,100.0,2207.5334503468303,47.05704458688008,38.55193586005832,43.571061833688695,18.90844314868804,17.449063965884864,22.537900874635568,38.99786780383796,1372,938,True,True,0.398406374501992,0.1394422310756972,0.0838875573403596,427.0,0.4015594541910331,0.1491228070175438,0.0892411340241441,428.0,Jarang: perluasan cakupan,True,0,Menengah-bawah,-
Lombok Barat,787339,22746128B38668827904245,Lombok Barat,100.0,923.5709770010528,852.494306995858,64.97608684520662,50.23625160635781,56.97293910269437,24.05440226580995,24.840431584508472,27.9208657423064,49214,5914,True,True,0.6922310756972112,0.7539840637450199,0.2320528642402501,199.0,0.6491228070175439,0.7592592592592593,0.2664067576348278,175.0,Padat: upgrade kapasitas,True,0,Menengah-atas/baik,-
Lombok Tengah,1149627,22746128B98880758851169,Lombok Tengah,100.0,1166.4680369307864,985.562367422344,45.837213030989325,60.37801556074248,39.167869110092255,24.96108991886184,19.065099707230846,28.80204512615316,36206,8997,True,True,0.7818725099601593,0.8117529880478087,0.1770656418152092,277.0,0.5526315789473685,0.8157894736842105,0.3649584487534625,70.0,Padat: upgrade kapasitas,True,0,Menengah-atas/baik,-
Lombok Timur,1460017,22746128B55307338459902,Lombok Timur,100.0,1606.67000524014,908.7223855789724,39.66995597986738,42.16318818025588,39.65017879683632,22.89123601298453,24.88411760006392,29.484533129654384,50068,10474,True,True,0.5119521912350598,0.8316733067729083,0.4058963349788098,18.0,0.3898635477582846,0.8352826510721247,0.5096363933442009,2.0,Padat: upgrade kapasitas,True,4,Menengah-atas/baik,Pendukung
Lombok Utara,268761,22746128B90862663975631,Lombok Utara,100.0,811.9107170502817,331.0228506114861,35.85587092872932,53.82722043010753,26.6085214979774,21.129675765095115,24.540514616956504,35.85897435897436,23979,2418,True,True,0.593625498007968,0.5149402390438247,0.2092585831970921,227.0,0.3430799220272904,0.5253411306042886,0.3451071364788406,92.0,Padat: upgrade kapasitas,True,0,Menengah-atas/baik,-
Lumajang,1158367,22746128B76070527787319,Lumajang,100.0,1810.39351797142,639.8426576880214,26.123646314871344,60.06416768011794,24.63895157622577,20.92682937166021,14.939692231013645,25.63902708678828,64204,5427,True,True,0.843625498007968,0.7719123505976095,0.1207074094061999,384.0,0.3957115009746589,0.776803118908382,0.4694131907633497,9.0,Padat: upgrade kapasitas,True,0,Menengah-atas/baik,-
Luwu,394206,22746128B94521952332625,Luwu,100.0,2898.4258296848766,136.0069303698066,48.413827215574926,35.45180847130012,22.65994037720544,25.21998899067148,31.29831677144596,27.230607614085216,9862,11899,True,True,0.4561752988047809,0.5209163346613546,0.2832871700449199,109.0,0.4463937621832359,0.5311890838206628,0.2940695902632909,131.0,Jarang: perluasan cakupan,True,0,Menengah-bawah,-
Luwu Timur,321021,22746128B1110744719374,Luwu Timur,100.0,6709.967017830991,47.8424110203407,44.189371532116965,51.058333890746944,23.12393151712072,25.79648411371237,27.96763309172707,52.51254180602008,8002,3588,True,True,0.4601593625498008,0.3406374501992032,0.1838899382549483,269.0,0.4239766081871344,0.3528265107212475,0.2032363234271514,265.0,Jarang: perluasan cakupan,True,0,Menengah-bawah,-
Luwu Utara,345321,22746128B26232805086319,Luwu Utara,100.0,7568.368243082654,45.62687608595378,34.914335625199875,55.421325088339216,21.606762711864405,26.13772693364743,31.9541093700032,29.80545740086376,6254,5094,True,True,0.7201195219123506,0.3525896414342629,0.0986829574133743,412.0,0.2368421052631578,0.3645224171539961,0.2781881604596286,154.0,Jarang: perluasan cakupan,True,0,Menengah-atas/baik,-
Madiun,763828,22746128B56340035124164,Madiun,100.0,1117.5001179735436,683.5149166562176,34.71914592253311,53.66779019832815,29.469036368614947,25.20458810031141,19.504704769491187,27.459105064743486,40172,6101,True,True,0.7589641434262948,0.7270916334661355,0.1752551546800844,281.0,0.3840155945419103,0.732943469785575,0.4514817474702567,17.0,Padat: upgrade kapasitas,True,0,Menengah-atas/baik,-
Magelang,1362099,22746128B50341569898666,Magelang,100.0,1131.2190150196236,1204.0983946653082,44.80443812491281,44.37789805477848,40.71516917019332,21.133562097456245,16.510920956765723,34.525730271290094,129018,15371,True,True,0.4531872509960159,0.8555776892430278,0.4678407882414564,3.0,0.5838206627680311,0.8586744639376218,0.3573625692995756,77.0,Padat: upgrade kapasitas,True,7,Menengah-bawah,Inti
Magetan,692785,22746128B43524249433579,Magetan,100.0,701.9619990388228,986.926644104113,36.15454609506798,58.6058751182592,34.026220469054934,24.28169479659413,15.412622804406071,31.965562913907284,30231,5285,True,True,0.6962151394422311,0.7579681274900398,0.2302592419167949,202.0,0.4756335282651072,0.763157894736842,0.4001744126397866,43.0,Padat: upgrade kapasitas,True,0,Menengah-atas/baik,-
Mahakam Ulu,35245,22746128B30313932055345,Mahakam Hulu,60.9,18120.1034871582,1.9450771914729013,60.47122270166607,17.852647291941874,15.191579048303966,9.823900924702771,59.67349874145991,80.77410832232496,8343,757,True,True,0.0398406374501992,0.0049800796812749,0.0047816701322201,501.0,0.4171539961013645,0.0058479532163742,0.0034084561631499,513.0,Jarang: perluasan cakupan,True,0,Rendah,-
Majalengka,1374601,22746128B87647472826371,Majalengka,100.0,1340.6817659863727,1025.2999890609178,45.1121357009259,46.63118327272727,43.61968821663821,20.37006509090909,9.571881643606456,26.41636363636364,86079,11000,True,True,0.6663346613545817,0.8346613545816732,0.2784975635307375,118.0,0.6929824561403508,0.8382066276803118,0.2573441400772888,184.0,Padat: upgrade kapasitas,True,0,Menengah-atas/baik,-
Majene,188857,22746128B56869239776422,Majene,100.0,891.3560716087303,211.87604596572567,35.86773659706546,42.91933103922919,20.305525112866817,23.857528561596688,27.387838600451467,34.93048864418444,7088,1453,True,True,0.4203187250996015,0.4073705179282868,0.2361450611895049,193.0,0.3060428849902534,0.4181286549707602,0.2901633551064145,136.0,Padat: upgrade kapasitas,True,0,Menengah-bawah,-
Malaka,198496,22746128B56140662064287,Malaka,100.0,1116.191941891297,177.83321358122743,77.58304885993485,33.58471184022824,24.56863192182411,23.656180456490727,30.19543973941368,62.46433666191155,307,1402,True,True,0.1334661354581673,0.4003984063745019,0.3469587784320884,43.0,0.638401559454191,0.4113060428849903,0.1487276236942801,345.0,Padat: upgrade kapasitas,True,0,Rendah,-
Malang,2774002,22746128B8866265958554,Malang,100.0,3456.826944728574,802.4706021891448,42.79670332657256,50.45919602165794,37.30037437255957,21.27960624837132,13.838801274887206,23.405738772910208,362385,34537,True,True,0.7938247011952191,0.8555776892430279,0.1763989857303852,280.0,0.5906432748538012,0.8586744639376218,0.3515041665241726,85.0,Padat: upgrade kapasitas,True,0,Menengah-atas/baik,-
Malinau,88445,22746128B54632748429230,Malinau,100.0,39912.85790073007,2.215952568968562,70.5367255224231,39.88283386243387,18.26255717304532,16.830773544973546,63.53345855834703,78.93756613756612,4259,945,True,True,0.201195219123506,0.0358565737051792,0.0286424025015475,485.0,0.4454191033138401,0.0389863547758284,0.0216210875901036,499.0,Jarang: perluasan cakupan,True,0,Rendah,-
Maluku Barat Daya,89926,22746128B88480653802061,Maluku Barat Daya,100.0,4600.7192491781525,19.54607423960153,57.53626291079812,18.590421115065244,15.793268032437046,13.932143534994074,88.45283824157062,226.2158956109134,2343,843,True,True,0.0099601593625497,0.0766932270916334,0.0759293503277725,439.0,0.3703703703703703,0.0847953216374269,0.0533896469568984,473.0,Jarang: perluasan cakupan,True,0,Rendah,-
Maluku Tengah,450384,22746128B41463091507887,Maluku Tengah,100.0,8113.273885077951,55.51199261599596,48.73169609962813,55.46611370436864,16.275270085617926,23.79113764213045,47.499956758626645,59.79233991621784,11563,1671,True,True,0.4910358565737052,0.4312749003984064,0.2195034602625355,215.0,0.3499025341130604,0.4415204678362573,0.2870313372775669,142.0,Jarang: perluasan cakupan,True,0,Menengah-bawah,-
Maluku Tenggara,128774,22746128B6545713511337,Maluku Tenggara,100.0,1012.3898869713424,127.1980307757116,43.9481694785276,46.58827098321344,16.520333588957055,20.983613309352524,71.22852760736197,67.89808153477219,1304,1668,True,True,0.3406374501992032,0.2948207171314741,0.1943937397819082,252.0,0.2251461988304093,0.3060428849902534,0.2371384927556057,219.0,Jarang: perluasan cakupan,True,0,Menengah-bawah,-
Maluku Tenggara Barat / Kepulauan Tanimbar,134167,22746128B78864950196660,Maluku Tenggara Barat,68.9,4432.507439447951,30.268871926971865,57.62030046948356,28.672433198380567,13.052329812206573,12.537164642375169,87.14964788732394,119.52901484480432,1704,741,True,True,0.0438247011952191,0.1394422310756972,0.13333121696481,361.0,0.3752436647173489,0.1520467836257309,0.0949921913295258,423.0,Jarang: perluasan cakupan,True,0,Rendah,-
Mamasa,178098,22746128B65559589019405,Mamasa,100.0,2970.0397897533508,59.96485320312503,32.371375028121484,36.90030558858502,12.703226546681668,14.774341260404276,45.79055118110236,58.90487514863258,4445,841,True,True,0.1892430278884462,0.2519920318725099,0.2043042967571943,236.0,0.1335282651072124,0.2651072124756335,0.229707906326353,230.0,Jarang: perluasan cakupan,True,0,Rendah,-
Mamberamo Raya,40887,22746128B39960960221771,Mamberamo Raya,100.0,28903.60057779255,1.414598845218427,71.89041078838173,35.22185096700797,17.020954356846474,5.804907849829352,98.63485477178423,148.3902161547213,241,879,True,True,0.1015936254980079,0.0069721115537848,0.0062637894636593,500.0,0.4259259259259259,0.0077972709551656,0.0044762111038914,512.0,Jarang: perluasan cakupan,True,0,Rendah,-
Mamberamo Tengah,55074,22746128B2349164731379,Mamberamo Tengah,100.0,3086.662464322216,17.84257288789541,61.61238416422288,21.3905,16.098369501466276,12.777,105.76539589442817,74.5,341,12,True,False,,,,,0.384990253411306,0.0594541910331384,0.0365649069609262,486.0,Jarang: perluasan cakupan,False,0,,-
Mamuju,306597,22746128B65468173429736,Mamuju,100.0,4794.426602266177,63.94862731970515,35.79956538932304,47.414305783679865,16.238713774597496,21.042267604403285,32.144148385274455,40.73423029879434,10621,11446,True,True,0.4571713147410359,0.3695219123505976,0.200587093855653,243.0,0.2485380116959064,0.3820662768031189,0.2871082840304139,141.0,Jarang: perluasan cakupan,True,0,Menengah-bawah,-
Mamuju Tengah,150458,22746128B49136567123703,Mamuju Tengah,100.0,2875.820455617958,52.31828701478149,36.78337493849435,29.910765583937767,15.475362637362643,15.616662882371491,52.1128423814991,43.812537229755776,6097,28539,True,True,0.1643426294820717,0.199203187250996,0.1664656116569578,303.0,0.1598440545808966,0.2124756335282651,0.1785126667654624,301.0,Jarang: perluasan cakupan,True,0,Rendah,-
Mamuju Utara / Pasangkayu,210278,22746128B5634485200629,Mamuju Utara,68.6,2951.413170291426,71.24654796442374,37.43895321477429,51.00211909527621,15.052650889192886,24.598090072057644,49.95704514363885,44.4351481184948,3655,4996,True,True,0.4950199203187251,0.294820717131474,0.1488785892287424,338.0,0.1754385964912281,0.3079922027290448,0.2539584829520194,190.0,Jarang: perluasan cakupan,True,0,Menengah-bawah,-
Mandailing Natal,521528,22746128B80893459197040,Mandailing Natal,100.0,6536.62277986846,79.78554332463636,47.65027139695032,30.53141096883305,19.30747343826857,15.76794757187726,52.104648303000495,42.85479584440686,8132,4139,True,True,0.1822709163346613,0.500996015936255,0.4096790130315392,13.0,0.3187134502923976,0.5116959064327485,0.3486115385930713,89.0,Jarang: perluasan cakupan,True,4,Rendah,Pendukung
Manggarai,345826,22746128B41361424069199,Manggarai,100.0,1341.48691901114,257.7930467297596,52.00789744779584,34.11410902439024,19.828006960556845,19.476636341463408,36.580046403712295,51.21951219512195,2155,4100,True,True,0.1703187250996016,0.5567729083665338,0.4619440564435484,4.0,0.449317738791423,0.5662768031189084,0.3118385904114846,114.0,Padat: upgrade kapasitas,True,7,Rendah,Inti
Manggarai Barat,287142,22746128B27819456459641,Manggarai Barat,100.0,3135.771267671506,91.56981663819496,51.44980217633928,43.282896740088106,29.60092745535715,21.22667348017621,36.652901785714285,46.88845814977974,3584,5675,True,True,0.3366533864541833,0.4113545816733067,0.2728706687195441,130.0,0.4395711500974659,0.4239766081871344,0.237608722911893,217.0,Jarang: perluasan cakupan,True,0,Menengah-bawah,-
Manggarai Timur,306838,22746128B57997288446056,Manggarai Timur,100.0,2401.349709792137,127.77730738208896,38.54621417565486,30.1268031496063,20.556169491525424,21.5059031496063,37.59013867488444,54.33543307086615,649,1270,True,True,0.1215139442231075,0.4631474103585657,0.4068685417691783,16.0,0.2485380116959064,0.4746588693957114,0.3566880977622744,78.0,Jarang: perluasan cakupan,True,4,Rendah,Pendukung
Manokwari,211063,22746128B58641314112332,Manokwari,100.0,1955.134122005504,107.95320772341664,50.36790471139396,52.682104066390046,21.084336957482545,24.89238921161825,38.09113409352073,81.75203319502073,11313,6025,True,True,0.4213147410358566,0.3555776892430279,0.2057675671814733,232.0,0.4142300194931774,0.3674463937621832,0.2152390669113763,253.0,Jarang: perluasan cakupan,True,0,Menengah-bawah,-
Manokwari Selatan,40319,22746128B90822416479405,Manokwari Selatan,100.0,2375.8411839600176,16.970410426507076,47.486987096774186,29.29912676056337,18.57829677419355,22.245408450704225,37.45161290322581,101.00704225352112,310,426,True,True,0.0527888446215139,0.0448207171314741,0.0424546832589958,474.0,0.3820662768031189,0.0497076023391812,0.0307160037846402,492.0,Jarang: perluasan cakupan,True,0,Rendah,-
Mappi,118820,22746128B63262525003276,Mappi,100.0,25826.064383132874,4.600778432102179,74.97425513092712,24.601347578347585,20.15768294409059,9.006672364672365,70.05307855626327,242.9031339031339,2826,351,True,True,0.0169322709163346,0.0697211155378486,0.0685405787209726,450.0,0.4600389863547758,0.0760233918128654,0.0410496677040228,483.0,Jarang: perluasan cakupan,True,0,Rendah,-
Maros,424592,22746128B73491405172020,Maros,100.0,1441.097156940414,294.63107185739585,74.76836235443236,61.009295527688366,62.876060801711134,27.567269559427366,17.666481818902003,26.18632782155144,25246,9011,True,True,0.8426294820717131,0.598605577689243,0.0942028697957175,415.0,0.7748538011695907,0.6072124756335282,0.1367115807712914,372.0,Padat: upgrade kapasitas,True,0,Menengah-atas/baik,-
Maybrat,50059,22746128B44891092584435,Maybrat,100.0,3303.0771489659296,15.155262121465013,70.69457798165136,28.064316279069764,18.40760550458716,12.352534883720931,60.37003058103976,389.3627906976744,327,215,True,True,0.0239043824701195,0.0428286852589641,0.0418048919858415,475.0,0.4522417153996101,0.0467836257309941,0.025626118577796,496.0,Jarang: perluasan cakupan,True,0,Rendah,-
Melawi,250492,22746128B3341090541732,Melawi,100.0,10024.76442425307,24.987320339815746,36.38348666741046,40.91880274955172,14.022210309048308,18.228753735803945,29.09907397076872,44.73759713090257,8963,1673,True,True,0.3047808764940239,0.25,0.173804780876494,285.0,0.2953216374269006,0.2612085769980506,0.1840680323290357,293.0,Jarang: perluasan cakupan,True,0,Menengah-bawah,-
Mempawah,324456,22746128B13218426778114,Mempawah,100.0,2001.896018627288,162.07435200479665,37.74417006972112,52.209742252066114,22.86620281374503,18.986086260330584,15.93152390438247,37.66683884297521,8032,1936,True,True,0.5587649402390438,0.500996015936255,0.2210570070316344,213.0,0.4853801169590643,0.5116959064327485,0.2633288875209466,177.0,Padat: upgrade kapasitas,True,0,Menengah-atas/baik,-
Merangin,383224,22746128B71403115718321,Merangin,100.0,7418.179586970953,51.66011357733669,36.74278974002778,43.380550707998445,20.24901885294701,18.186415996938383,29.57729708275452,32.10103329506315,10078,2613,True,True,0.4750996015936255,0.3834661354581673,0.2012815272773448,242.0,0.2943469785575049,0.3947368421052631,0.2785472453062481,153.0,Jarang: perluasan cakupan,True,0,Menengah-bawah,-
Merauke,243628,22746128B65756496772256,Merauke,100.0,44014.03193926345,5.535234770951933,49.593047174735744,54.22014450615266,16.279888261777373,24.39056953065447,83.64051285397363,87.31765218338234,30652,9183,True,True,0.4372509960159362,0.2021912350597609,0.1137829161441881,392.0,0.2962962962962963,0.2095516569200779,0.1474622770919067,349.0,Jarang: perluasan cakupan,True,0,Menengah-bawah,-
Mesuji,248750,22746128B5734020897269,Mesuji,100.0,2176.2909879874733,114.29997246371532,29.812037526125792,33.481256521739134,29.35513870416112,19.627243873517788,15.969029070872129,35.538339920948616,10526,2530,True,True,0.2589641434262948,0.4013944223107569,0.2974476595609593,88.0,0.3966861598440545,0.4132553606237816,0.2493226785829638,199.0,Jarang: perluasan cakupan,True,0,Menengah-bawah,-
Mimika,335373,22746128B99426029309213,Mimika,100.0,17827.76875742301,18.81183251607745,64.9034236137546,48.17342959451278,22.11111997208477,22.916557090982444,52.87780738484964,78.82731490821061,15762,9914,True,True,0.3595617529880478,0.3027888446215139,0.1939175568641767,254.0,0.4502923976608187,0.3128654970760234,0.171984542252317,306.0,Jarang: perluasan cakupan,True,0,Menengah-bawah,-
Minahasa,356624,22746128B63895215577583,Minahasa,100.0,1110.666869109651,321.08997748882354,70.40301568958247,53.522868972567714,47.30215217207929,22.36216323053331,27.022606495149727,29.300903049923328,23710,5869,True,True,0.7101593625498008,0.5776892430278884,0.1674378184473262,301.0,0.638401559454191,0.5867446393762183,0.2121659465970536,257.0,Padat: upgrade kapasitas,True,0,Menengah-atas/baik,-
Minahasa Selatan,243684,22746128B98133955192071,Minahasa Selatan,100.0,1485.219121691575,164.07275966286954,38.66824807417974,50.65243277310924,15.150343509272467,19.897742296918768,28.762482168330955,32.73109243697479,7010,1428,True,True,0.5956175298804781,0.4382470119521912,0.1772194092157267,275.0,0.3284600389863548,0.449317738791423,0.3017348167907314,122.0,Padat: upgrade kapasitas,True,0,Menengah-atas/baik,-
Minahasa Tenggara,122605,22746128B38105670760260,Minahasa Tenggara,100.0,703.5292561802185,174.2713596100872,35.46490228945217,50.60281419529838,14.800721041155628,22.836320976491866,33.13791223766694,27.528933092224232,7338,2212,True,True,0.7141434262948207,0.3177290836653386,0.0908249472230599,417.0,0.2368421052631579,0.327485380116959,0.2499230532471529,197.0,Padat: upgrade kapasitas,True,0,Menengah-atas/baik,-
Minahasa Utara,237708,22746128B90516172699691,Minahasa Utara,100.0,1015.3955249344476,234.10384836524275,91.40406673559824,49.62851206698407,76.86044401772526,19.73792398620916,37.2594682422452,32.800525365293055,33850,6091,True,True,0.5776892430278884,0.4591633466135458,0.1939096204822145,255.0,0.6072124756335282,0.469785575048733,0.1845259130064711,292.0,Padat: upgrade kapasitas,True,0,Menengah-atas/baik,-
Mojokerto,1170760,22746128B795310620233,Mojokerto,100.0,974.1019040667652,1201.8865737888505,55.17683812236421,49.48817659783678,46.426414434757966,21.83123392330384,12.523808774469693,21.552556538839724,127096,20340,True,True,0.8197211155378485,0.8376494023904382,0.151010499833336,333.0,0.767056530214425,0.841130604288499,0.1959358815058004,276.0,Padat: upgrade kapasitas,True,0,Menengah-atas/baik,-
Morowali,178654,22746128B26432903559283,Morowali,100.0,4135.369031469492,43.20146488510985,54.84171098130843,35.14788298969072,44.75900000000001,19.129468078055964,50.02088785046729,48.61469072164948,21400,27160,True,True,0.1942231075697211,0.2121513944223107,0.1709466913223599,292.0,0.4025341130604288,0.2251461988304093,0.1345171733752835,374.0,Jarang: perluasan cakupan,True,0,Rendah,-
Morowali Utara,131353,22746128B96188894812390,Morowali Utara,100.0,8949.94843141293,14.676397412410932,35.052690713853615,37.6015537990821,18.094718844525104,18.67571545130036,58.35813672111313,71.37888832228455,6612,3922,True,True,0.1752988047808765,0.1085657370517928,0.0895342931064586,418.0,0.1140350877192982,0.1169590643274853,0.1036216271673335,411.0,Jarang: perluasan cakupan,True,0,Rendah,-
Muara Enim,654720,22746128B32446581498560,Muara Enim,100.0,6751.481889954112,96.9742658977124,86.14908995357234,38.198780055401656,68.64461110394633,17.185032132963993,19.070544235233427,30.37571560480148,15508,10830,True,True,0.4193227091633466,0.5507968127490039,0.3198352010285551,65.0,0.7933723196881092,0.560428849902534,0.1158001132352214,390.0,Jarang: perluasan cakupan,True,0,Menengah-bawah,-
Muaro Jambi,435795,22746128B29274337249674,Muaro Jambi,100.0,5418.1572504633705,80.4323277923929,79.0191486892022,50.80373419308615,63.37446588528396,16.25047107289988,20.55885850178359,27.632813899337275,17661,5583,True,True,0.7161354581673307,0.4701195219123506,0.1334502626942429,360.0,0.7612085769980507,0.4814814814814815,0.1149736481120496,391.0,Jarang: perluasan cakupan,True,0,Menengah-atas/baik,-
Mukomuko,207380,22746128B39825953538573,Mukomuko,100.0,4259.246920948215,48.689358435653226,30.090107301704965,46.120755887421005,22.950548554484808,18.37032739804709,29.3180133432172,37.47099368179207,5396,1741,True,True,0.4561752988047808,0.2440239043824701,0.1327062268852875,363.0,0.2241715399610136,0.2563352826510721,0.1988722075928395,274.0,Jarang: perluasan cakupan,True,0,Menengah-bawah,-
Muna,234539,22746128B70372019871554,Muna,100.0,1941.858168650575,120.78070571085246,34.33133957805908,64.3312886925795,16.147780759493667,25.305627915194343,39.9893670886076,48.832508833922255,5925,2830,True,True,0.5806772908366534,0.3904382470119522,0.1637196234980397,311.0,0.1783625730994152,0.4025341130604288,0.3307370928946798,101.0,Jarang: perluasan cakupan,True,0,Menengah-atas/baik,-
Muna Barat,94305,22746128B23924471266348,Muna Barat,100.0,814.1849294453526,115.82749396288068,31.39047421731124,57.85488707926168,10.458703499079192,25.184680781758964,60.64917127071824,68.52008686210641,1086,921,True,True,0.4930278884462151,0.2440239043824701,0.1237133140743797,380.0,0.0721247563352826,0.253411306042885,0.2351340773419361,223.0,Jarang: perluasan cakupan,True,0,Menengah-bawah,-
Murung Raya,121996,22746128B54866510421393,Murung Raya,100.0,23865.253060133466,5.1118670182380095,51.54672206824876,28.0130758513932,14.794736185692017,12.831527089783284,38.747704832842544,62.68343653250774,11546,2584,True,True,0.0866533864541832,0.0756972111553784,0.0691377914636275,449.0,0.4269005847953216,0.0818713450292397,0.0469204199582777,477.0,Jarang: perluasan cakupan,True,0,Rendah,-
Musi Banyuasin,666458,22746128B84212736337013,Musi Banyuasin,100.0,14755.872301321491,45.16561179106396,46.536264413518886,37.11187135180699,23.29080348677168,16.419278895796015,31.137972166998008,30.16415551575177,32695,9491,True,True,0.4143426294820717,0.448207171314741,0.2624958333994698,144.0,0.4181286549707602,0.4580896686159844,0.2665492516215816,173.0,Jarang: perluasan cakupan,True,0,Menengah-bawah,-
Musi Rawas,419572,22746128B56500782521831,Musi Rawas,100.0,6320.222357893712,66.38563902359715,31.527108429561203,48.4274368878211,17.144866859122406,21.6151753834781,25.773210161662817,30.03363518758085,8660,5411,True,True,0.6205179282868525,0.4352589641434263,0.165172973444866,305.0,0.2816764132553606,0.4463937621832359,0.3206551683518955,110.0,Jarang: perluasan cakupan,True,0,Menengah-atas/baik,-
Musi Rawas Utara,203119,22746128B26074251210079,Musi Rawas Utara,100.0,5833.840291154741,34.81737412454857,77.9503849416755,34.099514627659566,18.86573992576882,18.40120545212765,33.01086956521739,37.40791223404256,3772,3008,True,True,0.2529880478087649,0.2131474103585657,0.1592236631164584,319.0,0.6091617933723197,0.226120857699805,0.0883766705045047,430.0,Jarang: perluasan cakupan,True,0,Menengah-bawah,-
Nabire,178421,22746128B29146649309875,Nabire,100.0,12264.533233923285,14.54772037361304,54.09008272148801,47.30355518580144,15.341273535650188,20.115648225180248,68.03246859193996,91.9597892401553,12258,7212,True,True,0.3256972111553785,0.1593625498007968,0.1074586117680671,401.0,0.3499025341130604,0.1676413255360623,0.1089832009089216,402.0,Jarang: perluasan cakupan,True,0,Menengah-bawah,-
Nagan Raya,180440,22746128B8237986094994,Nagan Raya,100.0,3423.920014028605,52.6998292193436,50.70211453287197,39.52346439106616,20.706275778546715,18.118061946902657,33.7242214532872,36.0480404551201,2890,2373,True,True,0.3436254980079681,0.2380478087649402,0.156248511928382,324.0,0.442495126705653,0.2504873294346978,0.1396479068583306,367.0,Jarang: perluasan cakupan,True,0,Menengah-bawah,-
Nagekeo,172974,22746128B97494513966687,Nagekeo,100.0,1412.4878708784229,122.46052059365852,61.298396158463376,40.569723113964685,15.891231692677067,20.98175200642055,41.96158463385353,46.056179775280896,833,1246,True,True,0.2808764940239043,0.3346613545816733,0.2406628466214822,188.0,0.4853801169590643,0.3469785575048733,0.1785620646808704,300.0,Jarang: perluasan cakupan,True,0,Menengah-bawah,-
Natuna,87825,22746128B6637644559706,Natuna,100.0,1987.865770295129,44.18054846176109,40.50875747172859,33.56610034207526,19.213535137318257,16.193775370581527,32.929321486268165,72.71493728620298,4952,877,True,True,0.1135458167330677,0.1125498007968127,0.0997702417421945,410.0,0.3070175438596491,0.1228070175438596,0.085103108648815,436.0,Jarang: perluasan cakupan,True,0,Rendah,-
Nduga,116376,22746128B7624163664321,Nduga,100.0,6972.34928329282,16.691074309610507,96.90862619047616,6.026758620689654,15.331466666666664,0.9456206896551724,93.12857142857143,158.86206896551724,420,29,True,False,,,,,0.4961013645224171,0.1072124756335282,0.0540242201779084,470.0,Jarang: perluasan cakupan,False,0,,-
Ngada,178843,22746128B33181363193361,Ngada,100.0,1712.9689026145627,104.40528122082418,51.35669230769231,43.85571810287241,17.174156882591095,23.81554709418837,42.59615384615385,37.716098864395455,988,1497,True,True,0.4093625498007968,0.3266932270916334,0.1929572546467516,256.0,0.4015594541910331,0.3391812865497076,0.2029798342509946,266.0,Jarang: perluasan cakupan,True,0,Menengah-bawah,-
Nganjuk,1145155,22746128B46559606025688,Nganjuk,100.0,1290.2470012235676,887.5471122304691,38.95827322561699,55.73945710267229,32.607218373199125,24.91751898734177,17.40399387329702,24.242237368819648,86833,9243,True,True,0.8416334661354582,0.8007968127490039,0.1268194155648322,373.0,0.4795321637426901,0.8050682261208577,0.4190121176886335,30.0,Padat: upgrade kapasitas,True,0,Menengah-atas/baik,-
Ngawi,889988,22746128B17210029520680,Ngawi,100.0,1393.2755169639536,638.7738743442123,37.496112316506185,59.38074515393384,34.81408257439881,24.989793614595207,16.603392132620545,31.355188141391107,57427,7016,True,True,0.7151394422310757,0.7380478087649402,0.2102407104649132,226.0,0.469785575048733,0.7436647173489279,0.3943017604657083,50.0,Padat: upgrade kapasitas,True,0,Menengah-atas/baik,-
Nias,159325,22746128B114560941686,Nias,100.0,862.9853771141845,184.62074123756463,59.883688362919145,42.33185040431266,22.82166272189349,12.316014824797849,44.44970414201183,65.10916442048517,507,742,True,True,0.2699203187250996,0.3675298804780876,0.2683260979984445,140.0,0.46588693957115,0.3791423001949318,0.2025048542951487,268.0,Padat: upgrade kapasitas,True,0,Menengah-bawah,-
Nias Barat,100960,22746128B23007358779926,Nias Barat,100.0,456.6171016810652,221.1042898487798,45.92055602358888,22.86824049586777,14.940377422072451,4.787880165289256,51.56444818871103,55.147107438016526,1187,1210,True,True,0.0926294820717131,0.3177290836653386,0.2882980032062983,97.0,0.2943469785575049,0.3255360623781677,0.2297155060056465,229.0,Padat: upgrade kapasitas,True,0,Rendah,-
Nias Selatan,404325,22746128B70987165350034,Nias Selatan,100.0,2500.723834531461,161.68318725036465,67.8871851851852,27.646462730627302,18.524259259259257,9.413171217712176,55.87453703703704,72.07232472324723,2160,1355,True,True,0.0657370517928287,0.5408366533864541,0.5052836462913286,1.0,0.4532163742690058,0.550682261208577,0.3011040434093681,123.0,Jarang: perluasan cakupan,True,7,Rendah,Inti
Nias Utara,164166,22746128B50601239773602,Nias Utara,100.0,1202.5761242135504,136.5119402377623,40.54944,33.007639908256884,20.992912,9.478696100917432,40.4,48.0848623853211,250,872,True,True,0.1653386454183267,0.3416334661354581,0.2851482516150537,105.0,0.2582846003898635,0.3538011695906432,0.2624197758854576,179.0,Jarang: perluasan cakupan,True,0,Rendah,-
Nunukan,216970,22746128B24707766174966,Nunukan,100.0,14184.356120249096,15.296429260561297,73.52784663461536,33.29079070707069,17.740419551282045,14.331411313131316,67.64342948717949,62.76444444444444,6240,2475,True,True,0.1254980079681275,0.2021912350597609,0.1768166378311455,279.0,0.4551656920077973,0.2105263157894736,0.1147019595773058,392.0,Jarang: perluasan cakupan,True,0,Rendah,-
Ogan Ilir,446141,22746128B50783491652131,Ogan Ilir,100.0,2384.257632952215,187.1194596733169,109.0298081123245,36.141750650477015,99.0234291371655,17.930071769297484,8.263650546021841,30.535559410234168,8333,4612,True,True,0.3864541832669322,0.5776892430278884,0.3544388184314534,40.0,0.9756335282651072,0.5867446393762183,0.0142968966709605,507.0,Padat: upgrade kapasitas,True,0,Menengah-bawah,-
Ogan Komering Ilir,825692,22746128B6554957987252,Ogan Komering Ilir,100.0,17944.15769247883,46.01453097718167,39.4536077047952,35.62699900090827,20.002537868381616,16.391019255222524,31.27110389610389,35.497729336966394,32032,11010,True,True,0.2898406374501991,0.4741035856573705,0.3366891001730131,53.0,0.3118908382066276,0.4834307992202729,0.332653162036562,100.0,Jarang: perluasan cakupan,True,0,Menengah-bawah,-
Ogan Komering Ulu,390470,22746128B55651065226017,Ogan Komering Ulu,100.0,3866.795606783332,100.98025334336717,45.23640989804101,39.569384067796605,21.19432936189712,17.107339322033898,24.891854737083285,29.3071186440678,8729,2950,True,True,0.4681274900398406,0.4800796812749004,0.2553411850605546,163.0,0.4746588693957115,0.4912280701754385,0.2580623097705276,183.0,Jarang: perluasan cakupan,True,0,Menengah-bawah,-
Ogan Komering Ulu Selatan,439948,22746128B38683854456350,Ogan Komering Ulu Selatan,100.0,4232.228711915137,103.9518490013074,32.26006117044752,33.31198895366678,15.818718333480447,15.6325777845965,33.238149880836794,40.50843817121817,11329,3259,True,True,0.2221115537848605,0.5089641434262948,0.3959173267090998,25.0,0.1998050682261208,0.5194931773879142,0.4156958076369177,32.0,Jarang: perluasan cakupan,True,0,Rendah,-
Ogan Komering Ulu Timur,685776,22746128B29719145941035,Ogan Komering Ulu Timur,100.0,3395.786106929177,201.94911528752027,23.617833998686137,37.312131481702224,17.72839031785335,17.627772201692697,25.92258325332256,29.910716414352127,19789,8389,True,True,0.4213147410358566,0.6384462151394422,0.3694594133426453,36.0,0.2417153996101364,0.6461988304093567,0.4900026218893562,5.0,Padat: upgrade kapasitas,True,0,Menengah-bawah,-
Pacitan,589357,22746128B46377021687256,Pacitan,100.0,1418.6156422505564,415.4451582565502,28.68401720328548,51.2938862928349,26.6594567809617,22.340115459501565,20.89895599669427,37.7095015576324,59291,5136,True,True,0.5448207171314741,0.6683266932270917,0.3042084649450009,80.0,0.3157894736842105,0.6754385964912281,0.4621421975992613,12.0,Padat: upgrade kapasitas,True,0,Menengah-atas/baik,-
Padang Lawas,290481,22746128B18337582481574,Padang Lawas,100.0,3831.149226919644,75.82085238521371,49.84509354026845,35.908646405430424,23.767914848993293,17.31808515890157,37.02369966442953,43.53224313483493,4768,3241,True,True,0.2390438247011952,0.3804780876494024,0.2895271503626926,93.0,0.4132553606237816,0.3937621832358674,0.2310378502027214,226.0,Jarang: perluasan cakupan,True,0,Rendah,-
Padang Lawas Utara,290671,22746128B6160471216736,Padang Lawas Utara,100.0,3957.259257589704,73.4526047143655,40.68968202080238,51.75136572343835,16.230854011887068,25.42101494927924,45.981426448737,37.22690870261612,2692,1873,True,True,0.5597609561752988,0.3745019920318725,0.1648703988825574,307.0,0.2339181286549707,0.3879142300194931,0.2971740592546994,128.0,Jarang: perluasan cakupan,True,0,Menengah-atas/baik,-
Padang Pariaman,474990,22746128B3683779023382,Padang Pariaman,100.0,1354.305344467039,350.72592893512,43.88129957097556,37.01241752738654,28.820803767953745,16.556109859154923,24.492072374556987,36.347417840375584,5361,3195,True,True,0.3037848605577689,0.6384462151394422,0.4444959206996715,7.0,0.4590643274853802,0.6461988304093567,0.3495519989056461,88.0,Padat: upgrade kapasitas,True,7,Menengah-bawah,Inti
Pakpak Bharat,58261,22746128B12751431115951,Pakpak Bharat,100.0,1322.9319053832537,44.03930373356728,49.10692753623188,36.16010352941175,24.338818840579712,15.968517647058825,29.36231884057971,29.26823529411765,138,425,True,True,0.4213147410358566,0.0926294820717131,0.0536033158203837,465.0,0.4727095516569201,0.1023391812865497,0.0539624727836485,471.0,Jarang: perluasan cakupan,True,0,Menengah-bawah,-
Pamekasan,901666,22746128B37926964335633,Pamekasan,100.0,798.082844565417,1129.7899787471156,37.9860631940772,68.93710226928896,34.07135510312004,26.22939122541604,14.618433809271988,23.837367624810888,45384,6610,True,True,0.9203187250996016,0.799800796812749,0.0637291471563942,456.0,0.5087719298245614,0.804093567251462,0.3949933312814199,48.0,Padat: upgrade kapasitas,True,0,Menengah-atas/baik,-
Pandeglang,1350503,22746128B79755996911998,Pandeglang,100.0,2780.353303151256,485.7307157580794,30.62069277108433,43.889914028714735,27.693820814120688,19.44333575505968,7.945931875650752,26.793115377962287,40338,5781,True,True,0.6075697211155379,0.7659362549800797,0.3005765781495532,85.0,0.5146198830409356,0.7709551656920077,0.3742063084937815,63.0,Padat: upgrade kapasitas,True,0,Menengah-atas/baik,-
Pangandaran,438741,22746128B59857718615465,Pangandaran,100.0,1133.233138175489,387.1586394891127,28.442885695250784,47.92814012409515,24.22375078519083,19.511328335056884,12.049443228323977,31.046794208893484,21014,3868,True,True,0.5866533864541832,0.6215139442231076,0.2569006841161252,157.0,0.449317738791423,0.6296296296296297,0.3467258681683633,90.0,Padat: upgrade kapasitas,True,0,Menengah-atas/baik,-
Pangkajene dan Kepulauan,366192,22746128B84288456023840,Pangkajene Dan Kepulauan,100.0,881.648103830956,415.349387594455,42.62818355481728,44.67186773090079,20.353299003322263,25.54450893196504,26.94933554817276,32.475864690231845,4816,2631,True,True,0.4960159362549801,0.5916334661354582,0.2981738385104998,87.0,0.4122807017543859,0.6003898635477583,0.3528607092780684,82.0,Padat: upgrade kapasitas,True,0,Menengah-bawah,-
Paniai,243966,22746128B72382312298600,Paniai,100.0,4709.036005398205,51.80805577199442,80.24296992019644,35.17069916434541,17.928821976672804,19.67291782729805,97.2486187845304,60.362116991643454,1629,718,True,True,0.1603585657370518,0.2898406374501991,0.2433622085363724,182.0,0.4649122807017544,0.3021442495126705,0.1616736773708149,322.0,Jarang: perluasan cakupan,True,0,Rendah,-
Parigi Moutong,469668,22746128B5854376167403,Parigi Moutong,100.0,5781.753003488999,81.23280252832988,32.13233663037153,33.40045868529348,15.203905161665691,14.80574252761533,43.41983210040728,48.39029672947802,12031,18468,True,True,0.1713147410358566,0.4940239043824701,0.4093903271376644,15.0,0.1374269005847953,0.5048732943469785,0.4354901223168381,21.0,Jarang: perluasan cakupan,True,5,Rendah,Pendukung
Pasaman,327768,22746128B82897046958257,Pasaman,100.0,3935.4724912820575,83.2855523005379,41.087465460526325,31.408158415841587,21.248091940789475,16.42025192519252,33.66940789473684,39.70957095709571,6080,909,True,True,0.2101593625498008,0.4233067729083665,0.3343448913509309,56.0,0.3089668615984405,0.435672514619883,0.301064145093077,124.0,Jarang: perluasan cakupan,True,0,Rendah,-
Pasaman Barat,468987,22746128B95220206981522,Pasaman Barat,100.0,3737.6160008498255,125.47757712225278,42.82723167396062,36.2762907098121,24.064809901531728,14.795981210855953,36.07503646973012,41.059498956158656,10968,1916,True,True,0.2609561752988047,0.549800796812749,0.4063268837002587,17.0,0.3304093567251462,0.5594541910331384,0.374605291656692,61.0,Jarang: perluasan cakupan,True,5,Menengah-bawah,Pendukung
Paser,292393,22746128B17746000623405,Paser,100.0,10620.68954320596,27.53051003049453,49.54696927905651,41.74482819097109,24.851821190793228,21.60439379668724,26.623359330416587,33.89006170834686,10514,6158,True,True,0.4073705179282868,0.2908366533864542,0.1723583752638847,288.0,0.5077972709551657,0.3011695906432748,0.1482364944199354,346.0,Jarang: perluasan cakupan,True,0,Menengah-bawah,-
Pasuruan,1681022,22746128B81373906315979,Pasuruan,100.0,1491.1515922872377,1127.331391855019,40.76186943389972,50.56250845685468,34.86048736894433,22.324966972138515,13.753713244155218,22.520511716587738,132768,16259,True,True,0.8157370517928286,0.8605577689243027,0.1585689116045777,320.0,0.5555555555555556,0.8635477582846004,0.3837990036820446,57.0,Padat: upgrade kapasitas,True,0,Menengah-atas/baik,-
Pati,1392603,22746128B37789509782125,Pati,100.0,1581.5309710327326,880.541086774062,47.23108548743108,52.97553478978212,43.63557541870221,22.547150992774643,15.30533616478194,24.646128463332765,95593,17577,True,True,0.8007968127490039,0.8247011952191234,0.1642831066173553,310.0,0.6335282651072125,0.8284600389863548,0.3036071877766758,121.0,Padat: upgrade kapasitas,True,0,Menengah-atas/baik,-
Pegunungan Arfak,42914,22746128B30560862468368,Pegunungan Arfak,100.0,3285.5965162530365,13.061250761532955,71.28761978361666,18.53862601626016,16.563214064914987,6.7306178861788615,78.47140649149921,144.1138211382114,1294,123,True,True,0.0159362549800796,0.0318725099601593,0.0313645815145791,481.0,0.4415204678362573,0.0350877192982456,0.0195957730583769,500.0,Jarang: perluasan cakupan,True,0,Rendah,-
Pegunungan Bintang,86070,22746128B40289792856685,Pegunungan Bintang,100.0,15286.654173008215,5.630401461686403,82.32121095334688,3.208454545454545,17.472292089249493,0.6838181818181818,95.91413116970926,737.3636363636364,1479,22,True,False,,,,,0.4688109161793372,0.0477582846003898,0.0253686794417275,497.0,Jarang: perluasan cakupan,False,0,,-
Pekalongan,1041335,22746128B43405552393366,Pekalongan,100.0,892.6201058098918,1166.6049120136906,43.90487113808232,41.9584584672753,42.53860709875456,21.79907406454931,12.712333439179574,24.31040246881831,85029,15554,True,True,0.6165338645418327,0.8157370517928286,0.3128075348010349,72.0,0.6257309941520468,0.8196881091617934,0.3067838537213729,119.0,Padat: upgrade kapasitas,True,0,Menengah-atas/baik,-
Pelalawan,427434,22746128B44055596539945,Pelalawan,100.0,13066.77609820594,32.71151175986603,38.32941257668712,38.62690552584669,20.29718230231765,15.785400932400933,29.5515933878664,34.845468257232966,23472,7293,True,True,0.3416334661354581,0.3675298804780876,0.2419693735020079,186.0,0.3167641325536062,0.3791423001949318,0.2590436183593052,182.0,Jarang: perluasan cakupan,True,0,Menengah-bawah,-
Pemalang,1576420,22746128B43122306499336,Pemalang,100.0,1137.3508755745745,1386.0454445982764,40.24848356478604,53.60291304250907,37.730788178397496,22.694964690934214,15.65412038554108,25.819776643409643,88499,44861,True,True,0.7848605577689243,0.8824701195219123,0.1898541292995349,260.0,0.5214424951267056,0.884990253411306,0.4235187275096991,26.0,Padat: upgrade kapasitas,True,0,Menengah-atas/baik,-
Penajam Paser Utara,523288,22746128B96540112180119,Penajam Paser Utara,100.0,3233.72633232329,161.82198065723162,60.04471523668639,52.48807728951975,37.15517888841927,21.381616857865065,16.261411665257818,30.35543457126191,9464,10286,True,True,0.6713147410358565,0.5926294820717132,0.1947885747845272,251.0,0.7456140350877193,0.601364522417154,0.1529786942991005,341.0,Jarang: perluasan cakupan,True,0,Menengah-atas/baik,-
Penukal Abab Lematang Ilir,210633,22746128B2393542990028,Penukal Abab Lematang Ilir,100.0,1923.4813619699432,109.50612996025038,43.18762349313149,39.657735455167696,26.75684945332212,17.649191649555096,17.333333333333332,33.2217659137577,3567,2922,True,True,0.3824701195219123,0.3575697211155378,0.2208099871430612,214.0,0.5458089668615984,0.3693957115009746,0.1677762198435226,310.0,Jarang: perluasan cakupan,True,0,Menengah-bawah,-
Pesawaran,512164,22746128B94381737455512,Pesawaran,100.0,1359.1019622775298,376.8400121663688,43.587046762220766,41.72951353364789,41.80025029931927,17.683395083188472,13.424314986487872,26.978892475788427,29233,4027,True,True,0.5567729083665338,0.6494023904382471,0.2878327328137649,98.0,0.6101364522417154,0.6569200779727096,0.2561091921920895,187.0,Padat: upgrade kapasitas,True,0,Menengah-atas/baik,-
Pesisir Barat,177385,22746128B87029922352837,Pesisir Barat,100.0,2684.438440233343,66.07899713452953,40.02044010133912,41.69783589329022,30.87343648208469,21.10202344381567,19.06225117625769,55.5626515763945,2763,1237,True,True,0.2709163346613545,0.2599601593625498,0.1895327058300661,261.0,0.469785575048733,0.2729044834307992,0.1446978937488837,355.0,Jarang: perluasan cakupan,True,0,Menengah-bawah,-
Pesisir Selatan,547763,22746128B35993392452682,Pesisir Selatan,100.0,6100.4221094492,89.79099973287862,29.600224255832664,44.77568955312224,22.41322013274337,17.395669428825094,30.5684835076428,34.62918023083753,9944,3379,True,True,0.4591633466135458,0.5298804780876494,0.2865787844637386,104.0,0.2056530214424951,0.5399610136452242,0.4289163997279314,24.0,Jarang: perluasan cakupan,True,0,Menengah-bawah,-
Pidie,461254,22746128B35853530005037,Pidie,100.0,2975.825643975726,155.00034450397473,49.24651247273073,32.494651663904115,24.46106525656834,15.715914573505035,24.187897182965,30.763483360958816,10543,7843,True,True,0.3306772908366533,0.5687250996015936,0.3806606244345328,33.0,0.537037037037037,0.5779727095516569,0.2675799581257671,170.0,Jarang: perluasan cakupan,True,0,Menengah-bawah,-
Pidie Jaya,170580,22746128B77747107542596,Pidie Jaya,100.0,942.5240670110676,180.98211596966783,47.38721706304268,40.6337316112084,25.303267270668176,19.717146672504377,24.653831634579088,38.367338003502624,2649,2284,True,True,0.3396414342629482,0.3764940239043824,0.2486210536340692,177.0,0.5077972709551657,0.3879142300194931,0.1909324426509201,284.0,Padat: upgrade kapasitas,True,0,Menengah-bawah,-
Pinrang,435066,22746128B71783882222616,Pinrang,100.0,1910.2986245864247,227.74763819671952,39.5466810513927,50.133106263982086,23.74998577873675,25.03210439970172,26.09219301686936,30.807233407904548,10196,2682,True,True,0.6215139442231076,0.5856573705179282,0.2216631482039967,212.0,0.3703703703703703,0.594541910331384,0.3743412028012418,62.0,Padat: upgrade kapasitas,True,0,Menengah-atas/baik,-
Pohuwato,157527,22746128B36723886609479,Pohuwato,100.0,4360.543214656093,36.12554497121841,30.13357194244604,50.83196739130435,10.912237260191844,18.9829933110368,36.86930455635492,53.653010033444815,6672,1196,True,True,0.4541832669322709,0.1762948207171314,0.0962246631005857,414.0,0.158869395711501,0.1900584795321637,0.1598640037390422,326.0,Jarang: perluasan cakupan,True,0,Menengah-bawah,-
Polewali Mandar,513066,22746128B50766380968306,Polewali Mandar,100.0,2085.743031011993,245.98715775215257,41.5247217859064,41.44761680697536,24.562153630984405,17.96911891160553,24.05992469069392,29.609440769693325,9295,6652,True,True,0.4930278884462151,0.6274900398406376,0.3181199504769766,69.0,0.4298245614035088,0.6354775828460039,0.3623337095174583,73.0,Padat: upgrade kapasitas,True,0,Menengah-bawah,-
Ponorogo,968994,22746128B39928875112308,Ponorogo,100.0,1416.6284038661709,684.0142392708519,38.0763602189404,51.67860613135722,35.25923225125363,20.92954613744797,16.991680723375445,30.619835549690382,87147,9851,True,True,0.6563745019920318,0.75199203187251,0.2584036364502151,151.0,0.4736842105263158,0.7573099415204678,0.3985841797476146,44.0,Padat: upgrade kapasitas,True,0,Menengah-atas/baik,-
Poso,258768,22746128B71918225941207,Poso,100.0,7313.172276834867,35.38382390083589,28.72465641090041,51.52678812145479,17.93413311565993,24.67616299632968,41.45447695592114,47.7349015682349,7963,5994,True,True,0.4840637450199203,0.2758964143426294,0.1423449627783685,349.0,0.1228070175438596,0.2894736842105263,0.2539242843951985,191.0,Jarang: perluasan cakupan,True,0,Menengah-bawah,-
Pringsewu,434739,22746128B80903663444835,Pringsewu,100.0,603.7215414286396,720.098539090122,55.00951206405846,45.62741437571592,53.056798755363,19.767467640320728,12.119663565693896,30.624856815578465,47082,3492,True,True,0.5418326693227091,0.6603585657370519,0.3025547213536294,83.0,0.7699805068226121,0.6676413255360624,0.1535705193240845,339.0,Padat: upgrade kapasitas,True,0,Menengah-atas/baik,-
Probolinggo,1200981,22746128B57336658570108,Probolinggo,100.0,1725.4334787660796,696.0459587574859,33.808840892181784,53.610773527842014,29.29220427490856,24.150907489770507,16.990498480996962,25.96584237680128,64516,5621,True,True,0.7838645418326693,0.7838645418326693,0.1694209218901287,295.0,0.4181286549707602,0.7884990253411306,0.4588049884294882,14.0,Padat: upgrade kapasitas,True,0,Menengah-atas/baik,-
Pulang Pisau,142028,22746128B75083695068268,Pulang Pisau,100.0,9740.566887430805,14.581081536770972,48.8267608040201,48.29852354740062,18.72054221105527,17.76215107033639,31.693299832495807,44.16452599388379,5970,1635,True,True,0.450199203187251,0.1185258964143426,0.0651656322915509,454.0,0.4434697855750487,0.1267056530214425,0.0705155242448768,450.0,Jarang: perluasan cakupan,True,0,Menengah-bawah,-
Pulau Morotai,82247,22746128B67952855762127,Pulau Morotai,100.0,2342.9540771144816,35.10397442415652,47.272748091603056,39.274717073170734,18.39405930710511,18.88459024390244,52.05578391074575,43.55609756097561,1703,615,True,True,0.2838645418326693,0.0946215139442231,0.0677618212409326,452.0,0.3118908382066276,0.1042884990253411,0.0717618716490164,448.0,Jarang: perluasan cakupan,True,0,Menengah-bawah,-
Pulau Taliabu,63085,22746128B98781354669228,Pulau Taliabu,100.0,2990.444597968367,21.09552540878315,47.69258930540244,23.7038891966759,16.59414994487321,13.253786703601106,53.28500551267916,49.59279778393352,3628,361,True,True,0.1135458167330677,0.0637450199203187,0.0565070395708004,460.0,0.3128654970760234,0.0711500974658869,0.0488896868552147,476.0,Jarang: perluasan cakupan,True,0,Rendah,-
Puncak,126152,22746128B1222572676249,Puncak,100.0,7965.687735083529,15.836925096170262,79.16377094972064,26.429384615384613,15.262885474860337,7.061615384615385,88.93016759776536,139.84615384615384,358,13,True,False,,,,,0.4707602339181286,0.1169590643274853,0.0618993878458329,462.0,Jarang: perluasan cakupan,False,0,,-
Puncak Jaya,239596,22746128B50358350022934,Puncak Jaya,100.0,4419.6904911319625,54.211035926779374,56.82553193960512,8.052115976331361,13.86951858304297,0.8017976331360946,88.05807200929152,133.88402366863906,1722,845,True,True,0.0139442231075697,0.2918326693227092,0.2877632894715957,99.0,0.3645224171539961,0.3040935672514619,0.1932446450759777,283.0,Jarang: perluasan cakupan,True,0,Rendah,-
Purbalingga,1057643,22746128B86887436396051,Purbalingga,100.0,807.9918344312332,1308.9773373075025,54.1795292508918,61.07517469581563,47.96876575505351,22.97977653576022,13.563512824868354,27.84152735186468,58870,10109,True,True,0.8097609561752988,0.8306772908366534,0.1580272535356582,322.0,0.7339181286549707,0.834307992202729,0.2219942318434162,243.0,Padat: upgrade kapasitas,True,0,Menengah-atas/baik,-
Purwakarta,1075243,22746128B43709097539954,Purwakarta,100.0,988.8541800983968,1087.362547117925,70.89612366297054,44.582996587427765,61.86450744512334,20.775687012835927,10.972210907445124,22.098887036103463,66285,25787,True,True,0.7131474103585658,0.8107569721115537,0.2325677370200472,198.0,0.8762183235867447,0.8148148148148148,0.1008591437441339,416.0,Padat: upgrade kapasitas,True,0,Menengah-atas/baik,-
Purworejo,808153,22746128B47019757463267,Purworejo,100.0,1089.796675698999,741.5630988979188,42.64472020910748,49.31344918006812,40.631904874558586,18.621953339142834,13.849862672236712,29.46225144577359,86654,12623,True,True,0.6444223107569721,0.7430278884462151,0.2642041396168315,142.0,0.587719298245614,0.7485380116959064,0.3086077767518211,116.0,Padat: upgrade kapasitas,True,0,Menengah-atas/baik,-
Raja Ampat,73137,22746128B90221566890304,Raja Ampat,100.0,7798.8176356342,9.377960021250388,57.82456680851063,26.080669158878504,18.11780595744681,15.364566355140182,53.20510638297873,188.5570093457944,1175,535,True,True,0.0219123505976095,0.0408366533864541,0.0399418263202171,476.0,0.4152046783625731,0.0458089668615984,0.0267888695097066,494.0,Jarang: perluasan cakupan,True,0,Rendah,-
Rejang Lebong,294879,22746128B47928451075254,Rejang Lebong,100.0,1506.9537930492834,195.67885980320585,35.96361855877616,39.29712015191622,21.43564975845411,18.375650822879503,23.7944847020934,40.12210841293589,4968,8689,True,True,0.3117529880478088,0.5,0.3441235059760956,46.0,0.3538011695906432,0.5107212475633528,0.3300274728406461,102.0,Padat: upgrade kapasitas,True,0,Menengah-bawah,-
Rembang,674717,22746128B94981829239468,Rembang,100.0,1039.3217422830649,649.1897287916423,36.07082754880694,55.64472910402888,30.917455410942395,24.889391611545403,16.61352133044107,26.45444978953698,24894,6652,True,True,0.798804780876494,0.7121513944223108,0.1432814558499071,346.0,0.4532163742690058,0.7183235867446394,0.3927675752083262,51.0,Padat: upgrade kapasitas,True,0,Menengah-atas/baik,-
Rokan Hilir,691826,22746128B71759944188311,Rokan Hilir,100.0,9178.085015941388,75.37803352206583,35.386264505323595,39.544845464324126,20.6689873190573,14.008591609896024,33.61891374566336,31.827536751523844,16718,5578,True,True,0.4103585657370517,0.5209163346613546,0.307153854700719,77.0,0.2309941520467836,0.5311890838206628,0.4084875118270009,36.0,Jarang: perluasan cakupan,True,0,Menengah-bawah,-
Rokan Hulu,609692,22746128B35208725321264,Rokan Hulu,100.0,7241.139049686012,84.19835550961244,35.230851815902284,40.23788465553237,19.479241608023944,18.37838517745303,21.54096902046429,28.48982254697286,12363,3832,True,True,0.4960159362549801,0.5298804780876494,0.2670513166457675,141.0,0.3684210526315789,0.5399610136452242,0.3410280086180363,96.0,Jarang: perluasan cakupan,True,0,Menengah-bawah,-
Rote Ndao,157788,22746128B61006797400672,Rote Ndao,100.0,1285.9915057003775,122.69754450210417,88.05836266666665,35.88867738231917,27.458290666666667,22.25332032146958,53.153333333333336,46.050516647531566,750,871,True,True,0.2151394422310757,0.3217131474103585,0.2524999603180902,166.0,0.5282651072124757,0.334307992202729,0.1577047448597668,328.0,Jarang: perluasan cakupan,True,0,Rendah,-
Sabu Raijua,97742,22746128B67076907647447,Sabu Raijua,100.0,461.020629378241,212.01220459878445,102.71634104046248,36.3928569023569,33.14194508670521,17.165515151515148,26.95953757225433,50.82154882154882,346,594,True,True,0.2081673306772908,0.3117529880478087,0.246856200695227,179.0,0.7183235867446394,0.3196881091617933,0.0900485999490821,427.0,Padat: upgrade kapasitas,True,0,Rendah,-
Sambas,667834,22746128B87993072617697,Sambas,100.0,5817.765257992071,114.79218744389397,40.71945023143141,49.403997140678605,26.17870000432581,18.962522302706827,30.3574858329368,37.879527258863895,23117,5246,True,True,0.5089641434262948,0.5707171314741036,0.2802425755146744,114.0,0.3372319688109161,0.5799220272904483,0.3843537802704725,55.0,Jarang: perluasan cakupan,True,0,Menengah-atas/baik,-
Samosir,146539,22746128B81816662901100,Samosir,100.0,1238.2047132928874,118.34795848118968,58.11692762645916,45.84519443133553,34.27599221789883,19.663704105710234,35.2,29.126474752241624,1285,2119,True,True,0.5856573705179282,0.3037848605577689,0.1258710179203505,375.0,0.50682261208577,0.3157894736842105,0.1557402277623884,332.0,Jarang: perluasan cakupan,True,0,Menengah-atas/baik,-
Sampang,1038386,22746128B2542813239591,Sampang,100.0,1226.2431410579425,846.8026977946082,30.294374508626344,54.04855912849455,28.60987429023804,30.171814542590887,16.931125791657568,23.86678041737761,36632,7619,True,True,0.8316733067729083,0.7798804780876494,0.1312747019888573,368.0,0.3869395711500974,0.7846003898635477,0.4810074514855473,6.0,Padat: upgrade kapasitas,True,0,Menengah-atas/baik,-
Sanggau,522799,22746128B74989070523542,Sanggau,100.0,12757.125514678488,40.98094036924397,41.17537690779014,40.779900834105646,20.92767766295708,14.720664874884154,29.594197138314787,39.41668211306766,25160,5395,True,True,0.3406374501992032,0.4233067729083665,0.2791126331328074,116.0,0.3567251461988304,0.4337231968810916,0.2790032260638601,152.0,Jarang: perluasan cakupan,True,0,Menengah-bawah,-
Sarmi,43846,22746128B27261093121909,Sarmi,100.0,14037.746786373806,3.123435738459148,54.46769823788547,48.62648484848486,15.419266519823788,17.41469696969697,67.7511013215859,96.48484848484848,454,99,True,False,,,,,0.3547758284600389,0.0155945419103313,0.0100619753846387,509.0,Jarang: perluasan cakupan,False,0,,-
Sarolangun,314735,22746128B44731308508060,Sarolangun,100.0,5870.5418491619785,53.61259796571053,58.45187204930018,41.88639824253075,24.645705347817007,17.503825659050964,26.323271359933152,32.339191564147626,9574,2845,True,True,0.4442231075697211,0.3525896414342629,0.1959611752194409,249.0,0.5974658869395711,0.3645224171539961,0.1467327078797275,352.0,Jarang: perluasan cakupan,True,0,Menengah-bawah,-
Sekadau,227866,22746128B16160803458764,Sekadau,100.0,5700.99731939905,39.96949783235816,44.482915655246565,34.14508169149448,19.94088700261177,14.781009130225854,32.023045014595176,38.1119654012494,13018,2081,True,True,0.24601593625498,0.25,0.1884960159362549,263.0,0.3820662768031189,0.2631578947368421,0.1626141376833897,319.0,Jarang: perluasan cakupan,True,0,Rendah,-
Seluma,222168,22746128B87861638449066,Seluma,100.0,2453.4780354390423,90.55226775659466,67.64057888949972,46.19022351959968,70.83910472787244,19.512481234361964,19.051951621770204,33.20350291909925,3638,1199,True,True,0.5049800796812749,0.351593625498008,0.1740458484785955,283.0,0.732943469785575,0.3645224171539961,0.0973480919105213,421.0,Jarang: perluasan cakupan,True,0,Menengah-atas/baik,-
Semarang,1107054,22746128B46914217687538,Semarang,100.0,1003.9227994806986,1102.728218317831,51.256720272696185,60.824792252886006,47.105546168860776,21.73754247835497,11.930764518151252,25.15597943722944,140376,22176,True,True,0.8545816733067728,0.8187250996015936,0.1190576340058095,387.0,0.7417153996101364,0.8226120857699805,0.2124680338489715,256.0,Padat: upgrade kapasitas,True,0,Menengah-atas/baik,-
Seram Bagian Barat,233187,22746128B92585048181027,Seram Bagian Barat,100.0,4991.369643163775,46.7180386688802,54.93932989690722,45.95041051314142,19.26628350515464,21.20142052565708,46.14819587628865,85.42803504380475,2328,799,True,True,0.3027888446215139,0.2649402390438247,0.1847192901699973,268.0,0.4191033138401559,0.2777777777777778,0.1613601905999567,323.0,Jarang: perluasan cakupan,True,0,Menengah-bawah,-
Seram Bagian Timur,151788,22746128B38603798591380,Seram Bagian Timur,100.0,5811.279283011031,26.11955003500593,56.27647064522378,23.559849297573443,15.129857585739202,9.19137803320562,57.78628172834722,202.234993614304,5161,783,True,True,0.0169322709163346,0.1533864541832669,0.1507892731861399,335.0,0.3908382066276803,0.1647173489278752,0.1003395156724386,417.0,Jarang: perluasan cakupan,True,0,Rendah,-
Serang,1738298,22746128B3242616561013,Serang,100.0,1467.1497813489318,1184.812908741852,50.37289620120513,47.44119638993633,45.390565706051866,22.122892625332263,8.393515850144093,27.93398034246152,76340,16177,True,True,0.6444223107569722,0.8705179282868526,0.3095367533848668,75.0,0.7690058479532164,0.8732943469785575,0.2017258871675615,271.0,Padat: upgrade kapasitas,True,0,Menengah-atas/baik,-
Serdang Bedagai,708267,22746128B52277249956552,Serdang Bedagai,100.0,1940.5358381372785,364.9852716350067,32.979624217119,51.727973205128194,26.04027965669218,25.532415256410264,21.85775922059847,23.555641025641027,21555,7800,True,True,0.8147410358565736,0.6832669322709164,0.1265813241059666,374.0,0.341130604288499,0.6900584795321637,0.4546584134149538,15.0,Padat: upgrade kapasitas,True,0,Menengah-atas/baik,-
Seruyan,180308,22746128B10156150641021,Seruyan,100.0,16608.958560420077,10.856068990965056,37.864693667763134,36.700894832458616,16.561700041118424,13.734194590230116,29.47810444078948,70.20912394025031,9728,4954,True,True,0.1613545816733068,0.1563745019920318,0.1311427596387358,369.0,0.3099415204678363,0.1647173489278752,0.1136646033537384,393.0,Jarang: perluasan cakupan,True,0,Rendah,-
Siak,496891,22746128B48036345674071,Siak,100.0,7821.285419417959,63.53060569383714,32.951329577674976,38.55482275049525,20.575489553797937,15.73570461891356,23.426503506939262,27.93639870712126,13402,9591,True,True,0.4790836653386454,0.4671314741035856,0.2433364152949953,183.0,0.3226120857699805,0.4775828460038986,0.3235088479266174,109.0,Jarang: perluasan cakupan,True,0,Menengah-bawah,-
Siau Tagulandang Biaro,74938,22746128B24839603722983,Siau Tagulandang Biaro,100.0,220.0113664149733,340.6096749504118,41.06682971745711,29.345707224334603,15.195248738647832,8.080057984790876,56.65943491422805,44.71768060836502,3964,1052,True,True,0.1553784860557769,0.3266932270916334,0.2759321280614593,125.0,0.2046783625730994,0.3333333333333333,0.2651072124756335,176.0,Padat: upgrade kapasitas,True,0,Rendah,-
Sidenreng Rappang,336245,22746128B89870320898123,Sidenreng Rappang,100.0,1980.6320028655505,169.76651872408678,46.51291147540984,48.77518825385044,26.07344126625212,23.308137038411587,25.2616167326173,24.48812395620709,8845,10778,True,True,0.7400398406374502,0.5109561752988048,0.1328282487579562,362.0,0.48635477582846,0.5214424951267056,0.2678364473019238,167.0,Padat: upgrade kapasitas,True,0,Menengah-atas/baik,-
Sidoarjo,2215288,22746128B7257810863239,Sidoarjo,100.0,726.0998159237403,3050.941415240166,69.09642490308161,63.60944095788606,60.65278894170888,24.239285511229028,10.412925702487142,21.83927386931272,328369,73871,True,True,0.9442231075697212,0.9342629482071714,0.0521102839637465,467.0,0.8723196881091617,0.935672514619883,0.1194669584943516,389.0,Padat: upgrade kapasitas,True,0,Menengah-atas/baik,-
Sigi,276556,22746128B27078250924142,Sigi,100.0,5427.923679510623,50.95060585393752,63.68819449281672,43.57216445182724,51.991259251197214,20.423688419553866,34.67120156726165,40.3623635500712,9188,4214,True,True,0.3934262948207171,0.3177290836653386,0.1927261075221028,257.0,0.5360623781676414,0.3304093567251461,0.1532893311902237,340.0,Jarang: perluasan cakupan,True,0,Menengah-bawah,-
Sijunjung,252768,22746128B5140836931072,Sijunjung,100.0,3067.745643273596,82.39535782708207,46.584748595505616,38.69943444055944,27.52383473782771,15.7126368006993,30.976357677902623,33.15340909090909,4272,2288,True,True,0.3675298804780876,0.3655378486055777,0.2311917667973524,200.0,0.4210526315789473,0.3791423001949318,0.2195034369549605,244.0,Jarang: perluasan cakupan,True,0,Menengah-bawah,-
Sikka,350343,22746128B25889265457696,Sikka,100.0,1694.8620665170165,206.7088566799796,50.31520602739726,36.07543114311432,21.781384657534243,20.9834707470747,30.383013698630137,49.6978697869787,1825,3333,True,True,0.2041832669322709,0.5408366533864541,0.4304068586212917,10.0,0.4736842105263157,0.550682261208577,0.2898327690571458,137.0,Padat: upgrade kapasitas,True,6,Rendah,Pendukung
Simalungun,1082872,22746128B18371020983209,Simalungun,100.0,4403.9824056455545,245.8847243830594,40.77512850367848,50.556120868482914,39.71955262357877,24.693103581800585,25.87970450538092,24.86737657308809,32894,7231,True,True,0.7589641434262948,0.702191235059761,0.1692532658211774,296.0,0.3927875243664717,0.7085769980506822,0.4302567931633284,23.0,Padat: upgrade kapasitas,True,0,Menengah-atas/baik,-
Simeulue,101604,22746128B32199422560180,Simeulue,100.0,1837.4799955747928,55.29529586427778,59.84156457564576,40.85707723577236,21.52013284132841,12.376060975609755,30.74538745387453,75.89430894308944,271,492,True,True,0.2191235059760956,0.1573705179282868,0.1228869383025666,382.0,0.5565302144249513,0.1666666666666666,0.0739116309291747,447.0,Jarang: perluasan cakupan,True,0,Rendah,-
Sinjai,276173,22746128B62270956264702,Sinjai,100.0,871.0650804031454,317.0520851004404,30.408663262328567,39.318370338248045,17.478837758972865,21.657483376698472,21.379632331485265,33.05319456490315,3427,3459,True,True,0.3814741035856573,0.5189243027888446,0.3209681195536579,62.0,0.3235867446393762,0.5292397660818713,0.3579847930417336,76.0,Padat: upgrade kapasitas,True,0,Menengah-bawah,-
Sintang,454581,22746128B74245273608062,Sintang,100.0,22400.50051200684,20.293341202637016,46.62632443213296,37.77025862068968,18.67478083102493,17.120356387147336,31.742382271468145,52.1189263322884,18050,5104,True,True,0.2221115537848605,0.3695219123505976,0.2874468262408533,101.0,0.4113060428849902,0.378167641325536,0.2226250052247795,242.0,Jarang: perluasan cakupan,True,0,Rendah,-
Situbondo,707572,22746128B65817775308435,Situbondo,100.0,1658.0920678841794,426.7386677163847,30.47169735379668,57.55489567120622,26.609664932485163,24.4097531614786,17.14571854234162,27.206225680933848,42287,4112,True,True,0.8007968127490039,0.6902390438247012,0.1374978174949604,357.0,0.3820662768031189,0.6968810916179338,0.4306263275689766,22.0,Padat: upgrade kapasitas,True,0,Menengah-atas/baik,-
Sleman,1190034,22746128B68764842139539,Sleman,100.0,574.6429814890753,2070.9101795975284,63.818387770153386,62.898824994958666,55.08479236042431,22.233244141964104,12.422875223888711,26.526124218592457,294231,99180,True,True,0.8426294820717132,0.8754980079681275,0.1377775749591276,356.0,0.8206627680311891,0.878167641325536,0.1574881539999011,330.0,Padat: upgrade kapasitas,True,0,Menengah-atas/baik,-
Solok,420412,22746128B59065860162276,Solok,100.0,3246.0423875926795,129.515252667968,36.71769571230983,28.94849889462049,21.388156984785606,14.757589535740602,32.96011987090825,32.8249815770081,4338,2714,True,True,0.2619521912350597,0.5249003984063745,0.3874015888636688,29.0,0.2563352826510721,0.5350877192982456,0.3979258575288123,46.0,Jarang: perluasan cakupan,True,0,Menengah-bawah,-
Solok Selatan,201979,22746128B25846553351835,Solok Selatan,100.0,3610.29700331076,55.9452587459643,59.25721980952381,44.3725387263339,23.82084,16.31225387263339,30.35923809523809,37.713425129087774,2625,1162,True,True,0.4193227091633466,0.2599601593625498,0.15095296106411,334.0,0.5545808966861598,0.2719298245614034,0.1211227386204302,385.0,Jarang: perluasan cakupan,True,0,Menengah-bawah,-
Soppeng,241460,22746128B93867843889604,Soppeng,100.0,1361.280734024955,177.37707877938243,33.55416959798993,49.225554804442304,16.064635929648244,20.0314487365202,36.8821608040201,25.25430548849188,3980,6213,True,True,0.7280876494023905,0.4412350597609561,0.1199772622656783,386.0,0.1910331384015594,0.4522417153996101,0.3658485611907177,68.0,Padat: upgrade kapasitas,True,0,Menengah-atas/baik,-
Sorong,125222,22746128B25112391877259,Sorong,100.0,7797.964167076169,16.058293846578643,60.266997096188746,43.45143462109956,21.270393829401087,23.56866121842496,32.980036297640645,129.99034175334324,2755,1346,True,True,0.245019920318725,0.1085657370517928,0.0819649688100189,430.0,0.5360623781676412,0.1159844054580896,0.0538095292378661,472.0,Jarang: perluasan cakupan,True,0,Rendah,-
Sorong Selatan,58288,22746128B99267537228675,Sorong Selatan,100.0,5645.155743464656,10.325313002653552,44.37300792393028,39.3585711297071,15.35648415213946,14.960529288702926,46.676703645007926,130.72384937238493,1262,478,True,True,0.1683266932270916,0.0328685258964143,0.0273358756210218,487.0,0.2962962962962963,0.0380116959064327,0.0267489711934156,495.0,Jarang: perluasan cakupan,True,0,Rendah,-
Sragen,1018657,22746128B28263166501815,Sragen,100.0,977.7776158622332,1041.8084679732806,38.82786114695076,46.12917040845471,35.47383369582581,21.19052944872893,15.778793575896094,25.006512425021423,81381,17505,True,True,0.6782868525896414,0.799800796812749,0.2573064316439422,155.0,0.5048732943469786,0.804093567251462,0.3981281989900025,45.0,Padat: upgrade kapasitas,True,0,Menengah-atas/baik,-
Subang,1687343,22746128B90150108137034,Subang,100.0,2170.9992987822943,777.2195048365168,54.300810437346,45.387004448575794,48.52838947744179,21.22518126286435,11.639298956726009,23.402031737600424,86842,15061,True,True,0.702191235059761,0.8227091633466135,0.2450099998412723,181.0,0.7709551656920077,0.8265107212475633,0.1893080112019273,285.0,Padat: upgrade kapasitas,True,0,Menengah-atas/baik,-
Sukabumi,2875411,22746128B66929526216355,Sukabumi,100.0,4164.150013993627,690.5157091692616,48.1504898469293,45.73999293105214,41.66353252494372,20.174354062083804,11.64791670970274,25.59911894273128,145227,19522,True,True,0.6563745019920318,0.8396414342629482,0.2885222059967302,96.0,0.7115009746588694,0.8430799220272904,0.2432277357895496,208.0,Padat: upgrade kapasitas,True,0,Menengah-atas/baik,-
Sukamara,70142,22746128B44365111458704,Sukamara,100.0,3283.4756994952463,21.36211941839028,34.227763953488385,29.78709615384616,18.4482531007752,16.13149928774929,18.5562015503876,41.62179487179487,2580,1404,True,True,0.1802788844621513,0.0687250996015936,0.056335415310868,461.0,0.3947368421052631,0.0760233918128654,0.0460141582025238,478.0,Jarang: perluasan cakupan,True,0,Rendah,-
Sukoharjo,959018,22746128B41417259813102,Sukoharjo,100.0,493.5528321636134,1943.090865867191,62.13806419319639,55.933299064337646,56.713909705230485,22.10152956171606,12.36734693877551,25.719185423365488,147539,34521,True,True,0.8147410358565736,0.8426294820717132,0.1561046650053174,325.0,0.817738791423002,0.8460038986354775,0.1541936930261542,336.0,Padat: upgrade kapasitas,True,0,Menengah-atas/baik,-
Sumba Barat,160172,22746128B3578697728098,Sumba Barat,100.0,710.0553913836418,225.5767675925713,57.13633948339482,43.535177489177485,20.33512525625256,21.616168831168835,47.18060680606806,45.36623376623377,4878,1155,True,True,0.348605577689243,0.3834661354581673,0.2497877017825113,174.0,0.4317738791423002,0.3947368421052631,0.224299784549092,237.0,Padat: upgrade kapasitas,True,0,Menengah-bawah,-
Sumba Barat Daya,342287,22746128B80160169684098,Sumba Barat Daya,100.0,1405.7510828111976,243.49047579284104,66.96774388489207,37.14965652374366,18.887106474820143,18.47612770862148,48.05035971223022,43.11802674043338,695,2169,True,True,0.2619521912350597,0.547808764940239,0.4043090585863716,20.0,0.4785575048732943,0.557504873294347,0.2907067321759021,135.0,Padat: upgrade kapasitas,True,5,Menengah-bawah,Pendukung
Sumba Tengah,96036,22746128B11743482298506,Sumba Tengah,100.0,1814.394145767639,52.93006496081304,51.19917777777777,28.243158004158005,26.807688888888887,20.271945945945948,46.62222222222222,59.2016632016632,135,481,True,True,0.097609561752988,0.1444223107569721,0.1303253122966302,370.0,0.3830409356725146,0.1539961013645224,0.0950092906079363,422.0,Jarang: perluasan cakupan,True,0,Rendah,-
Sumba Timur,266655,22746128B15873256673931,Sumba Timur,100.0,6985.763637903372,38.171202723376254,53.06643233499724,40.93192085174769,23.98105712701054,20.428075934110083,37.35024958402662,51.00401767778224,3606,2489,True,True,0.2778884462151395,0.2848605577689243,0.20570109998254,233.0,0.4483430799220272,0.2982456140350877,0.1645292568653602,315.0,Jarang: perluasan cakupan,True,0,Menengah-bawah,-
Sumbawa,550684,22746128B848155691224,Sumbawa,100.0,6646.474038820834,82.85355464921038,32.79985759459748,48.80996928769657,14.742871744024011,22.40746586493987,42.47304105477543,35.51822386679001,18658,5405,True,True,0.5239043824701195,0.5179282868525896,0.2465833875652767,180.0,0.1500974658869395,0.5282651072124755,0.4489738533033905,18.0,Jarang: perluasan cakupan,True,0,Menengah-atas/baik,-
Sumbawa Barat,160732,22746128B87271379033569,Sumbawa Barat,100.0,1753.0868465782794,91.68513260693324,32.20093160210018,44.76937259242861,19.54866028097064,22.556425946424618,36.29090393075067,28.782820456054903,7047,4517,True,True,0.5816733067729083,0.2938247011952191,0.1229147156394343,381.0,0.1832358674463937,0.3070175438596491,0.250760917889265,195.0,Jarang: perluasan cakupan,True,0,Menengah-atas/baik,-
Sumedang,1203722,22746128B19624873108228,Sumedang,100.0,1557.520005733475,772.8452896713434,51.099412950528006,44.01241707556427,45.91034712178604,21.57542139352307,9.26736111111111,23.011907098462544,69696,15285,True,True,0.6852589641434264,0.7948207171314741,0.2501626958302249,173.0,0.7738791423001949,0.7992202729044835,0.180720373600234,295.0,Padat: upgrade kapasitas,True,0,Menengah-atas/baik,-
Sumenep,1165227,22746128B46307112426649,Sumenep,100.0,2089.844200054539,557.5664444122632,45.90806664059977,62.21530581136872,39.94958642027776,24.04083507991955,22.3061557554018,25.134751773049647,58823,9447,True,True,0.8635458167330676,0.7619521912350598,0.1039715639434295,405.0,0.5126705653021443,0.767056530214425,0.3738092252506944,64.0,Padat: upgrade kapasitas,True,0,Menengah-atas/baik,-
Supiori,25524,22746128B73598541988454,Supiori,100.0,670.9449239397005,38.04187063541136,13.954617647058823,53.31886046511627,10.55939705882353,11.127883720930235,63.45588235294117,250.9883720930233,68,86,False,False,,,,,,,,,Jarang: perluasan cakupan,False,0,,-
Tabalong,273602,22746128B29828162207979,Tabalong,100.0,3159.3458849423746,86.60083763034714,35.16668254860097,55.85703543488265,20.72152736262501,22.844132535664976,23.409315653444207,30.312011044638748,17798,4346,True,True,0.7131474103585658,0.3954183266932271,0.1134267710036348,394.0,0.3460038986354776,0.408382066276803,0.2670802792122171,171.0,Jarang: perluasan cakupan,True,0,Menengah-atas/baik,-
Tabanan,470510,22746128B4646422714630,Tabanan,100.0,861.5399737424655,546.1267199897175,79.96059468185376,47.72661902627095,69.64761204804779,20.028985295436204,19.215412998576213,23.261723303147136,49867,11153,True,True,0.750996015936255,0.6623505976095617,0.1649279376517833,306.0,0.7797270955165692,0.6695906432748537,0.1474926758090808,348.0,Padat: upgrade kapasitas,True,0,Menengah-atas/baik,-
Takalar,325192,22746128B33549586615312,Takalar,100.0,573.0492341327744,567.4765458715432,113.83172491257815,33.196290011830314,91.21547271378616,16.473740127316766,14.692698950937798,22.76435130415188,9437,17751,True,True,0.5109561752988048,0.5866533864541832,0.2868992158854621,103.0,0.8879142300194931,0.5955165692007798,0.0667489331950192,458.0,Padat: upgrade kapasitas,True,0,Menengah-atas/baik,-
Tambrauw,32755,22746128B68810971865676,Tambrauw,100.0,11736.140783068524,2.790951523626483,44.3749849187935,24.17567073170731,17.77272389791183,12.831853658536588,59.27610208816705,254.30487804878047,862,82,True,False,,,,,0.2543859649122807,0.0068226120857699,0.0050870353271091,511.0,Jarang: perluasan cakupan,False,0,,-
Tana Tidung,29486,22746128B22343651246279,Tana Tidung,100.0,2917.787514807804,10.105602224410866,73.62333404482392,36.04117588932806,17.954974386339384,16.710573122529645,63.52508004268943,59.73320158102767,937,506,True,True,0.1752988047808765,0.0199203187250996,0.0164283106617355,494.0,0.4590643274853801,0.0224171539961013,0.0121262382727448,508.0,Jarang: perluasan cakupan,True,0,Rendah,-
Tana Toraja,298208,22746128B55477646801661,Tana Toraja,100.0,2022.1733956713888,147.4690551454866,49.9830348537005,42.7677751798561,21.381439328743543,22.87422482014389,23.47934595524957,32.02218225419664,2324,1668,True,True,0.4691235059760956,0.4721115537848606,0.2506329264614847,171.0,0.5536062378167641,0.4834307992202729,0.2158004932191861,250.0,Jarang: perluasan cakupan,True,0,Menengah-bawah,-
Tanah Bumbu,352072,22746128B5843223707622,Tanah Bumbu,100.0,4705.356045955303,74.8236682966083,47.44433669500073,55.304085325067305,24.465940030255005,25.85663120972347,21.15772223022619,26.442695162737586,27764,12259,True,True,0.7948207171314741,0.4193227091633466,0.0860363327566229,424.0,0.5487329434697856,0.4317738791423001,0.1948453275271783,278.0,Jarang: perluasan cakupan,True,0,Menengah-atas/baik,-
Tanah Datar,397235,22746128B43985885623603,Tanah Datar,100.0,1315.2188010780956,302.02959361163573,37.50150508193321,26.26514907898844,21.466612528521047,13.648600842959723,18.31819124662933,27.44583203246956,4821,6406,True,True,0.3754980079681275,0.5916334661354582,0.369476278154315,35.0,0.4405458089668616,0.6003898635477583,0.3358906254156074,97.0,Padat: upgrade kapasitas,True,0,Menengah-bawah,-
Tanah Laut,372716,22746128B54914598899185,Tanah Laut,100.0,3842.123173217068,97.00782176848308,38.706555622296975,56.38974409665019,22.53578183565593,21.794205930807248,20.30520182604517,24.787891268533773,16648,7284,True,True,0.8336653386454183,0.4701195219123506,0.0781971714734687,435.0,0.4307992202729045,0.4814814814814814,0.2740596346834163,157.0,Jarang: perluasan cakupan,True,0,Menengah-atas/baik,-
Tangerang,3468939,22746128B62876177397182,Tangerang,100.0,1026.6228271912094,3378.980973461159,70.6498348537353,45.88117945698541,60.18505608752616,21.499584829363663,7.122519908082008,22.830263508709564,490002,180032,True,True,0.7171314741035857,0.954183266932271,0.2699084141521563,138.0,0.9035087719298244,0.9551656920077972,0.0921651106323313,426.0,Padat: upgrade kapasitas,True,0,Menengah-atas/baik,-
Tanggamus,685539,22746128B69666188283297,Tanggamus,100.0,2775.187390247571,247.0244000131624,29.4658260108603,47.926072681704255,22.080931248036624,19.1158320802005,17.91168155095813,30.298872180451127,22283,1596,True,True,0.6045816733067728,0.655378486055777,0.2591486643069158,149.0,0.3586744639376218,0.6627680311890838,0.4250500628873461,25.0,Padat: upgrade kapasitas,True,0,Menengah-atas/baik,-
Tanjung Jabung Barat,344131,22746128B97653119007289,Tanjung Jabung Barat,100.0,4929.383103093293,69.8121839595,41.72979979787772,49.41732602277521,22.81394118241537,21.950560944749046,22.448206164729665,32.84479122733024,9895,2371,True,True,0.5717131474103585,0.4043824701195219,0.1731916953699147,287.0,0.4512670565302143,0.4171539961013645,0.2289061401608852,232.0,Jarang: perluasan cakupan,True,0,Menengah-atas/baik,-
Tanjung Jabung Timur,243255,22746128B13468366985120,Tanjung Jabung Timur,100.0,4951.3846851264725,49.12868126177245,42.901370520622045,53.633732229795534,20.73292478025693,21.3304040895813,32.3567444219067,28.98831548198637,11832,1027,True,True,0.7221115537848606,0.2808764940239043,0.0780523325026586,436.0,0.3547758284600389,0.2933723196881092,0.1892909119235168,286.0,Jarang: perluasan cakupan,True,0,Menengah-atas/baik,-
Tapanuli Selatan,324079,22746128B22210082667393,Tapanuli Selatan,100.0,4142.997261284039,78.22331987242448,44.09610839884153,52.035408336157225,17.314647083160942,19.74528905455778,38.381878361605295,30.78176889190105,2417,2951,True,True,0.6543824701195219,0.4073705179282868,0.1407943921525055,352.0,0.3255360623781676,0.4200779727095516,0.2833274435818809,148.0,Jarang: perluasan cakupan,True,0,Menengah-atas/baik,-
Tapanuli Tengah,410849,22746128B86210793324026,Tapanuli Tengah,100.0,2334.296474320438,176.00549224134292,47.00119235886715,44.42203947368421,25.761150351644165,22.260607752489328,28.57232465310777,30.00853485064012,5261,2812,True,True,0.5438247011952191,0.5527888446215139,0.2521686163711687,169.0,0.4532163742690058,0.5623781676413255,0.3074991735348768,117.0,Padat: upgrade kapasitas,True,0,Menengah-atas/baik,-
Tapanuli Utara,334715,22746128B99937545443202,Tapanuli Utara,100.0,3712.590126374637,90.15673387216889,48.80883792184725,35.88501044882451,23.017826376554176,18.94935027309427,36.45026642984014,28.902873426739493,2252,4211,True,True,0.4252988047808764,0.4392430278884462,0.2524334931191568,167.0,0.4093567251461988,0.4512670565302144,0.2665378521026412,174.0,Jarang: perluasan cakupan,True,0,Menengah-bawah,-
Tapin,203482,22746128B54842505361870,Tapin,100.0,2191.433368797789,92.85338212752931,41.763185403963405,52.79607303770455,24.75416939786585,23.18124828076832,19.96951219512195,27.71330329618212,10496,4217,True,True,0.7380478087649402,0.3336653386454183,0.0874043665973556,421.0,0.4805068226120857,0.3460038986354775,0.17974666469075,297.0,Jarang: perluasan cakupan,True,0,Menengah-atas/baik,-
Tasikmalaya,1946197,22746128B89217704079934,Tasikmalaya,100.0,2695.224948122655,722.090748438498,35.91417201181422,45.80728993523034,32.69951667581485,17.719883632923366,12.01381374317154,23.976784804599376,76518,13741,True,True,0.6902390438247012,0.8256972111553785,0.2557687576387676,162.0,0.5243664717348928,0.8294346978557505,0.3945069518066337,49.0,Padat: upgrade kapasitas,True,0,Menengah-atas/baik,-
Tebo,363894,22746128B61304276790881,Tebo,100.0,6268.868551604343,58.04779554786986,36.67591221719458,42.6128500734934,19.500911199095025,18.038727094561487,33.08676470588235,44.95100440960314,8840,2041,True,True,0.3386454183266932,0.396414342629482,0.26217044173902,147.0,0.2524366471734892,0.4083820662768031,0.3052914667001052,120.0,Jarang: perluasan cakupan,True,0,Menengah-bawah,-
Tegal,1713090,22746128B39713682939315,Tegal,100.0,994.7154564685736,1722.1909932733836,61.636218689625416,35.065765334618604,58.29307800161312,19.42104568844535,12.010569654680848,22.089236352295764,106626,70543,True,True,0.5527888446215139,0.896414342629482,0.4008864938651768,21.0,0.8226120857699806,0.898635477582846,0.1594070730215184,327.0,Padat: upgrade kapasitas,True,0,Menengah-atas/baik,-
Teluk Bintuni,92923,22746128B11480476919105,Teluk Bintuni,100.0,20754.31791831986,4.477285178231599,46.23582157979267,47.43979886148008,15.042080449700684,24.72233017077799,59.963644327639074,78.12049335863378,6849,1054,True,True,0.3416334661354582,0.0448207171314741,0.0295084601831716,482.0,0.2738791423001949,0.0497076023391812,0.0360937268447271,487.0,Jarang: perluasan cakupan,True,0,Menengah-bawah,-
Teluk Wondama,47619,22746128B47515282892276,Teluk Wondama,100.0,6436.345007349112,7.398453617018344,60.06944857768051,55.22866203703703,12.586838074398248,26.63567129629629,58.969365426695845,62.35648148148148,457,216,True,True,0.4800796812749004,0.0229083665338645,0.0119105252297582,498.0,0.4171539961013645,0.0272904483430799,0.0159061287613662,506.0,Jarang: perluasan cakupan,True,0,Menengah-bawah,-
Temanggung,827132,22746128B37534287210764,Temanggung,100.0,872.8685469049568,947.6020220145052,44.0406380072272,47.84069870812349,39.49662690174235,22.02645281366324,17.62229843257302,27.809174512809285,86894,9134,True,True,0.6593625498007969,0.7699203187250996,0.2622636942270757,145.0,0.5477582846003899,0.7748538011695907,0.3504212122248441,87.0,Padat: upgrade kapasitas,True,0,Menengah-atas/baik,-
Timor Tengah Selatan,494692,22746128B39495189442435,Timor Tengah Selatan,100.0,3954.095422057076,125.10876627824064,46.43160030864197,30.03191268656716,18.169796296296298,21.930914552238807,31.38117283950617,56.829104477611935,648,2680,True,True,0.1145418326693226,0.5567729083665338,0.4929991190616021,2.0,0.4122807017543859,0.5662768031189084,0.3328118053418146,99.0,Jarang: perluasan cakupan,True,7,Rendah,Inti
Timor Tengah Utara,283855,22746128B66987763142599,Timor Tengah Utara,100.0,2615.4775726441726,108.52893672991075,49.79949134615385,37.03374653837128,22.287731730769227,22.11127223656419,28.752884615384616,84.71626378784323,1040,4261,True,True,0.150398406374502,0.4213147410358565,0.3579496754019777,38.0,0.48635477582846,0.4337231968810916,0.2227798486903852,241.0,Jarang: perluasan cakupan,True,0,Rendah,-
Toba Samosir / Toba,222422,22746128B48431928866564,Toba Samosir,82.8,2145.692432653556,103.65977742901995,54.527829402084485,47.60465790327815,34.204328853538115,22.377049983771503,22.633845309928688,27.63810451152224,3646,3081,True,True,0.656374501992032,0.3635458167330677,0.1249236123236138,379.0,0.6081871345029239,0.3762183235867446,0.1474071794170286,350.0,Jarang: perluasan cakupan,True,0,Menengah-atas/baik,-
Tojo Una-Una,174355,22746128B20933115656615,Tojo Una-Una,100.0,5447.00826217306,32.00931439939506,41.53524397834912,31.24816666666668,20.29142219215156,13.720463178294578,44.33843031123139,164.40406976744185,7390,1032,True,True,0.0557768924302788,0.1842629482071713,0.1739853335661338,284.0,0.2592592592592593,0.1978557504873294,0.1465598151757995,353.0,Jarang: perluasan cakupan,True,0,Rendah,-
Tolikara,250038,22746128B10432975654062,Tolikara,100.0,3643.986062343117,68.61661809958275,59.211713866471015,6.9534625000000005,13.276482758620691,2.1019625,98.14600146735144,389.0625,1363,80,True,False,,,,,0.3703703703703704,0.3469785575048733,0.2184679806512164,245.0,Jarang: perluasan cakupan,False,0,,-
Toli-Toli,238049,22746128B86630799177927,Toli-Toli,100.0,3589.908751682733,66.31059908929913,32.055197319933,41.9753409715857,17.976613400335,15.97743583868011,47.59039642657733,59.05728689275894,8955,2182,True,True,0.2749003984063745,0.3147410358565737,0.2282185997047666,207.0,0.1208576998050682,0.327485380116959,0.2879062503562349,140.0,Jarang: perluasan cakupan,True,0,Menengah-bawah,-
Toraja Utara,286668,22746128B99951949618583,Toraja Utara,100.0,1238.8073607498618,231.40643903381164,42.04528956228957,41.38227412777525,20.79072091283201,25.546975985500683,20.81406659184437,29.735840507476208,2673,2207,True,True,0.4890438247011952,0.5039840637450199,0.2575137696227044,154.0,0.4785575048732943,0.5146198830409356,0.2683446758546789,165.0,Padat: upgrade kapasitas,True,0,Menengah-bawah,-
Trenggalek,750476,22746128B86316028646138,Trenggalek,100.0,1248.0771530076736,601.3057752010511,25.57366742621065,49.71385357899886,23.671050406746456,20.36865644872004,17.48479492312279,26.986466655796512,46958,6133,True,True,0.7091633466135459,0.7161354581673307,0.2082784400247615,228.0,0.3518518518518518,0.7222222222222222,0.4681069958847736,10.0,Padat: upgrade kapasitas,True,0,Menengah-atas/baik,-
Tuban,1237088,22746128B21203406788524,Tuban,100.0,1977.277200404132,625.6522857529303,37.381133733133424,59.50776907008572,34.56234073347941,24.619337535114887,16.108972436858494,25.30965929554131,86710,13883,True,True,0.844621513944223,0.7768924302788844,0.1207123696449263,383.0,0.4746588693957115,0.7816764132553606,0.4106467707062761,35.0,Padat: upgrade kapasitas,True,0,Menengah-atas/baik,-
Tulang Bawang Barat,304759,22746128B7348236235073,Tulang Bawang Barat,100.0,1306.476985518469,233.26779069059364,32.37106402288646,34.90204012263396,26.81974440169676,14.169349506798184,20.26881720430108,24.197147427352707,10137,7502,True,True,0.5039840637450199,0.5169322709163346,0.2564066443389787,158.0,0.3528265107212476,0.5272904483430799,0.3412483993175488,95.0,Padat: upgrade kapasitas,True,0,Menengah-atas/baik,-
Tulangbawang,460341,22746128B49188423555547,Tulangbawang,100.0,3092.73776798677,148.84579118379662,28.80686472282218,41.82636938202247,22.94160431965443,19.152453125,17.07458603311735,31.9561095505618,13890,5696,True,True,0.447211155378486,0.5637450199203187,0.3116319582228853,74.0,0.3732943469785575,0.5730994152046783,0.3591646432520547,75.0,Jarang: perluasan cakupan,True,0,Menengah-bawah,-
Tulungagung,1125005,22746128B2754392863745,Tulungagung,100.0,1150.4011475483649,977.9240940410336,36.89154369316262,49.712274444508246,32.73037456818014,22.011140954240112,12.647602008426157,21.71665614055233,121289,17417,True,True,0.8167330677290836,0.8077689243027888,0.1480373327407501,339.0,0.5263157894736842,0.8118908382066277,0.3845798707294552,54.0,Padat: upgrade kapasitas,True,0,Menengah-atas/baik,-
Wajo,393747,22746128B4429389080756,Wajo,100.0,2504.7285284753407,157.20146735410032,47.14233533042847,34.951960572429904,21.042568990559182,16.225635879088784,25.562182280319536,27.85484813084112,11016,13696,True,True,0.4312749003984064,0.5348605577689243,0.3041886239900953,81.0,0.4902534113060428,0.5448343079922027,0.2777274299024581,155.0,Jarang: perluasan cakupan,True,0,Menengah-bawah,-
Wakatobi,121788,22746128B42553963392557,Wakatobi,100.0,463.2019232154871,262.92636946445225,35.01944627871785,32.473601081081085,14.690452194249554,14.939836756756756,60.97468702710138,51.79567567567568,7269,925,True,True,0.149402390438247,0.3525896414342629,0.2999119061602197,86.0,0.1033138401559454,0.3615984405458089,0.32424031705862,108.0,Padat: upgrade kapasitas,True,0,Rendah,-
Waropen,36783,22746128B12986554349068,Waropen,100.0,10796.339479981987,3.4069880877867105,90.82030235478804,41.180103448275865,17.989034536891683,21.244592672413788,95.88257456828885,83.9375,3185,464,True,True,0.2171314741035857,0.0089641434262948,0.0070177457500674,499.0,0.4824561403508772,0.0116959064327485,0.0060531445572996,510.0,Jarang: perluasan cakupan,True,0,Rendah,-
Way Kanan,509245,22746128B8708218473228,Way Kanan,100.0,3650.971766680149,139.48204273928408,34.32648032629558,35.74959849272349,19.12841026871401,14.538247141372144,26.144625719769675,36.37006237006237,10420,3848,True,True,0.2848605577689242,0.5727091633466135,0.4095669116363232,14.0,0.2982456140350877,0.5818713450292398,0.4083307684415717,37.0,Jarang: perluasan cakupan,True,4,Menengah-bawah,Pendukung
Wonogiri,1059766,22746128B32217084331074,Wonogiri,100.0,1922.75300010492,551.1711592399914,36.67222276618363,47.9940585531005,35.76035560155915,21.12559183891661,15.423142915757474,22.589094796863865,107238,28060,True,True,0.7739043824701195,0.7460159362549801,0.1686709337947017,298.0,0.4775828460038986,0.7514619883040936,0.3925766332660761,52.0,Padat: upgrade kapasitas,True,0,Menengah-atas/baik,-
Wonosobo,941526,22746128B92173297199140,Wonosobo,100.0,993.8601522305069,947.3425389748708,33.05725863058348,46.74498856664806,30.673766193820875,20.20805688789738,16.635139787908003,29.68167875069716,87132,7172,True,True,0.5946215139442231,0.7828685258964143,0.3173580578086061,71.0,0.4171539961013645,0.7875243664717348,0.4590054299708552,13.0,Padat: upgrade kapasitas,True,0,Menengah-atas/baik,-
Yahukimo,382349,22746128B87177062694316,Yahukimo,100.0,14614.752225939435,26.16185304335001,56.76105533980581,10.102678571428568,11.871388673139158,3.7851607142857135,93.09838187702266,112.1875,3090,112,True,True,0.0209163346613545,0.3396414342629482,0.3325373803590419,57.0,0.3586744639376218,0.3489278752436647,0.2237763566377499,238.0,Jarang: perluasan cakupan,True,0,Rendah,-
Yalimo,111371,22746128B10188501962211,Yalimo,100.0,4003.5171224330666,27.818289917120737,74.2931610576923,2.9978965517241383,14.3239375,0.607448275862069,92.90384615384616,803.8275862068965,416,29,True,False,,,,,0.4415204678362573,0.1218323586744639,0.0680408786749199,454.0,Jarang: perluasan cakupan,False,0,,-
